:020000040800F2
:10000000980F0120D1030008999E00086172000832
:10001000919E00089116000821DC000800000000F5
:1000200000000000000000000000000091B2000885
:10003000211900080000000081A3000859B8000839
:10004000EB030008EB030008EB030008EB030008D8
:10005000EB030008EB030008EB030008EB030008C8
:10006000EB030008EB030008EB030008EB030008B8
:10007000EB030008EB030008EB030008EB030008A8
:10008000EB030008EB030008EB030008EB03000898
:10009000EB030008EB030008EB030008EB03000888
:1000A000EB030008EB030008EB030008EB03000878
:1000B000EB03000839BA0008EB030008EB03000863
:1000C000EB030008EB030008EB030008EB03000858
:1000D000EB030008EB030008EB030008EB03000848
:1000E000EB030008EB03000800000000EB0300082E
:1000F000EB030008EB030008EB030008EB03000828
:10010000EB030008EB030008EB030008EB03000817
:10011000EB030008EB03000849BA000859BA0008CD
:10012000EB030008EB030008EB030008EB030008F7
:10013000EB030008EB030008EB030008EB030008E7
:1001400000000000000000000000000000000000AF
:10015000EB030008EB030008C9160008EB030008D6
:10016000EB030008EB030008EB030008EB030008B7
:10017000EB030008EB030008B9160008EB030008C6
:10018000EB030008EB030008EB030008EB03000897
:10019000EB030008EB030008EB030008EB03000887
:1001A000EB030008EB030008EB030008EB03000877
:1001B000EB030008EB030008EB030008EB03000867
:1001C000EB030008EB030008EB030008EB03000857
:1001D000EB030008EB030008EB030008EB03000847
:1001E000EB030008EB030008EB030008EB03000837
:1001F000EB030008EB030008EB030008EB03000827
:10020000EB030008EB030008EB030008EB03000816
:1002100019BA000829BA0008EB030008EB0300082C
:10022000EB030008EB030008EB03000800000000EC
:10023000EB030008EB03000800000000EB030008DC
:10024000EB030008EB030008EB030008EB030008D6
:10025000EB030008EB030008EB030008EB030008C6
:10026000EB030008EB030008EB030008EB030008B6
:10027000EB030008EB030008EB030008000000009C
:10028000EB030008EB030008EB030008000000008C
:1002900000000000EB03000800F002F800F088F80E
:1002A00014A696E8000CB244B344DA4501D100F03C
:1002B0007FF8BAE80F000FA696E83000A5EB04051A
:1002C00004EB0607AAEB0704A7F101074FEA15158F
:1002D0004FEA3414A4F10104AC4201D300F068F8F1
:1002E00013F0010F18BFFB1A43F0010300F001F8EF
:1002F000DBE718471020010030200100103A24BF2E
:1003000078C878C1FAD8520724BF30C830C144BF7A
:1003100004680C6070470000704700000023002450
:1003200000250026103A28BF78C1FBD8520728BF05
:1003300030C148BF0B607047662910F07E85652983
:1003400010F07B85672910F07885612910F077859A
:10035000692900F04D81642900F04A81752900F077
:1003600047816F2900F0DE81782900F0058203685B
:10037000DB0928BF41F08001632900F0C487E3292D
:1003800000F0D787002070471FB510F049FD01F03D
:1003900009F804000020002110F0FCFC401C606003
:1003A0000020002110F0E0FCE0601FBD10B510BD82
:1003B00001F0F8F81146FFF7E7FF0FF065F801F0DC
:1003C00016F903B4FFF7F2FF03BC01F057F9000080
:1003D0000948804709480047FEE7FEE7FEE7FEE7D9
:1003E000FEE7FEE7FEE7FEE7FEE7FEE70448054915
:1003F000054A064B7047000049B9000899020008F9
:1004000098090120980F0120980B0120980B0120DA
:1004100053EA020C00F069802DE9F04B4FF0000622
:10042000002B1FBFB3FA83F503FA05F424FA05F68F
:100430005E4012BF1643B2FA82F502FA05F4C5F126
:1004400020051EBF22FA05FC44EA0C04203556EABA
:10045000044C4FEA144418BF641C4FF000084FF0DE
:100460000009904271EB030C39D3002919BFB1FA8E
:1004700081F701FA07F6B0FA80F700FA07F6C7F13C
:1004800020071EBF20FA07FC46EA0C062037B6FB01
:10049000F4FCA7EB0507103F07F01F0BCBF120067C
:1004A0002CFA06F60CFA0BFB44BFB3460026202FAD
:1004B000A4BF5E464FF0000B5BEA060C08BF4FF08E
:1004C000010B19EB0B0948EB0608ABFB027C06FBA2
:1004D00002CC0BFB03CCC01B71EB0C01C1E70B463C
:1004E000024641464846BDE8F08B13B5084318BFA5
:1004F0004FF0FF300146AFF30080BDE81C4070476D
:100500000FB41CB5084B06AA7B44694600900598B9
:1005100000F0D7FE04460020694600F0E5FE2046C4
:100520001CBC5DF814FB0000DD0D000070B5044636
:1005300085690068C10601D5302600E02026C00785
:1005400007D070BDD4E9012130469047206A401C95
:1005500020626D1EF6D570BD70B5044685690078C1
:10056000C00707D170BDD4E9012120209047206A3F
:10057000401C20626D1EF6D570BD09684A0501D584
:1005800040B27047C905FCD500B2704709684A05FA
:1005900001D5C0B27047C905FCD580B2704770B5AF
:1005A0000C460546012A05D02878800600D5EA6960
:1005B000002302E0012305E05B1C934202D2E05CD1
:1005C0000028F9D1A869E618C01AA861286A184459
:1005D00028622846FFF7AAFF04E0D5E9012114F8B4
:1005E000010B9047B442F8D32846FFF7B5FF70BD22
:1005F0002DE9F0410646002410687529314616A5FC
:1006000010D0FFF7BAFF002802DA404213A507E036
:1006100031688A0701D512A502E0490704D511A562
:10062000012401E0FFF7B2FF00210A2206F12407AE
:1006300009E0B0FBF2FCB0FBF2F302FB1C0030302F
:1006400078541846491C0028F3D123462A463046E0
:10065000BDE8F04100F04BBA000000002D000000A2
:100660002B000000200000002DE9FF5F15468A46A0
:100670000446DFF8AC80F8440027D8E900103E4675
:10068000CDE9001010E03AF816106A4602A800F012
:100690005CFE411C07D02178890603D5E269391830
:1006A00091420DD80744761C2078800602D5E06977
:1006B000B84205DDAE42E6DB3AF816000028E2D18A
:1006C000A069C01BA0612046FFF730FFD8E90010E9
:1006D000CDE90010002017E03AF818106A4602A889
:1006E00000F033FEB0F1FF3F81460BD000250DF145
:1006F000080B05E0D4E901211BF8050090476D1CAB
:100700004D45F7D308F10100B0428046E4DB206A92
:10071000384420622046FFF71FFFBDE8FF9F00001E
:10072000CA07010070B5044621461068FFF72EFF86
:10073000002104F1240505E000F007023032C00872
:100740006A54491C0028F7D12068002308A2050735
:1007500008D500F02000084304D0E069012305A279
:10076000401EE0612046BDE8704000F0C0B90000C6
:10077000000000003000000070B504460D46214620
:100780001068FFF703FF2188090502D50F4A7A4454
:1007900002E00E4A7A440E32002104F1240305E0FF
:1007A00000F00F060009965D5E54491C0028F7D141
:1007B00020780023000704D5702D02D009B1022350
:1007C00011322046BDE8704000F091B9BA06010030
:1007D0002DE9F05F894604464FF0000ADFF874B156
:1007E000FB44C0F820A02046E1688847002874D068
:1007F000252806D0D4E901219047206A401C2062B8
:10080000F1E700265F462046E16888472028054634
:1008100007DB312D05D2781910F8200C08B10643FA
:10082000F1E7B00701D526F00406C4F81CA00027A4
:10083000C4F818A02A2D09D0284610F08DFA38B334
:1008400004EB8708303DC8F8185019E059F8041B2C
:10085000204604EB87029161E1688847012F054635
:1008600018D1E069002820DA26F020061DE0D8F82B
:10087000180000EB800005EB40003038C8F8180085
:100880002046E1688847054610F066FA0028EED158
:10089000012F0AD02E2D08D12046E16888477F1C01
:1008A0000546022F46F02006C4DBA069002803DAC3
:1008B000404246F00106A061F00701D026F0100684
:1008C0006C2D0BD0682D09D04C2D39D06A2D35D028
:1008D000742D35D07A2D33D016E038E0E1682F46FC
:1008E00020468847B842054609D16C2F26D04FF4E0
:1008F0008060E168064320468847054604E06C2F87
:100900001AD04FF4807006430DB3A5F141001928A9
:1009100002D8203546F400664A462946204626601D
:100920004E46FFF709FD80B101280BD0F61D26F0D9
:10093000070000F1080956E74020E4E78020D8E7E7
:100940000020D6E706F104094DE7284652E7206A61
:10095000BDE8F09F90060100032A40F2308010F0BD
:10096000030C00F0158011F8013BBCF1020F62444A
:1009700098BF11F801CB00F8013B38BF11F8013BDB
:10098000A2F1040298BF00F801CB38BF00F8013B88
:1009900011F0030300F02580083AC0F0088051F8F8
:1009A000043B083A51F804CBA0E80810F5E7121D03
:1009B0005CBF51F8043B40F8043BAFF30080D20722
:1009C00024BF11F8013B11F801CB48BF11F8012BEE
:1009D00024BF00F8013B00F801CB48BF00F8012B11
:1009E000704710B5203AC0F00B80B1E81850A0E86D
:1009F0001850B1E81850A0E81850203ABFF4F5AFED
:100A00005FEA027C24BFB1E81850A0E8185044BF48
:100A100018C918C0BDE810405FEA827C24BF51F8B5
:100A2000043B40F8043B08BF7047D20728BF31F8A9
:100A3000023B48BF11F8012B28BF20F8023B48BFFA
:100A400000F8012B704702F0FF0343EA032242EA59
:100A5000024200F024B84FF000020429C0F01280D6
:100A600010F0030C00F01B80CCF1040CBCF1020F61
:100A700018BF00F8012BA8BF20F8022BA1EB0C0136
:100A800000F00DB85FEAC17C24BF00F8012B00F82C
:100A9000012B48BF00F8012B70474FF0000200B552
:100AA000134694469646203922BFA0E80C50A0E891
:100AB0000C50B1F12001BFF4F7AF090728BFA0E83F
:100AC0000C5048BF0CC05DF804EB890028BF40F80B
:100AD000042B08BF704748BF20F8022B11F0804F4D
:100AE00018BF00F8012B70477047704770472DE919
:100AF000F0470D4699469246044600F124080168E5
:100B0000880604D5E06921F01001216000E0012091
:100B1000A84201DD471B00E00027A1697A1902EB1A
:100B20000900081AA0612078C00602D42046FFF709
:100B3000FDFC002608E0D4E901211AF806009047E0
:100B4000206A401C761C20624E45F4DB2078C006EB
:100B50000AD52046FFF7EAFC06E0D4E9012130205F
:100B60009047206A401C2062381EA7F10107F4DC80
:100B700007E0D4E9012118F805009047206A401CDD
:100B80002062281EA5F10105F3DC2046FFF7E4FCF6
:100B90002078000602D50220BDE8F0870120FBE79F
:100BA0002DE9FF4F0C461E464FF0FF378BB0D2E9C0
:100BB0000001DDF860800A908A46C1F30A5505B944
:100BC0003D46002108464FF00000BAF1000F00F446
:100BD000400005DA00EB80004FF4400101EA5000CC
:100BE0004FEA9059B9F1010F00DDB9460A9850EA71
:100BF0004A000ED044F61050A5F2FF3545432F149D
:100C0000B8F1000F1ED07542291E1EDDC9F1000289
:100C10001CE0B8F1010F4FF0000001D0302103E0DB
:100C2000F24305E02154401CB042FBDB3046002279
:100C3000002121540B99C1F80880C1E900200FB0B0
:100C4000BDE8F08FBD1B6D1CDEE74A4600DA694245
:100C500006A800F031FC06AB93E8070003AB83E87D
:100C6000070050460A990FF096FC8DE80700A0F5A2
:100C700000501F3800900398002D0ADD42F21F013A
:100C80004A460844002303A9039068460FF000FF7A
:100C900009E0A0F500504A461F38002303A903903D
:100CA00068460FF00AFF8DE807000004000C03D02F
:100CB0004FF0FF30410800E01046B8F1000F03D0BC
:100CC0000022009215461EE0751E05D400F06EFB52
:100CD000303262556D1EF9D5B3460122084302D069
:100CE00000227F1C04E02078302801D100227F1EE2
:100CF000002A099784D01DE0112D07DA00F056FB79
:100D0000303262556D1C50EA0102F5D1084302D021
:100D10000098C8B10EE00021681E05E0235C625C0B
:100D200063542254401E491C8142F7DBAB46A81B8A
:100D3000401E0990002004F80B000B98099AC0F897
:100D40000880C0E9002B7AE711264FF0000857E72A
:100D50002DE9F04F88460446D21D22F0070191B0DC
:100D6000D1E90001CDE90A010FF0DEFF02460B9840
:100D7000C00F01D02D2007E02068810701D52B206E
:100D800002E0202101EAC000032A099001D0072ACD
:100D900005DB03464146204600F04EFB0BE1207880
:100DA000800601D5E06900E00620B8F1650F8146B4
:100DB00006D0B8F1660F18D0B8F1670F70D131E0E6
:100DC0000020B9F1110F009001DB112301E009F1BE
:100DD00001030AAA01A90CA8FFF7E2FEDDE90C70E5
:100DE000002609F10105834647E001204B460090AB
:100DF0004FF000470AAA01A90CA8FFF7D1FEDDE9D0
:100E00000DB00C995D46002610B909F101000D18CE
:100E1000B9EB050003D4C0F1FF3609F10105A5EBDC
:100E200009002BE0B9F1010F01DA4FF001090020B0
:100E3000B9F1110F0090484601DD112300E003468F
:100E40000AAA01A90CA8FFF7ABFEDDE90C704D461C
:100E500000268346207800070AD4AB4500DA5D46B9
:100E600001A8012D04DD411911F8011C302907D01A
:100E70004F4502DA17F1040F04DA012082460FE031
:100E80006D1EEEE7002F02DCED1B3E4403E0781CF4
:100E9000A84200DD7D1CB81B00F1010A4FF000479D
:100EA0002078000703D4AA4501DB4FF0FF3A002168
:100EB000B7F1004F0DF143088DF8431024D0022004
:100EC0002B23002F01DA7F422D230A21021EA0F1DD
:100ED000010000DC5FB197FBF1FC97FBF1F201FB35
:100EE0001C7C17460CF1300C08F801CDEEE7A8F198
:100EF000010003702188090501D5452100E0652125
:100F0000A0F1010800F8011C09980FA9A1EB08073E
:100F1000FF1D00B10120411901EBEA70A1693844BD
:100F2000081A401EA0612078C00602D42046FFF7B0
:100F3000FDFA099828B1D4E901219047206A401CA4
:100F400020622078C00622D52046FFF7EFFA1EE087
:100F5000002E04DBB34502DD01A8805D00E03020F7
:100F6000D4E901219047206A401C2062761CAAF136
:100F700001005FEA000A0AD100F014FAC0680168B3
:100F8000405CD4E901219047206A401C2062281E61
:100F9000A5F10105DCDC07E0D4E9012118F8010B1B
:100FA0009047206A401C2062381EA7F10107F3DC3D
:100FB0002046FFF7D1FA032011B041E62DE9F04FAA
:100FC00004460D46D21D22F0070089B0D0E90097F3
:100FD000484639460FF0A8FE0246F80F01D02D23EF
:100FE00007E02068810701D52B2302E0202101EAD8
:100FF000C0038DF820300BB1012000E00020032A4F
:10100000824601D0072A04DB2946204600F014FA64
:101010003FE12078800601D40D2500E0E569C7F3A3
:101020000A560D2D49DA00214FEA175B08464FF0AA
:101030000000002F00F4400007DA00EB80004FF4BE
:10104000400100EBD07001EA60008115012901DD4B
:101050004FF0FF3100224FEA850CBCF1180F06D388
:101060001346ACF118004FF08052C24003E04FF439
:10107000801323FA0CF30CF10C0CBCF1200F04D3F9
:10108000ACF1200C09FA0CF001E007FA0CF0002991
:101090004FF0004801DD18B90FE00ED140450CD3E8
:1010A00019EB02095F4121B9404502D19F4329EA6A
:1010B0000209BBEB175F00D0761C2088000502D523
:1010C0007B48784402E07A487844193808AA3023EB
:1010D00002F80A30037C0AF10101002E0AF1020A2B
:1010E00053546A4602DC4FF0300101E04FF0310109
:1010F0004FF001088DF8001002D0A6F2FF3603E091
:1011000059EA470100D06B4E002D02DC2178090717
:1011100004D54FF002082E218DF80110C44600219D
:101120000BE0C7F303433F01C35C491C6D1E02F88B
:101130000830052908F1010801DA002DF1DC002151
:101140000CE000EB1973491C1B786D1E082902F88E
:1011500008304FEA091908F1010801DA002DF0DC26
:1011600021688B0602D516E0A8F10108E04505DDEF
:1011700002EB080313F8013C302BF5D0B8F1000F57
:1011800009DD02EB080313F8013C2E2B03D10907FC
:1011900001D4A8F10108002D05DD3E2102F8081058
:1011A0006D1E08F10108407C002E02F8080008F1CD
:1011B000010804DA2D20764202F8080002E02B2014
:1011C00002F808000A214FF47A70864208F10108FB
:1011D0000BDB96FBF0F3303302F8083096FBF0F3AC
:1011E00008F1010800FB136601E0642E0CDB6420AB
:1011F00096FBF0F3303302F8083096FBF0F308F179
:10120000010800FB136601E00A2E06DB96FBF1F0F5
:10121000303002F8080008F1010896FBF1F001FBFC
:101220001060303002F80800A16908F1010808EBED
:10123000050202EB0A00081AA0612078C00602D459
:101240002046FFF773F9216A08AE01EB0A0020621D
:1012500004E0D4E9012116F8010B9047BAF1010A24
:10126000F7D22078C00602D52046FFF75FF96E4618
:1012700009E016F8010B3E280FD0D4E90121904770
:10128000206A401C2062B8F10108F2D22046FFF724
:1012900063F909B00320BDE8F08F206A284420627A
:1012A00003E0D4E90121302090476D1EEBD3F8E72D
:1012B000D2FD000002FCFFFF01694A1C02610878B0
:1012C000704700B58FB0CDE9013100210591054986
:1012D0007944CDE9031011466846FFF779FA0FB05B
:1012E00000BD0000E5FFFFFF0A6802F8010B0A607D
:1012F000704710B5436913B1AFF3008001E0FFF709
:101300004EF9012010BD127800F124010A7000226C
:101310004A700122EDE711684FF0FF32E9E710B59E
:10132000436913B1AFF3008001E0FFF79DF901209D
:1013300010BD128800F1240182840022C28401229F
:10134000EDE711684FF0FF32E9E72DE9F04116466D
:101350000C46054600F01EF8036893F801010128C9
:1013600007D0FF2C12D8185D80B101202C70BDE889
:10137000F081D3F807013246214603F20713C7185C
:101380002846BC46BDE8F041002360474FF0FF30DF
:10139000EDE7000010B500F005F8001D10BD00BF1E
:1013A000F5F90000004870475800002030B5B0F152
:1013B0000A0271F100034FEA900E4EEA817EB0EB13
:1013C0000E0061EB91014FEA101E4EEA017E10EB18
:1013D0000E0041EB11114FEA102E4EEA016E10EB98
:1013E0000E0041EB11214FEA104E4EEA014E10EB78
:1013F0000E0041EB1141401841F100014FEAD000CD
:1014000040EA41704FEAD1014FEA810444EA907406
:1014100010EB800544EB01046D1944EB0404521BEE
:10142000A3414FF0000348BF0A3200D530BD401C35
:1014300041F1000130BD00002DE9F0411F46044696
:1014400003260168072A01F4006004DB08B116A531
:1014500005E016A503E008B115A500E015A521F0EB
:1014600010002060A069C01EA0610FB1401EA061E5
:101470002046FFF75BF84FB1D4E901213846904789
:10148000206A401C2062C01C206206E0206AFAE745
:10149000D4E9012115F8010B9047761EF8D22046B9
:1014A000FFF75AF8BDE8F0814E414E006E616E00C4
:1014B000494E4600696E66002DE9F04781461646A2
:1014C0008AB0354878440DC88DE80D00324878441C
:1014D000801C03AC0DC884E80D0041F69B30084425
:1014E000372190FBF1F290FBF1F5A5F1800501FBAE
:1014F00012041B3C02D56442012000E00020DFF80A
:1015000098A080460027FA44AAF1BE0A0EE0E00740
:101510000AD03246684607EB470101230AEB8101F6
:101520000FF0CBFA8DE8070064107F1C002CEED181
:10153000194F7F44AE3F19E0E80715D007EB0410C0
:101540000DF1180A90E80E008AE80E00C068F0421B
:1015500001D1981908903246012306A903A80FF07B
:10156000ACFA03AB83E807006D10641C002DE3D1D7
:101570004FF0010332466946B8F1000F03A802D0CC
:101580000FF086FA01E00FF098FAC9E90001C9F8F6
:1015900008200AB0BDE8F08760FA000000487047F4
:1015A000380000207546FFF7F9FFAE460500694692
:1015B000534620F00700854618B020B5FEF716FF09
:1015C000BDE820404FF000064FF000074FF0000844
:1015D0004FF0000BAC46ACE8C009ACE8C009ACE881
:1015E000C009ACE8C00921F007018D46704710B56D
:1015F0000446AFF300802046BDE81040FEF7E1BE90
:1016000030B44FF0013C50F8042BCCFA52F451F8AE
:10161000043BD51A20D1FCB950F8042BCCFA52F473
:1016200051F8043BD51A17D1B4B950F8042BCCFAB1
:1016300052F451F8043BD51A0ED16CB950F8042B72
:10164000CCFA52F451F8043BD51A05D1002CDAD06B
:1016500030BC4FF00000704729BAB1FA81F111F0A7
:101660001801D1F120008440F2D1CA40CB4012F0E1
:10167000FF0213F0FF0330BCD01A70470149182055
:10168000ABBEFEE72600020070470000000000002D
:10169000FEE7000000000000806B816C496D0229AC
:1016A00006D0012180F83510C16C41F04001C164C1
:1016B00000F07EB90000000047F2B040C2F2000026
:1016C00000F05EBA0000000047F20050C2F20000D5
:1016D00001F03EB80000000040F20F42D0F800C018
:1016E000C4F20202944511DC6F22C4F20202944556
:1016F00022DC3F22C4F20202944539DC1022C4F2FB
:10170000020294455AD0282254E000BF40F26F42B2
:10171000C4F2020294451BDC40F23F42C4F20202D2
:1017200094452DDC40F21042C4F20202944545D0AB
:1017300040F228423EE000BF9F22C4F202029445DC
:1017400028DC7022C4F20202944537D0882231E0AE
:1017500040F29F42C4F20202944523DC40F2704200
:10176000C4F20202944529D040F2884222E000BF30
:101770004022C4F20202944520D058221AE000BF51
:1017800040F24042C4F20202944517D040F258425F
:1017900010E000BFA022C4F2020294450ED0B8228D
:1017A00008E000BF40F2B842C4F20202944505D0FE
:1017B00040F2A042C4F20202944517D10CF0F802A4
:1017C0004AF6AB23103ACAF6AA23A2FB03310AA3B6
:1017D0005F2AC1F302115B5C40F2FF312CEA010188
:1017E000C36588BF04318165084670472CF0FF014E
:1017F00081650846704700BF0006101600061016E7
:1018000080B540F20F4ED0F800C0C4F2020EF4458D
:1018100014DC40F26F0EC4F2020EF44524DC40F2F8
:101820003F0EC4F2020EF4453EDC40F2100EC4F24C
:10183000020EF44561D040F2280E5BE040F26F4E9C
:10184000C4F2020EF4451FDC40F23F4EC4F2020E19
:10185000F44533DC40F2104EC4F2020EF4454CD095
:1018600040F2284E46E000BF40F29F0EC4F2020E46
:10187000F4452DDC40F2700EC4F2020EF4453CD06B
:1018800040F2880E36E000BF40F29F4EC4F2020ED6
:10189000F44527DC40F2704EC4F2020EF4452CD021
:1018A00040F2884E26E000BF40F2400EC4F2020E25
:1018B000F44522D040F2580E1CE000BF40F2404EEA
:1018C000C4F2020EF44518D040F2584E12E000BFA8
:1018D00040F2A00EC4F2020EF4450ED040F2B80E53
:1018E00008E000BF40F2B84EC4F2020EF44504D046
:1018F00040F2A04EC4F2020EF445CCF804308068E9
:10190000402805D1CCF80820CCF80C1080BD00BFD1
:10191000CCF80810CCF80C2080BD000000000000BE
:101920007047000000000000EFF3108072B600BFA7
:10193000FEE700000000000090F834C0BCF1010F89
:101940004FF0020C17D080B580F835C0DDF808C024
:10195000D0F800E041EA024143EA0C434FF0000CAA
:10196000CEF82430CEF82010012180F8351080F810
:1019700034C0BDE8804060467047000000000000B1
:1019800090F8341001294FF002010CD080F8351086
:1019900001680A6842F004020A60012180F83510EB
:1019A000002180F834100846704700000000000055
:1019B000704700000000000070B5064601F004FF0B
:1019C00040F2B005C2F200056968401AC0087C28E0
:1019D00006D901F0F9FE68606878A870012001E07E
:1019E00068780130B16C68704EF65C704FF0105240
:1019F0000968CEF200004BF23F030968BFF34F8F36
:101A000009035CBF4BF24002C2F20042A3F5BC6383
:101A1000026002F12004046002F14004046002F15B
:101A20006004046002F18004046002F1A004046018
:101A300002F1C004046002F1E004046002F5807465
:101A4000046002F59074046002F5A074046002F56D
:101A5000B074046002F5C074046002F5D0740460D0
:101A600002F5E074046002F5F074046002F500749D
:101A7000046002F50874046002F51074046002F555
:101A80001874046002F52074046002F52874046080
:101A900002F53074046002F53874046002F5407495
:101AA000046002F54874046002F55074046002F5A5
:101AB0005874046002F56074046002F56874046090
:101AC00002F57074046002F57874046002F58064B5
:101AD000046002F58464046002F58864046002F521
:101AE0008C64046002F59064046002F59464046000
:101AF00002F59864046002F59C64046002F5A06439
:101B0000046002F5A464046002F5A864046002F5B0
:101B1000AC64046002F5B064046002F5B46404606F
:101B200002F5B86413F1210F02F5BC620460FFF402
:101B30006DAFBFF34F8FBFF36F8F4DF27C40002925
:101B4000C2F200000AD44DF63C014FF4F072C2F22A
:101B50000001FEF746FF012009E000BF4DF25C6185
:101B60004FF4F072C2F20001FEF73BFF0020E87074
:101B7000012028703068C16841F00101C16070BD6A
:101B800070B50446006841F299660569C0F6000622
:101B9000690721D4A8072DD4E8063BD4280705D52A
:101BA000206808214161204600F05AF9E80708BF83
:101BB00070BD20680168890703D5C16821F01E0146
:101BC000C160C16821F00101C1600121416120466D
:101BD000BDE87040FFF7F0BE04214161E06C40F0C9
:101BE0000200E06484F83510A06C066500F054FC37
:101BF000A807D1D521680222A06C4A61E16C41F0AE
:101C00000101E164042184F83510066500F044FC0C
:101C1000E806C3D5206810214161204600F058F83D
:101C20002807BDD4C2E7000000284DD0B0B590F819
:101C3000351019B9044600F04FF82046022180F80B
:101C40003510D0F818C04FF20705BCF1000FCFF6E1
:101C5000E0751CBF0021416290E80A40C268102B69
:101C60000C6804EA05040C60D0E9045442EA04025A
:101C7000046A42EA0502456A42EA0E0242EA0402A6
:101C8000846A42EA0502C56A42EA0402046B42EA37
:101C900005020D6842EA040242EA050242EA0C0229
:101CA00042EA03020A6001D1C2698A61CA6842F04D
:101CB0001E02CA600021C164012280F83520BDE8FF
:101CC000B0400846704700BF012070470000000088
:101CD00070470000000000002DE9F04786B040F298
:101CE00000080446C4F6020800680027404505972E
:101CF000CDE903770297019702D006B0BDE8F087DF
:101D000044F2E04040F20049C5F60200C5F602097F
:101D100001AE4FF0020A50F8041C0D2541F00101FC
:101D200040F8041C50F8041C01F0010100910099D6
:101D3000016841F010010160016801F0100100919B
:101D40000099016841F001010160016801F00101A1
:101D500000910099016841F004010160016801F0FF
:101D6000040100910099016841F0080101600168D7
:101D700001F0080100910099016841F00201016041
:101D80000068314600F00200009000987320019036
:101D900009F54060CDE902A70497059501F028FCFC
:101DA00050203146CDE9010A08F180500595CDE972
:101DB000037701F01DFCC0203146CDE9010A09F589
:101DC00080600595CDE9037701F012FC08203146CB
:101DD000CDE9010A09F500600595CDE9037701F029
:101DE00007FC80203146CDE9010A48460595CDE93A
:101DF000037701F0FDFB47F2005540F2B840C2F214
:101E00000005C4F2020028604B20C5E901074FF429
:101E1000806028614FF4805068614FF48040A86171
:101E20004FF48070EF60C5E9070704206862032063
:101E30002F63C5E90A07284601F096F808B1FFF7B5
:101E400073FD4E2005210022A564AC6301F094FED1
:101E50004E2001F07DFE06B0BDE8F08700000000D6
:101E600070470000000000002DE9F04381B0876852
:101E7000802F07D14FF480714165012001B0BDE88A
:101E8000F08300BF90F83470012F03D1022001B01D
:101E9000BDE8F083012780F8347090F83570012F89
:101EA00028D1022780F835700027476540F20F4897
:101EB0000568C4F2020840F26F49DDF820C04FF017
:101EC0003F0E082745454FF48026C4F2020919DC6D
:101ED0006F24C4F20204A54226DC3F24C4F20204AB
:101EE000A5423DDC1024C4F20204A5425FD02824A0
:101EF00058E000BF4FF400614165012001B0BDE82A
:101F0000F08300BF4D451BDC40F23F44C4F20204A5
:101F1000A5422DDC40F21044C4F20204A54246D092
:101F200040F228443EE000BF9F24C4F20204A542D0
:101F300028DC7024C4F20204A54238D0882431E0A1
:101F400040F29F44C4F20204A54223DC40F27044F4
:101F5000C4F20204A5422AD040F2884422E000BF25
:101F60004024C4F20204A54221D058241AE000BF44
:101F700040F24044C4F20204A54218D040F2584452
:101F800010E000BFA024C4F20204A5420FD0B82480
:101F900008E000BF40F2A044C4F20204A54206D00B
:101FA00040F2B844C4F20204A54240F06D822C68AD
:101FB00034432C602B61D0E9163404F01F040EFA70
:101FC00004F6DE5163460446FFF71AFC206845F22A
:101FD0002F414845C5F602011ADC9F22C4F20202D5
:101FE00090422FDC5722C4F20202904256DC1022AB
:101FF000C4F20202904200F094802822C4F202024D
:10200000904200F08E804022C4F2020286E000BFBF
:1020100088422DDC40F2B742C4F2020290424BDC0F
:1020200040F27042C4F2020290427AD040F28842FA
:10203000C4F20202904274D040F2A042C4F2020202
:102040006CE000BF40F22742C4F20202904243DC3F
:10205000A022C4F20202904263D0B822C4F202026B
:1020600090425ED040F21042C4F2020256E000BF3D
:1020700045F26B42C5F6020290423FDC45F2304227
:10208000C5F6020290424CD045F24442C5F6020227
:10209000904246D045F258423EE000BF5822C4F27A
:1020A000020290423DD07022C4F20202904238D027
:1020B0008822C4F2020231E040F2B842C4F20202C5
:1020C00090422ED045F20842C5F60202904228D036
:1020D00045F21C4220E000BF40F22842C4F2020256
:1020E00090421ED040F24042C4F20202904218D008
:1020F00040F25842C4F2020210E000BF45F26C42C6
:10210000C5F6020290420CD045F29442C5F6020296
:10211000904206D045F28042C5F60202904240F05D
:10212000A581626EE36E002BA36E53601CBFD4E9E1
:102130001C235360404511DC6F22C4F2020290421E
:102140001EDC3F22C4F20202904235DC1022C4F2AF
:102150000202904257D0282250E000BF48451BDCC5
:1021600040F23F42C4F2020290422DDC40F21042A3
:10217000C4F20202904246D040F228423EE000BF44
:102180009F22C4F20202904228DC7022C4F20202B2
:10219000904238D0882231E040F29F42C4F20202DD
:1021A000904223DC40F27042C4F2020290422AD0F4
:1021B00040F2884222E000BF4022C4F20202904274
:1021C00021D058221AE000BF40F24042C4F202027D
:1021D000904218D040F2584210E000BFA022C4F252
:1021E000020290420FD0B82208E000BF40F2B8428D
:1021F000C4F20202904206D040F2A042C4F20202AF
:10220000904240F0338102680B2363F34402026082
:10221000426942F080024261226C0AB9A26C1AB192
:10222000082203681A430260484519DC9F21C4F262
:10223000020188422EDC5721C4F20201884255DC9B
:102240001021C4F20201884200F092802821C4F2D9
:102250000201884200F08C804021C4F2020185E036
:1022600088422DDC40F2B741C4F2020188424BDCC7
:1022700040F27041C4F20201884279D040F28841B4
:10228000C4F20201884273D040F2A041C4F20201BC
:102290006CE000BF40F22741C4F20201884243DCF7
:1022A000A021C4F20201884262D0B821C4F2020126
:1022B00088425DD040F21041C4F2020156E000BFF6
:1022C00045F26B41C5F6020188423FDC45F23041E0
:1022D000C5F6020188424BD045F24441C5F60201E1
:1022E000884245D045F258413EE000BF5821C4F233
:1022F000020188423CD07021C4F20201884237D0EA
:102300008821C4F2020131E040F2B841C4F2020176
:1023100088422DD045F20841C5F60201884227D0F7
:1023200045F21C4120E000BF40F22841C4F2020106
:1023300088421DD040F24041C4F20201884217D0C9
:1023400040F25841C4F2020110E000BF45F26C4176
:10235000C5F6020188420BD045F29441C5F6020150
:10236000884205D045F28041C5F60201884274D109
:10237000216E0A68D20303D50A6842F480720A60AB
:10238000E16E19B10A6842F480720A60404511DCBE
:102390006F21C4F2020188421EDC3F21C4F2020117
:1023A000884235DC1021C4F20201884255D0282130
:1023B00050E000BF48451BDC40F23F41C4F202013F
:1023C00088422DDC40F21041C4F20201884244D020
:1023D00040F228413EE000BF9F21C4F20201884242
:1023E00028DC7021C4F20201884236D0882131E015
:1023F00040F29F41C4F20201884223DC40F2704166
:10240000C4F20201884228D040F2884122E000BF95
:102410004021C4F2020188421FD058211AE000BFB7
:1024200040F24041C4F20201884216D040F25841C5
:1024300010E000BFA021C4F2020188420DD0B821F3
:1024400008E000BF40F2B841C4F20201884204D063
:1024500040F2A041C4F202018842016841F001014A
:102460000160002001B0BDE8F08300BF02680523D1
:1024700063F343020260226C1AB9A26C002A3FF493
:10248000D3AE0422CDE600BF4FF0010E042748F280
:1024900020068CE500000000F0B190F8351002290C
:1024A00018D180B540F20F420168C4F20202914295
:1024B00014DC6F23C4F20203994225DC3F23C4F2EB
:1024C000020399423CDC1023C4F2020399425DD01E
:1024D000282357E0802141650120704740F26F4377
:1024E000C4F2020399421BDC40F23F43C4F20203F0
:1024F00099422DDC40F21043C4F20203994245D0C8
:1025000040F228433EE000BF9F23C4F202039942F9
:1025100028DC7023C4F20203994237D0882331E0CB
:1025200040F29F43C4F20203994223DC40F270431D
:10253000C4F20203994229D040F2884322E000BF4E
:102540004023C4F20203994220D058231AE000BF6E
:1025500040F24043C4F20203994217D040F258437C
:1025600010E000BFA023C4F2020399420ED0B823AA
:1025700008E000BF40F2B843C4F20203994205D01C
:1025800040F2A043C4F20203994275D191424FF048
:10259000040280F8352011DC6F20C4F20200814271
:1025A00022DC3F20C4F20200814239DC1020C4F258
:1025B0000200814259D0282054E000BF40F26F4011
:1025C000C4F2020081421BDC40F23F40C4F2020030
:1025D00081422DDC40F21040C4F20200814244D01E
:1025E00040F228403EE000BF9F20C4F2020081423A
:1025F00028DC7020C4F20200814236D0882031E00D
:1026000040F29F40C4F20200814223DC40F270405D
:10261000C4F20200814228D040F2884022E000BF8C
:102620004020C4F2020081421FD058201AE000BFAF
:1026300040F24040C4F20200814216D040F25840BD
:1026400010E000BFA020C4F2020081420DD0B820EB
:1026500008E000BF40F2B840C4F20200814204D05A
:1026600040F2A040C4F202008142086820F001005C
:102670000860002080BD00BF0A6822F00E020A60D8
:1026800045F25742C5F6020291420A6822F0010261
:102690000A600FDC45F22F42C5F60202914219DCB6
:1026A00045F20842C5F60202914229D045F21C4289
:1026B00022E000BF45F27F42C5F60202914213DCE0
:1026C00045F25842C5F60202914219D045F26C42D9
:1026D00012E000BF45F23042C5F6020291420FD02F
:1026E00045F2444208E000BF45F29442C5F60202BA
:1026F000914205D045F28042C5F6020291421AD1BC
:10270000D0E9181CD0E916E30A6822F480720A6046
:1027100003F01F01012202FA01F1CEF80410816ECC
:10272000CCF80410C16E31B10A6822F480720A60DC
:10273000D0E91C124A60012180F83510016D002299
:10274000002980F8342094D08847002080BD000004
:102750002DE9F04782B00021019140F20C0148F2CE
:10276000B513C2F20001C1F64E33856D40F26F49D8
:102770000A680168C4F202092E68A2FB03284945D1
:102780002A6815DC9F22C4F2020291422CDC5722F7
:10279000C4F20202914251DC1022C4F202029142C0
:1027A0007BD02822C4F20202914276D040226FE010
:1027B00045F22F43C5F60203994229DC40F2B743A4
:1027C000C4F20203994245DC40F27042C4F20202B4
:1027D000914262D040F28842C4F2020291425CD03F
:1027E00040F2A04254E000BF40F22742C4F202028D
:1027F00091423FDCA022C4F2020291424DD0B822A5
:10280000C4F20202914248D040F2104240E000BFC0
:1028100045F26B43C5F60203994275DC45F230433D
:10282000C5F60203994200F0828045F24443C5F6A2
:10283000020399427BD045F2584373E05822C4F218
:102840000202914229D07022C4F20202914224D0A5
:1028500088221DE040F2B843C4F2020399421CD022
:1028600045F20843C5F60203994260D045F21C4385
:1028700058E000BF40F22842C4F2020291420CD05C
:1028800040F24042C4F20202914206D040F2584265
:10289000C4F20202914240F05383C26D082302F059
:1028A0001F0240F20F4A9340C4F2020A334200F082
:1028B000DE8051454FF0040412DC6F27C4F202079A
:1028C000B9426DDC3F27C4F20207B94200F39C8095
:1028D0001027C4F20207B94200F0BD802827B5E0F6
:1028E000494569DC40F23F47C4F20207B94200F3B0
:1028F000938040F21047C4F20207B94200F0AB8067
:1029000040F22847A2E000BF45F26C43C5F602033F
:1029100099420CD045F28043C5F60203994206D095
:1029200045F29443C5F60203994240F009830B68CF
:10293000C76D07F01F070426BE40164218BF13F0EC
:10294000040423D10226BE40164218BF13F002042D
:1029500042D1FA40120740F1F38213F0080200F06E
:10296000EF820A6822F00E020A60012101FA07F2E2
:102970006A60416580F83510C16C00294FF0000293
:1029800080F8342040F0D882DAE200BF1A046E608A
:1029900034D49A0636D40A6822F004020A6031E080
:1029A0009F27C4F20207B94240DC7027C4F2020735
:1029B000B94250D0882749E040F29F47C4F202074D
:1029C000B9423BDC40F27047C4F20207B94242D040
:1029D00040F288473AE000BF1A046E6000F1B4820A
:1029E0009A0600F1B5820A6822F00A020A60012103
:1029F00080F83510002180F83410A9E2D90301D401
:102A0000816C98E2016C96E24027C4F20207B94259
:102A100021D058271AE000BF40F24047C4F2020715
:102A2000B94218D040F2584710E000BFA027C4F2C6
:102A30000207B9420FD0B82708E000BF40F2A04714
:102A4000C4F20207B94206D040F2B847C4F2020706
:102A5000B94218BF08240F68274208D00F6827F032
:102A600004070F60AB60436D43F00103436501232E
:102A7000934033426FD0514510DC6F27C4F20207F8
:102A8000B9421DDC3F27C4F20207B94234DC1027EB
:102A9000C4F20207B94256D028274FE049451BDC53
:102AA00040F23F47C4F20207B9422DDC40F2104722
:102AB000C4F20207B94246D040F228473EE000BFC8
:102AC0009F27C4F20207B94228DC7027C4F202072C
:102AD000B94238D0882731E040F29F47C4F202075C
:102AE000B94223DC40F27047C4F20207B9422AD04F
:102AF00040F2884722E000BF4027C4F20207B942F3
:102B000021D058271AE000BF40F24047C4F2020724
:102B1000B94218D040F2584710E000BFA027C4F2D5
:102B20000207B9420FD0B82708E000BF40F2A04723
:102B3000C4F20207B94206D040F2B847C4F2020715
:102B4000B94240F007824F693F0604D5AB60436D40
:102B500043F0020343650423934033426FD0514551
:102B600010DC6F27C4F20207B9421DDC3F27C4F214
:102B70000207B94234DC1027C4F20207B94256D02A
:102B800028274FE049451BDC40F23F47C4F20207CB
:102B9000B9422DDC40F21047C4F20207B94246D0D8
:102BA00040F228473EE000BF9F27C4F20207B94227
:102BB00028DC7027C4F20207B94238D0882731E0F8
:102BC00040F29F47C4F20207B94223DC40F270474B
:102BD000C4F20207B9422AD040F2884722E000BF7F
:102BE0004027C4F20207B94221D058271AE000BF9B
:102BF00040F24047C4F20207B94218D040F25847A9
:102C000010E000BFA027C4F20207B9420FD0B827D6
:102C100008E000BF40F2A047C4F20207B94206D064
:102C200040F2B847C4F20207B94240F09B810F68F6
:102C3000BF0704D5AB60436D43F004034365102325
:102C400003FA02F2324200F0828051454FF008034D
:102C500010DC6F27C4F20207B9421DDC3F27C4F223
:102C60000207B94234DC1027C4F20207B94256D039
:102C700028274FE049451BDC40F23F47C4F20207DA
:102C8000B9422DDC40F21047C4F20207B94246D0E7
:102C900040F228473EE000BF9F27C4F20207B94236
:102CA00028DC7027C4F20207B94238D0882731E007
:102CB00040F29F47C4F20207B94223DC40F270475A
:102CC000C4F20207B9422AD040F2884722E000BF8E
:102CD0004027C4F20207B94221D058271AE000BFAA
:102CE00040F24047C4F20207B94218D040F25847B8
:102CF00010E000BFA027C4F20207B9420FD0B827E6
:102D000008E000BF40F2A047C4F20207B94206D073
:102D100040F2B847C4F20207B94218BF04230F6853
:102D20001F4214D0AA600A6852030A6808D4D20568
:102D300008D40A6822F008020A60016C21B906E092
:102D4000110351D4016C11B1044688472046C16D6E
:102D500001F01F02202101FA02F3334200F0AF809C
:102D600001681027514511DC6F26C4F20206B142FA
:102D70001EDC3F26C4F20206B14239DC1026C4F242
:102D80000206B1425BD0282654E000BF49451BDC57
:102D900040F23F46C4F20206B14231DC40F2104636
:102DA000C4F20206B1424AD040F2284642E000BFD7
:102DB0009F26C4F20206B1422CDC7026C4F2020641
:102DC000B1423CD0882635E040F29F46C4F202066C
:102DD000B14227DC40F27046C4F20206B1422ED066
:102DE00040F2884626E000BF816C0029ACD1AEE7F6
:102DF0004026C4F20206B14221D058261AE000BF94
:102E000040F24046C4F20206B14218D040F25846A1
:102E100010E000BFA026C4F20206B1420FD0B826CF
:102E200008E000BF40F2A046C4F20206B14206D05C
:102E300040F2B846C4F20206B14218BF02270E683B
:102E40003E423CD0AB6090F83530042B0B681DD16E
:102E500023F016030B604B6923F080034B61036C76
:102E60000BB9836C1BB10B6823F008030B603F2187
:102E70009140A960012180F83510016D00294FF0C3
:102E8000000280F8342057D15AE000BF5A030A6884
:102E90000CD4D2050ED40A6822F010020A60012177
:102EA00080F83510002180F8341003E0110301D4BC
:102EB000416C00E0C16B11B1044688472046416D6A
:102EC00000293DD0416DC90734D0042180F8351068
:102ED00001684FEA98220B6823F001030B60019B05
:102EE0000133019393421AD80B68DB0717D0019B7B
:102EF00001330193934212D80B68DB070FD0019B7B
:102F00000133019393420AD80B68DB0707D0019B7A
:102F100001330193934202D80B68DB07DFD10968C4
:102F2000C9074FF0030108BF012180F835100021C7
:102F300080F83410C16C19B102B0BDE8F047084701
:102F400002B0BDE8F08700BFD90301D4416CF2E7BD
:102F5000C16BF0E70B680423934033427FF4FFAD6D
:102F60006DE600BF0B686AE62DE9F041044600F00B
:102F70002BFCFCB140F26F4805462068C4F2020801
:102F800040451BDC9F21C4F20201884232DC5721FC
:102F9000C4F20201884259DC1021C4F202018842C5
:102FA00000F083802821C4F20201884200F07D8075
:102FB000402175E00120BDE8F08100BF45F22F41BE
:102FC000C5F60201884229DC40F2B741C4F2020191
:102FD000884247DC40F27041C4F20201884264D06A
:102FE00040F28841C4F2020188425ED040F2A04122
:102FF00056E000BF40F22741C4F20201884241DCA2
:10300000A021C4F2020188424FD0B821C4F20201CB
:1030100088424AD040F2104142E000BF45F26B4185
:10302000C5F60201884200F3B38045F23041C5F68F
:103030000201884200F0BF8045F24441C5F602011A
:10304000884200F0B88045F25841AFE05821C4F200
:103050000201884229D07021C4F20201884224D0A2
:1030600088211DE040F2B841C4F2020188421CD020
:1030700045F20841C5F60201884200F09C8045F205
:103080001C4193E040F22841C4F2020188420CD076
:1030900040F24041C4F20201884206D040F2584159
:1030A000C4F20201884240F01B81022184F83510ED
:1030B000002184F83410016821F00101016000BF93
:1030C00020680168C9070DD000F07EFB401B062870
:1030D000F6D320206065032084F835000120BDE888
:1030E000F08100BF48F23F0204F108060168CFF604
:1030F0001062114065694CCE1143A2691943E3691E
:103100003143266A0D43616A2B43042943EA0603CF
:1031100043EA020303D1D4E90B652E43334341F262
:103120000006C5F600463668B6F1005F0FD3656845
:10313000A5F129061F2E00F235820127B7403F2650
:10314000CCF2C036374200F02D8243F48013036086
:103150000429436923F0070341EA030140F0DC80BE
:10316000D4E90A53002B41EA050100F0D580B2F5FD
:10317000005F00F0B780002A40F0C080022D00F010
:10318000C080012D00F0B480002D00F0BA80C3E0B3
:1031900045F26C41C5F6020188420CD045F28041EF
:1031A000C5F60201884206D045F29441C5F60201F7
:1031B000884240F0958004F1080E022184F8351011
:1031C000002184F834100168A3699EE80450A2F13C
:1031D0008005E769B5FA85F566696D09402A4FEA09
:1031E000853543EA07026FF3101142EA060208BF71
:1031F000102541EADC0142EA0E02236A294341EA32
:10320000D20141EA131140F80819C0B2CD21484358
:103210003C2101EA9020E0652046FEF75DFAE16D71
:10322000012201F01F0102FA01F1416020684045CE
:1032300000F381809F21C4F20201884214DC5721EF
:10324000C4F20201884227DC1021C4F20201884244
:1032500000F0C7802821C4F20201884200F0C1803A
:103260004021C4F20201B9E040F22741C4F2020158
:10327000884221DCA021C4F20201884200F0B18022
:10328000B821C4F20201884200F0AB8040F2104144
:10329000C4F20201A2E000BF5821C4F20201884238
:1032A00000F09F807021C4F20201884200F09980F2
:1032B0008821C4F2020191E040F22841C4F20201E7
:1032C000884200F08E8040F24041C4F20201884200
:1032D00000F0878040F25841C4F202017EE000BF56
:1032E0004020F7E6032D17D8DFE805F00E0B0E029D
:1032F000A3F1C072B2FA82F2520904E0032D03D3A3
:103300000AD1C3F300623AB140206065012084F81D
:103310003500BDE8F08100BF41612046FEF7DCF9D1
:10332000E16D3F2201F01F0102FA01F18160206886
:1033300040457FF77FAF45F22F41C5F60201884235
:1033400016DC40F2B741C4F20201884226DC40F2AA
:103350007041C4F20201884243D040F28841C4F275
:10336000020188423DD040F2A041C4F2020135E0A2
:1033700045F26B41C5F6020188421FDC45F230413F
:10338000C5F6020188422CD045F24441C5F602013F
:10339000884226D045F258411EE000BF40F2B841B5
:1033A000C4F2020188421CD045F20841C5F6020170
:1033B000884216D045F21C410EE000BF45F26C4138
:1033C000C5F6020188420CD045F29441C5F60201CF
:1033D000884206D045F28041C5F60201884240F09D
:1033E000D98045F2574C45F6FC0EC5F6020CC5F6E1
:1033F000020E60450EDC45F22F41C5F602018842FF
:1034000018DC45F20841C5F60201884228D045F291
:103410001C4121E045F27F41C5F60201884213DCE0
:1034200045F25841C5F60201884219D045F26C4177
:1034300012E000BF45F23041C5F6020188420FD0CC
:1034400045F2444108E000BF45F29441C5F602014F
:10345000884205D045F28041C5F60201884247D135
:1034600000F0FC014CF6CD420839CCF6CC42A1FB71
:103470000212AEF1FC05AEF17C061309A26803F05E
:103480001F01802A4FF0010205EB8305256602FA31
:1034900001F26666A26605D1002060602860726055
:1034A0001EE000BF6368D9B25F1E072F29607260FB
:1034B00016D84E1E082E19D260450EF1440237DC94
:1034C00045F22F41C5F60201884241DC45F2084130
:1034D000C5F60201884251D045F21C414AE000BFC6
:1034E00000206067C4E91B0054E000BFE06E4CE0C0
:1034F00000F0F8014AF6AB221039CAF6AA22A1FB65
:10350000021240F20F43C4F2020308251109984247
:1035100003F1AA060B4688BF05EB121340F600051F
:10352000B042C4F2020505F1800628BF0B46A5E7AC
:1035300045F27F41C5F60201884213DC45F258414D
:10354000C5F60201884219D045F26C4112E000BF75
:1035500045F23041C5F6020188420FD045F24441A0
:1035600008E000BF45F28041C5F60201884205D05F
:1035700045F29441C5F6020188421BD10EEB83004F
:103580000121E066B1402267616700210160D4E952
:103590001C01416000206065012184F83510BDE800
:1035A000F08100BFA5F14F07042F38BF43F480130B
:1035B000CDE500BF40F60000C4F2020000F1FC0EB1
:1035C00000F5A072DAE70000B0B5044600F0FCF8A0
:1035D00040F204010546C2F20001621C097818BFDE
:1035E0000C4400BF00F0F0F8401BA042FAD3B0BD7D
:1035F0002DE9F04F83B00F68002F00F0C98000F173
:10360000264642F2004506F1FF76C5F602050A227B
:10361000A8424FEAB62540F2040C08BF092200F187
:1036200020030093092DC5F6000C38BF4FEAB622DF
:10363000002400264FF0000801920AE008F101087A
:103640000F6837FA08F206F1020604F1040400F0EC
:103650009F80012202FA08FE17EA0E09EED0D1F887
:1036600004B003220BF00307B2407D1E6FEA020A8A
:10367000012D11D88268CD6802EA0A02B5402A43BA
:103680008260CBF30015426822EA0E0205FA08F5C3
:103690002A43426004E000BF032F01D103271FE04B
:1036A000C2688D6802EA0A02B540022F42EA0502AA
:1036B000C26015D16FF0030204F01C0502EA580B3A
:1036C000009A0F2352F80BE0AB400F692EEA030378
:1036D000AF403B4342F80B30D1F804B00BF0030786
:1036E000026807FA06F302EA0A021BF4403F42EAC4
:1036F00003020260A2D044F2F44340F2084EC5F641
:103700000203C5F6000E0F251A6842F002021A6085
:103710001A6802F00202029228F00302029B04F0EF
:103720000C0352F80E709D40AF43019D05FA03F360
:103730003B4342F80E304FF0B04EDEF800204B68AD
:1037400042EA0907DD0258BF22EA09079D02CEF8C6
:103750000070DCF8002042EA090758BF22EA090796
:103760009D03CCF80070DCF8802042EA090758BFBE
:1037700022EA0907DB03CCF88070DCF87C2042EAFF
:10378000090758BF22EA0907CCF87C7056E700BF4A
:1037900003B0BDE8F08F00000069084018BF0120A9
:1037A0007047000000000000002A08BF0904816182
:1037B000704700000000000041F20000C5F6004024
:1037C0000068000C7047000040F60C00C2F20100D7
:1037D000006870470000000090F84120202A03D1C3
:1037E00090F84020012A01D102207047242280F85D
:1037F00041200268136823F001031360136823F467
:1038000080531360136819431160116841F001017E
:103810001160202180F84110002180F84010002024
:10382000704700000000000090F84120202A03D1DA
:1038300090F84020012A01D102207047242280F80C
:1038400041200268136823F001031360136823F416
:10385000706343EA01211160116841F001011160B8
:10386000202180F84110002180F84010002070478E
:1038700010B310B590F8411031B9002180F8401014
:10388000044600F04DF82046242180F8411090E8CD
:103890001210C3680A68012B22F001020A6024F0AA
:1038A00070620A618A6822F400428A6006D14CF490
:1038B00000428A600CE000BF01207047022B4CF4EC
:1038C00004428A6004D14A6842F4006203E000BF07
:1038D0004A6822F400624A6000F1100C4A6842F023
:1038E000007242F400424A60CA6822F40042CA6090
:1038F0009CE81C101A4342EA0422CA60026A42EAA7
:103900000C020A600A6842F001020A600021416468
:10391000202280F84120016380F84210002010BD71
:10392000B0B5B8B0044602A80830B82100253395D8
:10393000CDE93655CDE93455FDF7AFF845F6000130
:103940002068C4F20001884202D038B0B0BD00BF88
:103950000820029002A8039500F0AEFB08B1FDF725
:10396000E3FF44F2E04433A9C5F60204206840F0C6
:1039700002002060206800F00200019001984FF4DE
:1039800040603390122034900020CDE935000420AF
:10399000379040F20040C5F60200FFF729FEA0680C
:1039A00040F48000A060A06800F4800001900198BD
:1039B00038B0B0BD0000000040F2040040F60C0139
:1039C000C2F20000C2F2010100780A6810440860E7
:1039D000704700000000000080B5032000F0FCF8F4
:1039E00001F0A6FA44F2184142F21C13C5F6020196
:1039F000C0F601030A68C2F303229A5C096801F069
:103A00000F0102F01F02595CD04040F21002C2F2D6
:103A1000000201F01F0120FA01F1116040F20C01D7
:103A2000C2F2000108600F2000F00AF800281CBF55
:103A3000012080BD00F07CF8002080BD0000000067
:103A4000B0B540F20405C2F200052978F1B1044690
:103A500040F20C00C2F200004FF47A72B2FBF1F1B6
:103A60000068B0FBF1F002F0FBF90F2C01464FF0BB
:103A700001000AD8002918BFB0BD4FF0FF30002266
:103A8000214600F079F800206C60B0BD0120B0BD87
:103A900010B54EF6A05E4378CEF2000E90F800C04E
:103AA0004EF8083CDEF8003023F00103CEF8003079
:103AB00043684EF8043C037BC27A817A447B120649
:103AC00042EA0372837B42EAC141C27B41EA8441FC
:103AD000447A41EA4341007A41EA024141EA042141
:103AE00041EA400040EA0C00CEF8000010BD0000A2
:103AF0004EF62450CEF20000BFF35F8F016821F430
:103B00008031016000210167704700000000000063
:103B10004EF6245140F00100CEF20001086708681B
:103B200040F480300860BFF34F8FBFF36F8F704752
:103B300081B044F2F440C5F60200016841F0020190
:103B40000160006800F002000090009801B070472A
:103B5000002848BF704700F01F01012202FA01F15E
:103B60004EF20012C0F34A10CEF2000242F82010CA
:103B7000704700000000000070B54EF60C5C4FF07E
:103B8000FF36CEF2000C00F1604505F56445DCF827
:103B90000030C3F3022E8EF00703042B28BF04234A
:103BA000BEF1030406FA03F321EA030100F00F0358
:103BB00038BF0024043B0028634406FA04F048BFE1
:103BC00003F10C05A14022EA00000843000128701F
:103BD00070BD0000000000004EF60C514FF6FF03D0
:103BE000CEF200010A681A4060F30A2242F08060B7
:103BF00040F0FD7008607047B0B544F60C05C5F69E
:103C0000020529684907296806D401F00701081A46
:103C100018BF0120B0BD00BF21F007010843286094
:103C2000FFF7D2FD044600BF55F8080C800407D406
:103C3000FFF7CAFD001BB0F57A7FF5D90120B0BDB2
:103C40000020B0BD0000000070B50446FFF7BCFDC9
:103C5000002C66D0054694F8410028B9204600F0B3
:103C600063F841F28830A06420686FF0FF03A16818
:103C7000A66C026822F4F85203EB012111430160A3
:103C80008168890628D44FF62F720168C0F2FF02BE
:103C900063681140E66831432669D4E9072541EAA3
:103CA0000361636911434FF6FE02294301604168D5
:103CB000CFF6E0721140A269194341EA064111436F
:103CC0004160016841F00101016000206064012150
:103CD00084F8411070BD00BFD6B1711C12D181684B
:103CE0008906D0D58168890644BF81685FEA816111
:103CF000C9D581688906F2D4C5E700BF206881680C
:103D00008906C0D5FFF760FD401BB042F6D901E03F
:103D1000FFF75AFD042084F84100606C40F0010078
:103D20006064012070BD00002DE9F043B7B0044687
:103D300002A80830B82100253295CDE93555CDE9E6
:103D40003355FCF7AAFE45F200012068C5F20021B8
:103D5000884203D037B0BDE8F08300BF4FF0007059
:103D6000029002A8039500F0A7F908B1FDF7DCFD69
:103D700044F2E04040F20044C5F60200C5F60204F9
:103D800032AD4FF0040850F80C1C4FF0020941F41A
:103D9000804140F80C1C50F80C1C002701F48041B5
:103DA00001910199016841F0100101600168092643
:103DB00001F0100101910199016841F002010160D7
:103DC000016801F0020101910199016841F00801C7
:103DD00001600068294600F008000190019804F590
:103DE0004060CDF8C880CDF8CC90CDE934773696D8
:103DF000FFF7FEFB20462946CDE93289CDE934772D
:103E00003696FFF7F5FB4FF460502946CDE93209AD
:103E100004F500603696CDE93477FFF7E9FB4020E2
:103E20002946CDE932090A2036902046CDE934777B
:103E3000FFF7DEFB37B0BDE8F083000000000000B4
:103E400080B500F0EDFF44F2204142F21C12C5F6AD
:103E50000201C0F601020968C1F30211515C01F0D0
:103E60001F01C84080BD000080B544F2384EC5F641
:103E7000020E5EF8103C5EF8101C5EF80C2CC1F3CC
:103E8000053CDEF80410BCF1000F19D0C9089FED05
:103E90003C1AD20601EAE27103F003026FF35F31CC
:103EA00000EE101AB8EE400ADFE802F002221022FB
:103EB0005EF8381C89060DD49FED331A18E000BF58
:103EC00000218160C0E9001180BD00BF9FED2D1A67
:103ED0000EE000BF5EF8381C49F20002C0F2D0329A
:103EE000C1F3C10122FA01F101EE101AB8EE411A34
:103EF000DEF800109FED253A6FF35F2102EE101AF5
:103F0000DEF80010C1F34621B8EE422A013100EE7E
:103F1000032A00EE10CAB7EE003AB8EE400A81EE6E
:103F2000000A32EE031A20EE010A01EE101AB8EE72
:103F3000411A80EE011ABCEEC11A80ED001ADEF8BB
:103F40000010C1F30641013101EE101AB8EE411A1A
:103F500080EE011ABCEEC11A80ED011ADEF80010E5
:103F6000C1F30661013101EE101AB8EE411A80EE7C
:103F7000010ABCEEC00A10EE101A816080BD00BFBD
:103F80000024744A20BCBE4B0024744C000000394D
:103F900080B544F2404EC5F6020E5EF8183C5EF85D
:103FA000181C5EF8142CC1F3055CDEF80410BCF19B
:103FB000000F19D0C9089FED3C1AD20501EAE27141
:103FC00003F003026FF35F3100EE101AB8EE400AFF
:103FD000DFE802F0022210225EF8401C89060DD4B0
:103FE0009FED331A18E000BF00218160C0E9001185
:103FF00080BD00BF9FED2D1A0EE000BF5EF8401C93
:1040000049F20002C0F2D032C1F3C10122FA01F13B
:1040100001EE101AB8EE411ADEF800109FED253AB5
:104020006FF35F2102EE101ADEF80010C1F3462193
:10403000B8EE422A013100EE032A00EE10CAB7EEB4
:10404000003AB8EE400A81EE000A32EE031A20EE82
:10405000010A01EE101AB8EE411A80EE011ABCEE08
:10406000C11A80ED001ADEF80010C1F306410131DB
:1040700001EE101AB8EE411A80EE011ABCEEC11A18
:1040800080ED011ADEF80010C1F30661013101EE86
:10409000101AB8EE411A80EE010ABCEEC00A10EE0A
:1040A000101A816080BD00BF0024744A20BCBE4B42
:1040B0000024744C000000392DE9F0470446C07814
:1040C00044F22C480007C5F6020828D5A06E4FEA36
:1040D000305103292AD8DFE801F0030B131B00BF7E
:1040E000D8F8001041F40031C8F8001010E000BF0B
:1040F00004F10800022106F047F9064680B906E0FF
:1041000004F12800022106F0D3F9064640B9A06E5A
:10411000D8F8241021F440110843C8F824000026E0
:104120006078C00706D135462FE000BF01266078D1
:10413000C007F8D0A06D042858D83546DFE800F055
:1041400004140E0B0B0000BFD8F80000354640F4F5
:104150000030C8F800002F46C5B90DE004F1280072
:10416000002106F0A5F904E004F10800002106F0A2
:104170000BF905462F464DB9D8F82400A16D20F063
:10418000070000250843C8F82400374660788007F8
:1041900031D5E06D4FEAB01004285FD8DFE800F0B9
:1041A00004140E0A0A0000BFD8F8000040F40030E2
:1041B000C8F800002E46FDB90EE000BF04F128004B
:1041C000002106F075F904E004F10800002106F072
:1041D000DBF805462E467DB9D8F82400E16D20F4C1
:1041E000E07000250843C8F8240004E001250127F9
:1041F00060788007CDD43E466078400733D5D4F848
:10420000A8004FEA7050042860D8DFE800F00313DC
:104210000D090900D8F8000040F40030C8F800008B
:10422000A9460DBB0EE000BF04F12800002106F0F6
:104230003FF904E004F10800002106F0A5F8054666
:10424000A9468DB9D8F82C00D4F8A81020F4600045
:1042500000250843C8F82C0005E000BF0125012611
:1042600060784007CBD4B1466078000734D5D4F8E5
:10427000AC004FEA306004285ED8DFE800F003139A
:104280000D090900D8F8000040F40030C8F800001B
:104290002F4615BB0EE000BF04F12800002106F0F8
:1042A00007F904E004F10800002106F06DF8054666
:1042B0002F4695B9D8F82C00D4F8AC1020F0E06067
:1042C00000250843C8F82C0006E000BF01254FF088
:1042D000010960780007CAD44F46E078800730D5DE
:1042E000E06C4FEA3010032820D8DFE800F0090323
:1042F000150900BFD8F8000040F40030C8F80000ED
:104300002E46ADB9D8F82000E16C20F03000002531
:104310000843C8F8200014E004F10800022106F068
:1043200033F805462E461DB9ECE700BF01250126EE
:104330006078C00609D434E001250127E0788007C1
:10434000CED43E466078C0062BD5206E4FEA303082
:10435000042839D8DFE800F004140E0A0A0000BF70
:10436000D8F8000040F40030C8F800002F46CDB95E
:104370000EE000BF04F12800002106F099F804E0E7
:1043800004F10800002105F0FFFF05462F464DB956
:10439000D8F82400216E20F4E04000250843C8F836
:1043A000240037466078800635D5606E4FEA30408D
:1043B000052815D8DFE800F0041A0E04040400BF35
:1043C0002E46DDB91EE000BF01250127607880067A
:1043D000EBD420E004F12800012106F069F80AE09E
:1043E000012501266078400619D449E004F108004F
:1043F000012105F0C9FF05462E461DB16078400633
:104400000DD43DE0D8F82400616E20F4E0200025B2
:104410000843C8F824003E466078400630D5D4F8FA
:10442000B0004FEA307005280ED8DFE800F0031323
:10443000070303032F46ADB918E000BF04F12800BD
:10444000012106F035F80AE0012501276078000611
:104450001AD43CE004F10800012105F095FF05465F
:104460002F461DB1607800060ED430E0D8F82C003D
:10447000D4F8B01020F0E04000250843C8F82C0024
:1044800037466078000622D5206F58B1B0F1005F42
:104490000CD0B0F1805F37D1D8F8000040F4003084
:1044A000C8F800002E469DB908E000BF04F10800DE
:1044B000012105F069FF05462E464DB9D8F82400C4
:1044C000216F20F0405000250843C8F824003E46E4
:1044D000E078C0071DD0A06C032855D8DFE800F0B5
:1044E00008024A08D8F8000040F40030C8F800007C
:1044F000A9467DB9D8F82000A16C20F00300002562
:104500000843C8F8200004E001250126E078C00730
:10451000E1D1B146A078400602D44F4618E000BF72
:10452000D8F8D40340F48070C8F8D403FFF74CF9EE
:10453000064600BFD8F8D403C00507D4FFF744F9F6
:10454000801B6428F6D90325032701E02F46FDB11F
:104550002078C00700F06F80E06F4FEAF000052878
:104560004ED8DFE800F0035347030303002D2E4627
:1045700054D157E004F10800022105F005FF05467B
:10458000002DA946C6D1B5E701254FF00109C1E7C5
:10459000D8F84410D4F8B400414011F4407F11D051
:1045A000D8F84410D8F8442042F48032C8F84420A7
:1045B000D8F8442021F4407122F48032C8F8442015
:1045C000C8F84410B0F5807F40F0E082FFF7FCF8B7
:1045D000064641F2883A0325032700BFD8F8440075
:1045E000800700F1D182FFF7EFF8801B5045F5D925
:1045F000AEE700BF04F12800012105F059FF0AE0F1
:10460000012501262078800719D446E004F108002E
:10461000012105F0B9FE05462E461DB12078800720
:104620000DD43AE0D8F82800E16F20F038000025DA
:104630000843C8F828003E46207880072DD5A06F93
:1046400005280FD8DFE800F004140804040400BFB4
:104650002F46ADB918E000BF04F12800012105F094
:1046600027FF0AE0012501272078400719D447E0F9
:1046700004F10800012105F087FE05462F461DB113
:10468000207840070DD43BE0D8F82800A16F20F037
:10469000070000250843C8F828003746207840075F
:1046A0002ED5D4F8940005280ED8DFE800F00313C7
:1046B000070303032E46ADB918E000BF04F128003C
:1046C000012105F0F5FE0AE001250126207880068B
:1046D0001AD44BE004F10800012105F055FE05460F
:1046E0002E461DB1207880060ED43FE0D8F82C006D
:1046F000D4F8941020F0070000250843C8F82C00D7
:104700003E462078800631D5D4F890004FEA3070CC
:1047100005280FD8DFE800F004140804040400BFE3
:104720002F46ADB918E000BF04F12800022105F0C2
:10473000BFFE0AE001250127207840061AD44BE08D
:1047400004F10800002105F01FFE05462F461DB1AB
:10475000207840060ED43FE0D8F82800D4F8901016
:1047600020F0E04000250843C8F8280037462078AC
:10477000400631D5D4F89C004FEAB02005280FD868
:10478000DFE800F004140804040400BF2E46ADB9AD
:1047900018E000BF04F12800022105F089FE0AE0BC
:1047A00001250126207800061AD44EE004F1080005
:1047B000002105F0E9FD05462E461DB120780006D2
:1047C0000ED442E0D8F82C00D4F89C1020F4E0502D
:1047D00000250843C8F82C003E462078000634D552
:1047E000D4F8A0004FEA7030052815D8DFE800F0B3
:1047F000041A0E04040400BF2F46E5B12068010727
:1048000027D4C1063ED4000355D477E004F1280034
:10481000022105F04DFE0AE001250127206801076D
:10482000EFD516E004F10800002105F0ADFD0546C6
:10483000002D2F46E2D1D8F82C00D4F8A01020F497
:10484000604000250843C8F82C003746206801075F
:10485000D7D5D4F88400B0F5805F09D104F12800E1
:10486000022105F025FE002818BF0127D4F8840096
:10487000D8F8281021F440510843C8F828002068CF
:10488000C106C0D5D4F89800B0F5807F09D104F1F5
:104890002800022105F00CFE002818BF0127D4F8DB
:1048A0009800D8F82C1021F440710843C8F82C0067
:1048B0002068000322D5D4F8A400B0F5003F11D041
:1048C000B0F5803F08D0002844D104F10800002151
:1048D00005F05AFD05E000BF04F12800022105F0B3
:1048E000E7FD05462E4655B9D8F82C00D4F8A4109B
:1048F00020F4403000250843C8F82C003E46A0783C
:1049000040072CD5D4F88800B0F5401F0BD0B0F587
:10491000001F0BD0B0F5801F2AD1D8F8000040F45A
:104920000030C8F800002F46D5B907E004F1280090
:10493000012105F0BDFD05462F468DB9D8F82800A8
:10494000D4F8881020F4401000250843C8F8280047
:1049500005E000BF01250126A0784007D2D43746E4
:10496000A078C00709D13E462168880015D532E0FD
:1049700001250127A078C007F5D0206DB0F5803F54
:1049800010D018BBD8F8000040F40030C8F8000080
:104990002E4685B1216888001DD460688A0326D41C
:1049A00069E000BF04F10800022105F0EDFC0546B6
:1049B000002D2E46EED1D8F82000216D20F4803055
:1049C00000250843C8F82000CDE700BF01250126D7
:1049D00021688800E1D504F12800022105F068FD76
:1049E000002818BF0126D4E900108A0343D5D4F863
:1049F00080206FF0010303EB3223022B0BD34FEA2D
:104A0000322343B1012B40F0B980D8F8003043F491
:104A10000033C8F800303DB3CA022FD4CA0037D4DF
:104A20008A0240D44A0048D4CA0F55D109025DD445
:104A3000C10766D181076FD4410779D4010700F11E
:104A40008380C10600F18C80800607D504F1280020
:104A5000022105F02DFD002818BF0125002D18BFEB
:104A600001252846BDE8F087D8F8283023F44073A4
:104A70001A43C8F828203546CA02CFD5D8F82420D2
:104A8000636F22F000421A43C8F82420CA00C7D539
:104A900058F81C2CD4F8B83022F480421A4348F855
:104AA0001C2C8A02BED5D8F82420E36E22F0807236
:104AB0001A43C8F824204A00B6D558F81C2C22F412
:104AC000004248F81C2CD4F8BC2058F81C3C1A436F
:104AD00048F81C2CCA0FA9D0D8F82020636D22F00A
:104AE00040521A43C8F820200902A1D5D8F828104E
:104AF000D4F88C2021F440011143C8F82810C107D4
:104B000098D004F10800002105F03EFC002818BFF1
:104B10000546606881078FD504F10800012105F082
:104B200033FC002818BF0546606841077FF586AF53
:104B300004F10800022105F027FC002818BF0546F3
:104B4000606801077FF57DAF04F12800002105F0C2
:104B5000AFFC002818BF05466068C1067FF574AF3A
:104B600004F12800012105F0A3FC002818BF054628
:104B7000606880063FF56AAF70E700BF0125CA0292
:104B80007FF54CAF7AE700BFD4F8B4004FF6CF738F
:104B900058F81C2CC0F2FF0300F4407122F47C5240
:104BA00003EA10136FF31F30B1F5407F08BF1A43BB
:104BB000002548F81C2CD8F844100843C8F84400D5
:104BC000FFF7ABBC000000002DE9F04381B00028E6
:104BD00000F0208142F200090446C5F20029D9F80C
:104BE000000000F00F0081420DD9D9F8000020F03C
:104BF0000F000843C9F80000D9F8000000F00F00CA
:104C0000884240F00781206844F218464207C5F602
:104C100002060AD52269336803F070039A4204D968
:104C2000336823F070031A43326002070AD56269C1
:104C3000736803F070039A4204D9736823F0700319
:104C40001A437260C2060AD5A269736803F4E0636E
:104C50009A4204D9736823F4E0631A4372608206AF
:104C60000AD5E269B36803F070039A4204D9B368C5
:104C700023F070031A43B26010F002020AD0E36816
:104C8000376807F00F07BB4204D9376827F00F07D2
:104C90003B433360C3073FD0306820F47062D4E9EF
:104CA00001031A433260012856F8182C0AD0032851
:104CB00004D002280AD192030BD4ABE0920108D4AD
:104CC000A8E000BFD20504D4A4E000BF520740F121
:104CD000A180884656F8081C21F00701084346F8D1
:104CE000080CFEF771FD054641F2883756F8080CAE
:104CF000616800F03800B0EBC10F09D0FEF764FD29
:104D0000401BB842F2D9032001B0BDE8F08300BFD8
:104D10002068414600F0020252B1E268336803F0B5
:104D20000F039A4204D2336823F00F031A43326010
:104D3000D9F8002002F00F0291420CD2D9F80020DD
:104D400022F00F020A43C9F80020D9F8002002F02F
:104D50000F028A425ED141070AD52169326802F00A
:104D60007002914204D2326822F070021143316025
:104D700001070AD56169726802F07002914204D29B
:104D8000726822F0700211437160C1060AD5A169F0
:104D9000726802F4E062914204D2726822F4E06226
:104DA0001143716080060AD5E069B16801F07001B5
:104DB000884204D2B16821F070010843B06000F06D
:104DC000B7F8316842F21C12C0F60102C1F30321A8
:104DD000515C336803F00F0301F01F01D25C20FA2D
:104DE00001F102F01F0040F21002C2F2000221FAAB
:104DF00000F0106040F2080040F20C02C2F2000025
:104E0000C2F200020068116001B0BDE8F043FEF795
:104E100017BE00BF012001B0BDE8F0830000000014
:104E200080B500F085F844F2184142F21C13C5F633
:104E30000201C0F601030A68C2F303229A5C096802
:104E400001F00F0102F01F02595C20FA02F201F09A
:104E50001F0040F21001C2F2000122FA00F00860C7
:104E600040F20C01C2F200010A6080BD00000000A7
:104E700080B500F05DF844F2184C42F21C13C5F600
:104E8000020CC0F60103DCF80020C2F303229A5C96
:104E9000DCF8001001F00F0102F01F02595CD04055
:104EA00040F21002C2F2000201F01F0120FA01F1EB
:104EB000116040F20C02C2F200021060DCF8040043
:104EC000C0F30210185C00F01F0021FA00F080BD52
:104ED00080B500F02DF844F2184C42F21C13C5F6D0
:104EE000020CC0F60103DCF80020C2F303229A5C36
:104EF000DCF8001001F00F0102F01F02595CD040F5
:104F000040F21002C2F2000201F01F0120FA01F18A
:104F1000116040F20C02C2F200021060DCF80400E2
:104F2000C0F30220185C00F01F0021FA00F080BDE1
:104F300044F20041C5F602010869C0F3C20003282B
:104F400016D002280ED0002832D10868800649F217
:104F50000000C0F2D03058BF70470968C1F3C101EA
:104F6000C840704747F64000C0F27D10704700BF50
:104F70008B6A886AD1F82CC04A6BC0F30510E8B17F
:104F8000C2F3CC0203F0030300EE102A9FED2A1AAD
:104F9000B8EE400A20EE010A9FED281ADFE803F080
:104FA000022110210A6892060ED49FED261A18E0FD
:104FB00040F60010C0F23D00704700BF002070476F
:104FC0009FED1F1A0DE000BF0A6849F20003C0F20E
:104FD000D033C2F3C10223FA02F201EE102AB8EE76
:104FE000411A0A6B9FED183A6FF35F2202EE102A06
:104FF0005FEACC7203FE000A03EE100A086BB8EEFB
:10500000422AC0F34620B8EE433A013030EE020A9D
:10501000B7EE002A81EE031A30EE020A21EE000AF2
:1050200001EE100AB8EE411A80EE010ABCEEC00A89
:1050300010EE100A704700BF000000390024744AC7
:1050400020BCBE4B0024744C000000000000000097
:1050500070B3F0B581B00446007844F20046C00752
:10506000C5F6020626D12078800740F1C28030695B
:1050700010F03801B06A3FD0182908BF5FEA80708D
:105080003AD0E0683168002862D021F01901084365
:105090003060FEF799FB05463068400748D4FEF7BC
:1050A00093FB401B0228F7D9032001B0F0BD00BFDD
:1050B00001207047306900F03801B06A102905D02E
:1050C00018290BD100F00300022807D130688003B3
:1050D000C9D560680028C6D13CE100BF616830686E
:1050E00000294FD0B1F5A02F44D0B1F5803F5FD15A
:1050F00040F4803062E000BF30684007E06802D5CD
:10510000002800F02781316821F019010843306040
:10511000FEF75AFB054600BF3068400708D4FEF78B
:1051200053FB401B02284FF00300F5D901B0F0BD3E
:10513000FEF742FB41F2030188424FD820697168B3
:10514000402821F47C3151D141F4003050E000BFBF
:1051500021F001003060FEF737FB0546306840075C
:1051600047D5FEF731FB401B02284FF00300F5D96D
:10517000DCE700BF40F480203060306840F48030CD
:105180001CE000BF20F480303060306820F48020C4
:105190003060FEF719FB0546306880037FF563AF8A
:1051A000FEF712FB401B64284FF00300F4D9BDE763
:1051B00020F480303060306820F480203060FEF7CA
:1051C00003FB0546306880033FF54DAFFEF7FCFA60
:1051D000401B6428F6D9032001B0F0BD7068216936
:1051E00020F0FE4040EA016002E000BF41EA0030EA
:1051F00070602078C00654D5306900F03801B06A7C
:10520000082905D0182919D100F00300012815D16B
:105210003068C00503D5E069802840F09B80FEF728
:10522000CBFA41F2030188421ED8206A7168202817
:1052300021F0F84132D141F0804031E0E0690028AE
:10524000306819D040F080003060FEF7BDFA0546A6
:105250003068C005E3D4FEF7B7FA401B02284FF0D0
:105260000300F5D962E700BFF068216A20F07C50A6
:1052700040EA0160F06014E020F080003060FEF74A
:10528000A3FA05463068C0050BD5FEF79DFA401B12
:1052900002284FF00300F5D948E700BF41EA8060DB
:1052A0007060207800073FD42078800656D420789C
:1052B000400769D4656A9DB3306900F0380018284A
:1052C00040F0A880012DB16A306B43D001F0030299
:1052D000A36A9A423ED1C1F30511E26A914239D1E3
:1052E0000146226B6FF35F21013A914232D1C0F344
:1052F0004622616B01398A422CD1C0F30642A16B70
:1053000001398A4226D1C0F30660E16B0139884237
:1053100020D1706BA16CC0F3CC00814240F034818D
:10532000002001B0F0BD00BF60690028706F41D05F
:1053300040F001007067FEF747FA0546706F80077E
:10534000B2D4FEF741FA401B0228F7D9032001B07E
:10535000F0BD00BF012001B0F0BD00BFA069002872
:10536000306845D040F480503060FEF72DFA054695
:10537000306880049BD4FEF727FA401B0228F7D937
:10538000032001B0F0BD00BFD6F8000440F48070E7
:10539000C6F80004FEF718FA054600BFD6F8000468
:1053A000C00519D4FEF710FA401B6428F6D9032073
:1053B00001B0F0BD20F001007067FEF705FA054668
:1053C000706F80077FF570AFFEF7FEF9401B022873
:1053D0004FF00300F4D9A9E6A168306F002943D04B
:1053E000052939D0012957D140F001005AE000BF0A
:1053F00020F480503060FEF7E7F9054630688004FD
:105400007FF555AFFEF7E0F9401B02284FF003008F
:10541000F4D98BE6306820F080703060FEF7D4F964
:10542000022D05460CD100BF306880014CD5FEF737
:10543000CBF9401B02284FF00300F5D976E600BFF8
:10544000306880017FF56CAFFEF7BEF9401B022883
:105450004FF00300F4D969E640F004003067306F84
:1054600040F001001EE000BF20F001003067306F07
:1054700020F004003067FEF7A7F9054641F28837AF
:10548000306F80077FF516AFFEF79EF9401BB842DC
:105490004FF00300F4D949E620F001003067306F87
:1054A00020F004003067FEF78FF9054641F2883797
:1054B000306F80073FF5FEAEFEF786F9401BB8421D
:1054C0004FF00300F4D931E604F12807B06A40F246
:1054D000F33188438ECF0843591E40EA02104FF43F
:1054E0007E426FF35F21B06202EB47204FF4FE0271
:1054F00080B2E36B0844A16B02EB01414FF0FE4226
:1055000001F4FE0102EB0362084402F0FE4108448C
:105510003063F06A4FF6F87120F00100F062706BB2
:10552000A26C884340EAC2007063F06A216C20F0EC
:105530000C000843F062F06A616C20F0020008433E
:10554000F062F06A40F48030F062F06A40F40030BB
:10555000F062F06A40F48020F062F06A40F00100EE
:10556000F062306840F080703060FEF72DF904463C
:10557000306880013FF5D4AEFEF726F9001B022803
:105580004FF00300F4D9D1E5F06A20F00100F06299
:10559000FEF71AF90546FEF717F9A842FBD0706B23
:1055A0004FF6F871A26C884340EAC2007063F06A5B
:1055B00040F00100F062002001B0F0BD00000000EA
:1055C00000284DD02DE9F04F81B043F6000401686A
:1055D000C4F2000443F2000E43F6004CA142C4F2B0
:1055E000010EC4F2000C4FF00002826203D061454C
:1055F00018BF714542D1C26B0125C368A14203F1B6
:10560000080305EB52124FEAD30303FB02F218BF63
:10561000714527D1102A34D890F8811031B9002172
:1056200080F88010044600F0ABF82046022180F894
:105630008110D0E90019D0F818800D68B8F1806F9A
:1056400025F001050D608D6805F4F81E26D1B9F12D
:10565000000F1BD0B9F5800F20D1856B25BB19E059
:1056600001207047614518BF082A0AD80CF5744319
:105670009942CFD06145CDD0CEE700BFC2680F2A96
:10568000B9D9012001B0BDE8F08F00BF856BB5F13D
:10569000805F06D10D6845F480550D605FEA4925AD
:1056A00002D44FF0010C0FE0C468072C0AD30D6838
:1056B00025F4807C056D45EA0C050D604FF0000C6B
:1056C00007E000BF4FF0000C0C6824F480740C60FD
:1056D000C468C769836A47EA0E07C26B3B438768A1
:1056E0001A43B9F1000FD0E904BA42EA04028A6011
:1056F000426B856B436A42EA0302036A42EA05028F
:1057000042EA0B0242EA0A02D0E9126442EA0302C8
:10571000836D42EA040242EA070242EA060242EAD2
:10572000030242EA080242EA0902CA600ED00A6D88
:10573000BCF1000F22F001020A6515D1CA68436D61
:1057400022F000421A43CA600EE000BF8A680123BB
:1057500063F3CC228A608A68022363F34A228A6058
:105760000A6D22F001020A650021C0F884100121AF
:1057700080F88110002001B0BDE8F08F000000002B
:10578000B0B5B8B0044602A8C0210025CDE9365511
:10579000CDE934553395FBF780F943F600012068D5
:1057A000C4F20001884273D043F20041C4F2010107
:1057B00088422DD043F20001C4F20101884265D134
:1057C00044F2E040C5F60200016941F480510161F4
:1057D000016901F4805101910199016841F00101D1
:1057E0000160006800F0010001900198A020339052
:1057F0000220349000203590032036900520379009
:105800000020C5F6020033A9FDF7F2FE38B0B0BDA6
:105810004FF40050029002A800240394FEF74CFCC1
:1058200008B1FCF781F844F2E040C5F602000169D6
:1058300041F400510161016901F4005101910199A4
:10584000016841F010010160006833A900F0100008
:10585000019001984FF4E04033900220CDE93404E8
:1058600041F200040320C5F602043690052037906B
:105870002046FDF7BDFE206820F44000206020682F
:1058800040F4800020604FF40060A06138B0B0BDEB
:1058900044F2E040C5F60200816841F48041816035
:1058A000816801F4804101910199016841F0020190
:1058B00001600068002100F002000190C5F60201BD
:1058C00001984FF46040339002203695CDE93405BD
:1058D0000520379001F5806033A9FDF789FE38B0C7
:1058E000B0BD0000000000002DE9F04798461646C4
:1058F0000F460446D0F800A0C56BFDF765FF94F88D
:10590000811001290CD10121002F18BF002E03D1D5
:105910000846BDE8F08700BF94F88010012903D144
:105920000220BDE8F08700BF012184F88010042127
:1059300084F881100021C4F884106766A4F86860B8
:10594000A4F86A60E165A4F86010A4F86210A26887
:105950002167B2F5C02F6167216805D10A6822F47A
:1059600000620A6005E000BFCA68022363F3524286
:10597000CA604A684FF6FF739A4332444A600A6825
:1059800042F001020A606268B2F5800F4FF0010236
:1059900003D10B6843F400730B60E36802EB55110D
:1059A000102B06464ED3B4F86A00002800F0F880A9
:1059B0008DB218F1010010D131E000BF006B616EB3
:1059C00041F8040B6166B4F86A000138A4F86A0073
:1059D000B4F86A00002800F0E38020684169426959
:1059E000D207EBD1B4F86A20AA4202D211F40041E6
:1059F000E4D1FDF7E9FE801B4045E9D3BDE000BFDF
:105A0000006B616E41F8040B6166B4F86A000138FE
:105A1000A4F86A00B4F86A00002800F0C180206889
:105A200041694269D207EBD1B4F86A20AA4202D296
:105A300011F40041E4D1FDF7C7FEB4F86A00002874
:105A4000EDD1ADE0B4F86A00072B43D9002800F08F
:105A5000A7808FB24FF6FF7008F10109451E11E0D3
:105A6000BAF83010606E20F8021B4FF6FF716066C6
:105A7000B4F86A000844A4F86A00B4F86A00002880
:105A800000F08E80216848694969C907E8D1B4F8F7
:105A90006A10B9420ED210F400410BD0BAF830109F
:105AA000606E20F8041BBAF8301020F8021C29465A
:105AB000DDE700BFB4F86A10012902D110F40050EC
:105AC000CED1FDF781FEB9F1000FD6D0801B404545
:105AD000D3D352E0002863D08DB24FF6FF7008F1A7
:105AE0000109C71E12E000BF90F83000616E087017
:105AF0004FF6FF70616E01316166B4F86A100844B8
:105B0000A4F86A00B4F86A00002849D02068416906
:105B10004269D207E8D1B4F86A20AA421ED211F431
:105B200000421BD090F83000616E08702068616EF2
:105B30004A1C626690F8300048702068616E4A1C0A
:105B4000626690F8300048702068616E4A1C626698
:105B500090F8300048703846CCE700BFB4F86A20AF
:105B6000032A02D811F4C041BED1FDF72DFEB9F1D0
:105B7000000FC7D0801B4045C4D3204605F020FB52
:105B8000D4F8840040F48070C4F88400012084F8C4
:105B90008100002084F880000320BDE8F08700BF6A
:105BA000204605F00DFB012084F88100002084F8D8
:105BB0008000D4F88410002918BF01210846BDE8F0
:105BC000F0870000000000002DE9F0471D46174651
:105BD0000E460446D0F80090FDF7F6FD94F88110CB
:105BE00001290BD180460120002E18BF002F01D1C2
:105BF000BDE8F08794F88000012803D10220BDE8B9
:105C0000F08700BF012184F88010032084F8810010
:105C10000020C4F88400E665A4F86070A4F86270FF
:105C20006066A4F86800A4F86A00A2682067B2F56C
:105C3000C02F6067206805D1016841F400610160F0
:105C400004E000BFC26861F35242C26041684FF68F
:105C5000FF72914339444160016841F001010160E4
:105C60006168B1F5800F03D1016841F400710160F2
:105C7000E16810294ED3B4F86200002800F0C68015
:105C8000681C10D133E000BFE16D51F8042B0262B3
:105C9000E165B4F862000138A4F86200B4F862006B
:105CA000002800F0B380206841698907ECD4FDF733
:105CB0008BFDA0EB0800A842F0D3204605F080FA47
:105CC000D4F8840040F48070C4F88400012084F883
:105CD0008100002084F880000320BDE8F08700BF29
:105CE000FDF772FDB4F86200002800F08F80206894
:105CF00041698907F4D5E16D51F8042B0262E16531
:105D0000B4F862000138A4F86200B4F86200002818
:105D1000EDD17BE0B4F86200072933D9002875D0B3
:105D20004FF6FE706E1C471C13E000BFE06B0028AE
:105D3000E06D20D050F8042B0A624FF6FE71E0654A
:105D4000B4F862000844A4F86200B4F862000028C5
:105D50005CD021684869800708D4FDF735FD002E26
:105D6000F3D0A0EB0800A842EFD3A6E7B4F8620096
:105D70000128DBD8E06D30F8021BA9F82010394665
:105D8000DDE700BF002841D04FF6FE706E1CA0F189
:105D9000020A471C0EE000BFE16D51F8042B0262BD
:105DA0005046E165B4F862100844A4F86200B4F803
:105DB000620058B320684169890709D4FDF704FDE2
:105DC000002EF4D0A0EB0800A842F0D375E700BF86
:105DD000B4F86210042902D3E16B4129DCD2B4F893
:105DE000621001290AD9E16B0029E16D07D031F871
:105DF000020BA9F820004FF6FE70D2E7E16D09789A
:105E000080F82010E06D411C3846CAE7681C13D0AA
:105E100020684069000713D4FDF7D6FCA0EB08000A
:105E2000A842F5D3D4F8840040F02000C4F88400E0
:105E300006E000BFFDF7C8FC206840690007F9D5FF
:105E4000204605F0BDF9012084F88100002084F887
:105E50008000D4F88400002818BF0120BDE8F08736
:105E6000411E0020B0EB116F02D00120704700BF2F
:105E70004EF21002F023CEF2000251604EF6235192
:105E8000CEF200010B700721906011607047000096
:105E90007047000000000000704700000000000094
:105EA000704700000000000090F83C20012A01D15A
:105EB00002207047B0B5CB6848F2FF7ED1E901C23D
:105EC00023F47C5322F47052CFF6F07E42EA0304AE
:105ED0000CEA0E030A68234322F477220C691A4362
:105EE00024F47623D0F800C01A434B691A438B6A16
:105EF00022F4742E23F470238A6940F200454CF496
:105F00008064C4F2010543EA0E03AC4243EA024353
:105F10000FD1002523F07C724B6ACFF6F045CC6997
:105F200005EA03531A4324F00073096A1A4342EA4C
:105F30000103CCF84430002180F83C100020B0BDB3
:105F400090F83C20012A4FF002025ED0B0B580F8F4
:105F50003D2040F2004C0268C4F2010C42F4806320
:105F600063455368D2F808E002BF23F470034C681D
:105F7000234341F2FF740D68C4F2000423F0700360
:105F8000A24243EA050353600CDC40F2FF73C4F203
:105F900000039A4216DCB2F1804F29D040F2004350
:105FA00018E000BF40F2FF33C4F201039A4217DC4D
:105FB00041F60003C4F200039A4219D00023C4F250
:105FC000010309E040F60003C4F200039A420FD037
:105FD00040F60043C4F200039A4209D00DE000BF2E
:105FE00044F20003C4F201039A4201D0624504D195
:105FF0002EF080038968194391600022012180F806
:106000003D1080F83C20BDE8B040104670470000CD
:1060100060B310B5044690F83D0028B9002084F81C
:106020003C00204600F024F8022084F83D0020685F
:10603000211D05F019FD012084F8480084F83E0078
:1060400084F83F0084F8400084F8410084F842005E
:1060500084F8430084F8440084F8450084F846003E
:1060600084F8470084F83D00002010BD01207047EF
:1060700080B582B040F2FF310068C4F2010188426D
:106080001CDC41F20001C4F20001884240D041F220
:106090000041C4F20001884266D00021C4F201012F
:1060A00088425ED144F2F040C5F60200016841F03A
:1060B00001010160006800F0010050E040F2004181
:1060C000C4F2010188423FD044F20001C4F2010150
:1060D000884265D044F20041C4F20101884240D1B7
:1060E00044F2F0400022C5F60200016841F400319C
:1060F00001600068002100F40030019001987520D3
:10610000FDF73AFD752002B0BDE88040FDF720BDE7
:1061100044F2F0400022C5F6020050F8081C41F09D
:10612000100140F8081C50F8080C072100F010007E
:10613000019001983620FDF71FFD362002B0BDE822
:106140008040FDF705BD00BF44F2F040C5F60200F7
:10615000016841F002010160006800F00200019056
:10616000019802B080BD00BF44F2F0400022C5F6A5
:10617000020050F8081C41F0200140F8081C50F8BB
:10618000080C082100F02000019001983720FDF74D
:10619000F3FC372002B0BDE88040FDF7D9BC00BF5A
:1061A00044F2F0400022C5F60200016841F480315B
:1061B00001600068002100F4803001900198742093
:1061C000FDF7DAFC742002B0BDE88040FDF7C0BCEA
:1061D00090F83D1001291BD1022180F83D10016883
:1061E00041F2FF70C4F200008142C86840F0010033
:1061F000C8600FDC40F2FF70C4F20000814217DC7F
:10620000B1F1804F2CD040F20040C4F2000025E0F4
:106210000120704740F2FF30C4F20100814213DCDC
:1062200041F60000C4F20000814219D0002013E0C2
:1062300040F60000C4F20000814211D040F6004058
:10624000C4F200000AE000BF44F20000C4F2010002
:10625000814205D040F20040C4F2010081420BD1DE
:1062600007228868C0F2010202400020062A18BFF7
:10627000B2F5803F00D17047086840F00100086027
:10628000002070470000000090F83C20012A4FF0E9
:10629000020200F0AA8080B580F83D208822D0F864
:1062A00000C0CFF6CE72DCF808301A40CCF80820D7
:1062B0000B686F2B0EDDB3F1101F37DAB3F5005FFB
:1062C0006EDA702B00F0B680B3F5805F00F084804A
:1062D000D8E000BF2F2B33DD4F2B39DC302B6FD0B4
:1062E000402B40F0CF80D1F804E0C968DCF82030C2
:1062F000DCF8202022F00102CCF82020DCF8182065
:1063000022F0F00242EA011123F00A02CCF8181040
:1063100042EA0E01CCF820104FF68872DCF8081023
:10632000CFF6CF721140473154E000BF2F21C0F2A9
:1063300010018B423ADCB3F1101F41D020213BE029
:10634000002B18BF102B3BD0202B39D09AE000BF78
:10635000502B4DD0602B40F09580D1F804E0C968F7
:10636000DCF82030DCF8202022F01002CCF82020CD
:10637000DCF8182022F4704242EA013123F0A00236
:10638000CCF8181042EA0E11CCF820104FF68872A3
:10639000DCF80810CFF6CF72114067311AE000BF69
:1063A0005CD0B3F5801F0BD06CE000BF3021C0F291
:1063B00010018B4204D04021C0F210018B4261D108
:1063C0004FF68872DCF80810CFF6CF7211401943EF
:1063D00041F00701CCF808100022012180F83D109F
:1063E000002180F83C10BDE880401046704700BF97
:1063F000D1F804E0C968DCF82030DCF8202022F075
:106400000102CCF82020DCF8182022F0F00242EA49
:10641000011123F00A02CCF8181042EA0E01CCF860
:1064200020104FF68872DCF80810CFF6CF721140BA
:106430005731CFE701F1040E9EE80C40DCF808105C
:106440001A4321F47F4142EA0E221143CCF808108E
:10645000DCF8081041F07701BCE700BF01F1040E41
:106460009EE80C40DCF808101A4321F47F4142EA10
:106470000E221143CCF80810DCF8081041F48041DA
:10648000A8E700BF0122A8E7002857D02DE9F04374
:1064900081B0044690F83D000D4628B9002084F8EC
:1064A0003C00204600F04CF8022084F83D002068B3
:1064B0004BF6F872CFF6FE72816811408160211DA3
:1064C00005F0D2FA20684FF6FF79D0F8088083698A
:1064D000D0F820E0AF69D5E9026223EA090346EA71
:1064E00007264FF6FC47BE43EF691A432B69324338
:1064F0002E6A42EA07226F69D5E9001C42EA0312BC
:106500002EF0AA0341EA080181604CEA030142EA45
:106510000632826141EA07110162012084F84800D5
:1065200084F83E0084F83F0084F8440084F8450075
:1065300084F83D00002001B0BDE8F08301207047E1
:106540002DE9F04387B040F600420068C4F2000233
:10655000002190420691CDE90411039102917BD074
:1065600040F20041C4F20001884243D0B0F1804FB4
:1065700040F0958044F2E0400024C5F60200C5F6E4
:10658000020402AD4FF0020881684FF0000941F0AB
:10659000010181608168032601F0010101910199E7
:1065A000016841F0010101600168012701F001016A
:1065B00001910199016841F00201016000682946DA
:1065C00000F00200019001984FF400400290204634
:1065D000CDF80C80CDF8109005960697FDF708F8D9
:1065E00002A90820CDE9056781E8010304F5806070
:1065F000294652E044F2E040C5F60200816841F0CD
:1066000002018160816801F0020101910199016834
:1066100041F0020101600068002100F002000190D9
:1066200001983020CDE9041100210290C5F6020145
:1066300002200390069001F5806002A9FCF7D8FFC4
:106640001D200C210022FDF797FA1D20FDF780FA8E
:1066500007B0BDE8F08300BF44F2E040C5F6020099
:10666000826842F008028260826802F008020192A9
:10667000019A026842F0010202600068022200F002
:1066800001000190019803200290CDE9050200204D
:10669000CDE90321C5F6020002A9FCF7A9FF07B066
:1066A000BDE8F0830000000080B590F83E2004298A
:1066B00090F83F3090F844E090F845C00AD0B9B95E
:1066C000012A4FF0010208BFBEF1010F34D010467D
:1066D00080BD00BF0122012B08BFBCF1010FF6D124
:1066E000022180F83F1080F84510006820E000BFCC
:1066F000012A4FF0010208BF012BE8D1BEF1010FC2
:1067000008BFBCF1010FE2D14FF0020280F83E2039
:1067100080F83F2080F8442080F8452089B1006847
:10672000016A21F001010162016A41F00101016287
:1067300010216FF0100208E0022180F83E1080F86E
:106740004410006801216FF00102036A1A400262DE
:10675000026A114301620168002241F001010160F7
:10676000104680BD000000007047000000000000DF
:10677000F0B581B004460068C5680669B10717D551
:1067800015F0020114D06FF002010161012121779F
:106790008069800704D02046FFF7E6FF06E000BFCF
:1067A000204600F09DF8204600F042FB00202077B4
:1067B000700719D515F0040016D020686FF0040199
:1067C000016102212177806910F4407F04D02046C6
:1067D000FFF7CAFF06E000BF204600F081F8204620
:1067E00000F026FB00202077300717D515F00800B1
:1067F00014D020686FF00801016104212177C0697D
:10680000800703D02046FFF7AFFF05E0204600F0E9
:1068100067F8204600F00CFB00202077F00619D521
:1068200015F0100016D020686FF0100101610821EA
:106830002177C06910F4407F04D02046FFF794FF11
:1068400006E000BF204600F04BF8204600F0F0FACA
:1068500000202077F00718BF15F0010006D020684F
:106860006FF001010161204600F096FB05F0800702
:1068700016F4025F18BF002F02D1F00509D410E012
:1068800020686FF4025101612046FFF705FBF00517
:1068900007D537B120686FF4807101612046FFF79A
:1068A000F7FA700609D515F0400006D020686FF0A1
:1068B00040010161204600F0A7FBB0060CD515F0A1
:1068C000200009D020686FF020010161204601B04E
:1068D000BDE8F040FFF7E4BA01B0F0BD00000000F1
:1068E000704700000000000090F83C30012B01D1FF
:1068F000022070474FEAB202052A00F223812DE9F7
:10690000F041DFE812F00700BB00570095003100AE
:10691000F90000BF036843F6FF76C4F201061C6A63
:10692000B3421A6A24F0020422F001021A621A46E3
:10693000D3F804C052F818EF8D6844EA0504D1F882
:10694000008040F3818144F20007C4F20107BB429A
:1069500000F0858144F60007C4F20107BB4200F055
:106960007E8144F2004776E1036843F6FF77C4F284
:106970000107D3F820C0BB421A6A22F480321A629F
:106980001A465C6852F8546F0D68D1F808E040F37D
:10699000DF8044F20007C4F20107BB4200F0E3804D
:1069A00044F60007C4F20107BB4200F0DC8044F269
:1069B0000047D4E0036840F2004E43F48067C4F21D
:1069C000010E1C6A77451A6A24F4007422F480725E
:1069D0001A621A465D6852F81CCF8E6844EA062493
:1069E00007D1CE6840F2FF47360224F44064BE432C
:1069F000344343F6FF76D1F80080C4F20106B34277
:106A000040F3D28044F20007C4F20107BB4200F019
:106A1000D28044F60007C4F20107BB4200F0CB80ED
:106A200044F20047C4F20107BB4200F0C480C9E051
:106A3000036843F6FF77C4F20107D3F820C0BB42D6
:106A40001A6A22F480521A621A465C6852F81C6F65
:106A50000D68D1F808E040F3CD8044F20007C4F29D
:106A60000107BB4200F0D18044F60007C4F20107E1
:106A7000BB4200F0CA8044F20047C2E0036840F223
:106A8000004E43F48067C4F2010E1C6A77451A6A0F
:106A900024F0200422F010021A621A465D6852F8AF
:106AA00018CF8E6844EA061407D1CE686FF040070D
:106AB00024F0C00407EA0616344343F6FF76D1F803
:106AC0000080C4F20106B34240F3E08044F20007C4
:106AD000C4F20107BB4200F0E08044F60007C4F2B4
:106AE0000107BB4200F0D98044F20047C4F201071D
:106AF000BB4200F0D280D7E0036843F6FF77C4F2D0
:106B00000107D3F820C0BB421A6A22F480121A622D
:106B10001A465C6852F8546F0D68D1F808E040F3EB
:106B2000058144F20007C4F20107BB4200F009816D
:106B300044F60007C4F20107BB4200F0028144F2B0
:106B40000047FAE00121002280F83C200846704707
:106B50000027C4F20107BB4205D040F20047C4F24F
:106B60000107BB4204D14F6924F4803444EA07246E
:106B70004FF68C775C60CFF6FE7703373E402CF4FF
:106B8000003746EA05045C654E6809699E6547EA78
:106B90000E471F625F6D47F008075F655F6D27F066
:106BA00004075F65EEE000BF0027C4F20107BB42A7
:106BB00001D0734506D1D1E90576374325F4405617
:106BC00046EA07154FF68C775D60CFF6FE7707EA49
:106BD0000C0747EA0807DF614F680969DF631C6239
:106BE000DF6947F00807DF61DF6927F00407DF612D
:106BF000C8E000BF0027C4F20107BB4205D040F245
:106C00000047C4F20107BB4204D14F6924F4804419
:106C100044EA871448F6FF475C60CFF6FF673E40C2
:106C20002CF4005746EA0524DC614E6809691E64AD
:106C300047EA0E371F62DF6947F40067DF61DF69EB
:106C400027F48067DF619CE00027C4F20107BB42A4
:106C500005D040F20047C4F20107BB4205D1CF681E
:106C600024F00C0427F004073C43B34234DD44F223
:106C70000006C4F20106B34239D044F60006C4F25D
:106C80000106B34233D044F200462CE00027C4F2A0
:106C90000107BB4201D0734506D1D1E905763743E0
:106CA00025F4406646EA870548F6FF475D60CFF663
:106CB000FF6707EA0C0747EA08279F614F680969E1
:106CC0009F631C629F6947F400679F619F6927F477
:106CD00080679F6155E000BF0026C4F20106B34201
:106CE00005D040F20046C4F20106B34206D12CF4AE
:106CF0004077D1E90565374347EA050C4FF68C75B7
:106D0000C3F804C0CFF6FE750EEA050747EA080788
:106D10009F614F6809695F631C629F6947F00807BC
:106D20009F619F6927F004079F612BE00027C4F251
:106D30000107BB4205D040F20047C4F20107BB4245
:106D400004D14F6924F4802444EA872448F6FF479D
:106D50005C60CFF6FF6707F540773E402CF40017E4
:106D600046EA05245C654E680969DE6547EA0E5708
:106D70001F625F6D47F400675F655F6D27F4806792
:106D80005F6509021368194311600021BDE8F041F5
:106D9000002280F83C2008467047000000000000F8
:106DA00060B310B5044690F83D0028B9002084F87F
:106DB0003C00204600F024F8022084F83D002068C2
:106DC000211D04F051FE012084F8480084F83E00A3
:106DD00084F83F0084F8400084F8410084F84200C1
:106DE00084F8430084F8440084F8450084F84600A1
:106DF00084F8470084F83D00002010BD0120704752
:106E000040F600010068C4F20001884218BF7047D4
:106E100081B044F2E840C5F60200016841F0040187
:106E20000160006800F004000090009801B0704715
:106E3000704700000000000080B5C9B10B1F4FF083
:106E40003F0C4FEAB30E4322BEF1040F38BF0CEBE8
:106E5000B302825C012A13D1BEF1030F1ED8DFE812
:106E60000EF00319111500BF022280F83F2018E030
:106E700090F83E20012A03D1022280F83E2010E043
:106E8000012080BD022280F841200AE0022280F821
:106E9000422006E0022280F8402002E0022280F830
:106EA0004320026801F01F00012101FA00F0116A7D
:106EB000814311624FF6FF71C4F200018A42116AE8
:106EC00040EA0100106219DC40F2FF70C4F20000D9
:106ED00082422FDD40F60000C4F20000824243D01F
:106EE00040F60040C4F2000082423DD041F600006E
:106EF000C4F20000824237D048E000BF43F6FF7082
:106F00000021C4F20100C4F20101824244F20000F7
:106F1000C4F2010018DD82421ED044F60003C4F220
:106F200001039A4218D044F20043C4F201039A428A
:106F300012D02BE0B2F1804F16D040F20040C4F2E4
:106F40000000824210D021E08A4205D040F2004386
:106F5000C4F201039A4219D1536C8A4243F40041AE
:106F6000516418BF82420BD107219068C0F2010121
:106F700001400020062918BFB1F5803F06D180BD31
:106F800040F20040C4F201008242EDD0106840F0AF
:106F900001001060002080BD44F200010068C4F2CE
:106FA0000101884218BF704710B547F6940047F6B4
:106FB0007811C2F20000C2F2000146F600640068D7
:106FC000C2F20004406A0968A060486A206107F0C4
:106FD00077FE07F069F9A068E060206960614DF212
:106FE0005C34C2F20004204600F0AEFC94ED050AC9
:106FF00006F01AFE04F0CCFE40F61001C2F20101C8
:107000000885BDE810407047704700000000000090
:1070100090F88410012901D1022070472421C0F882
:10702000881001680A680B6822F0005223F00103FF
:107030000B60002343660A602021C0F8881080F8A6
:10704000843000207047000090F88420012A01D18C
:107050000220704770B52422C0F888200268D0F85A
:1070600064E0BEF1000FD2F800C0136823F0010302
:107070001360936823F0606341EA0301916019D0C3
:10708000916842F2F22E9368C0F6010E5B0F42F255
:10709000FA25C1F34266C0F601051EF80340E95C1B
:1070A0002301B3FBF1F11EF80630AE5D1B01B3FB0B
:1070B000F6F301E001210123A0F86A102021A0F8D5
:1070C0006830C2F800C0C0F88810002180F8841031
:1070D000002070BD0000000090F88420012A01D13A
:1070E0000220704770B52422C0F888200268D0F8CA
:1070F00064E0BEF1000FD2F800C0136823F0010372
:107100001360936823F0604341EA0301916019D052
:10711000916842F2F22E9368C0F6010E5B0F42F2C4
:10712000FA25C1F34266C0F601051EF80340E95C8A
:107130002301B3FBF1F11EF80630AE5D1B01B3FB7A
:10714000F6F301E001210123A0F86A102021A0F844
:107150006830C2F800C0C0F88810002180F88410A0
:10716000002070BD0000000010B5D8B10446D0F872
:10717000880028B9002084F88400204600F028F810
:107180002420C4F888002068A16A0268002922F03F
:107190000101016002D0204606F02AF8204606F0E0
:1071A0004FF908B1012010BD2068416821F49041D9
:1071B0004160816821F02A018160016841F001018C
:1071C00001602046BDE8104006F082B800000000D3
:1071D000B0B5B8B0044602A80830B82100253395F0
:1071E000CDE93655CDE93455F9F757FC44F6004161
:1071F0002068C4F20001884202D038B0B0BD00BFA0
:1072000002A8039502240294FCF756FF08B1FAF78E
:107210008BFB44F2E040C5F60200816841F4002196
:107220008160816801F4002101910199016841F0B8
:1072300001010160006833A900F00100019001988C
:107240004FF4C050CDE933040020CDE935000620CD
:1072500037900020C5F60200FCF7CAF938B0B0BD7F
:10726000FEE70000000000002DE9F04381B08146F8
:107270000020002700F080F90DF103014E200122CB
:107280008DF8037000F02CFC8046012006F0C0FD54
:1072900042F2A42409F10805C0F6010403E000BF8E
:1072A00001371A2F14D007EB4700204446784E2EA2
:1072B000F6D0807801222918304600F011FC112EFA
:1072C00048EA0008ECD10A2006F0A2FDE8E700BF7A
:1072D0000120012700F050F909F1220103200122C9
:1072E00000F0FEFB064609F123010B20012200F00D
:1072F000F7FB46EA000409F124010C20012200F00A
:10730000EFFB044309F125010D20012200F0E8FB09
:10731000044309F126010E20012200F0E1FB0443A1
:1073200009F127010F20012200F0DAFB044309F1E3
:1073300028011020012200F0D3FB044309F12901A8
:107340001120012200F0CCFB044309F12A01122094
:10735000012200F0C5FB044309F12B011320012297
:1073600000F0BEFB044309F12C017A20012200F059
:10737000B7FB044309F12D017B20012200F0B0FB93
:10738000044309F12E017C20012200F0A9FB0443F3
:10739000022000F0F1F809F12F010320012200F092
:1073A0009FFB044309F130010420012200F098FB07
:1073B000044309F131010520012200F091FB04434F
:1073C000042000F0D9F809F132014020012200F038
:1073D00087FB044309F133014120012200F080FBC7
:1073E000044309F134014220012200F079FB0443F7
:1073F00009F135014320012200F072FB044309F139
:1074000036014420012200F06BFB044309F13701EF
:107410004520012200F064FB044309F138014620B5
:10742000012200F05DFB044309F1390147200122EC
:1074300000F056FB044309F13A014820012200F014
:107440004FFB044309F13B014A20012200F048FBB5
:10745000044309F13C014B20012200F041FB0443AD
:1074600009F13D014C20012200F03AFB044309F1EF
:107470003E014D20012200F033FB044309F13F019E
:107480004E20012200F02CFB044309F140014F2063
:10749000012200F025FB044309F1410150200122A3
:1074A00000F01EFB044309F142015120012200F0CB
:1074B00017FB044309F143017720012200F010FB80
:1074C000044309F144017820012200F009FB044340
:1074D00009F145017920012200F002FB044309F182
:1074E00046017A20012200F0FBFA044309F147012A
:1074F0007B20012200F0F4FA044309F148017C20CA
:10750000012200F0EDFA044309F149017D20012236
:1075100000F0E6FA044309F14A017E20012200F05E
:10752000DFFA044309F14B017F20012200F0D8FA71
:107530000443002000F020F809F10E014E20012242
:1075400000F0CEFA204340EA0804012006F060FC77
:1075500024B1E0B201B0BDE8F08300BF40F2B8054D
:107560004C22C2F200054946281DF9F7F5F92F70A3
:10757000E0B201B0BDE8F08380B582B08DF80700BD
:107580000DF107017620012200F0AAFA02B080BDB9
:10759000002808BF704702F00F02DDF800C042EA81
:1075A0004111C27C017403F00301837C02F0E70205
:1075B00042EAC101C17403F00F0141EA0C11817468
:1075C0007047000000000000002808BF704780B529
:1075D00090F80DC001F0030162F3820190F82DE0F4
:1075E0000CF0F80C03F00302614441730EF0F90152
:1075F00041EA420180F82D10BDE88040704700004C
:10760000002808BF704702F00F02DDF800C042EA10
:107610004111427CC17303F00301837C02F0F30249
:1076200042EA8101417403F0F0010CF00F021144B1
:107630008174704700000000002808BF704780B5C3
:1076400001F0030EDDF808C003F0010302F00302AD
:107650000CF0010142EA8E0242EA431242EA0111B1
:107660008173BDE880407047F0B583B041F20005FA
:107670004FF40061C5F602050122284600278DF867
:1076800009700124FCF790F80A20FBF79DFF0DF12B
:107690000A01762001228DF80A7000F021FA0120FB
:1076A000FBF792FFF5208DF80B004FF400610022EC
:1076B0002846FCF779F847F228760DF10B01C2F263
:1076C000000601224FF0FF333046FEF77DFA0DF140
:1076D000090101224FF0FF333046FEF705F94FF460
:1076E000006101222846FCF75FF89DF80900472851
:1076F00025D146F6B455C2F20005284600F024F81C
:1077000003210322002328460097FFF795FF01215C
:107710000722022328460094FFF772FF0221072266
:10772000022328460094FFF733FF012100220023A3
:107730002846FFF749FF2846FFF796FD04462046F6
:1077400003B0F0BD00000000002808BF704710B56E
:10775000821D462104461046F9F77DF944F6425051
:10776000C4F6431020604FF48070A080204600F0E3
:1077700023F80120FFF700FF04F127010F20012269
:1077800000F07EF904F128011020012200F078F9C0
:1077900004F129011120012200F072F904F12A01FB
:1077A0001220012200F06CF90020BDE81040FFF724
:1077B000E3BE000000000000002808BF704710B5BD
:1077C00010224FF4A061C1F21002C0F81A204AF250
:1077D00080028160CAF60D22C0F82220802280F843
:1077E000262048F2113249F23011C5F60072C0F875
:1077F0002B2044F23002C0F20061CAF26222C0F8CB
:107800002F2045F28512C16041F20661C8F6A442FC
:10781000C0F8332044F25C52A0F837205B2280F895
:1078200039204FF6FF736FF0010E41F22102C0F6CE
:107830001151016148F2232181820021C0F8161004
:10784000C0F81E10C0F82710C0F83A10C0F83E105B
:10785000C0F84210C0F84610A0F84A1000EB0E0C19
:107860000EF1020E9CF80A1083EA01210BB24C00C3
:10787000002B48BF82EA410421B26300002948BFBF
:1078800082EA440319B25C00002948BF82EA43043B
:1078900021B26300002948BF82EA440319B25C00A8
:1078A000002948BF82EA430421B26300002948BF8F
:1078B00082EA440319B25C00002948BF82EA43040B
:1078C00021B2630000299CF80B1048BF82EA4403F0
:1078D00083EA01210BB24C00002B48BF82EA41042D
:1078E00021B26300002948BF82EA440319B25C0058
:1078F000002948BF82EA430421B26300002948BF3F
:1079000082EA440319B25C00002948BF82EA4304BA
:1079100021B26300002948BF82EA440319B25C0027
:10792000002948BF82EA430421B26300002948BF0E
:1079300082EA4403BEF1420F90D1C380BDE81040FB
:10794000704700000000000070B584B041F20005EF
:107950000446C5F602059D208DF80F004FF4006126
:1079600000222846FBF720FF47F228760DF10F0191
:10797000C2F2000601224FF0FF333046FEF724F931
:107980000DF101010E224FF0FF333046FDF7ACFF41
:107990004FF4006101222846FBF706FFBDF80310F3
:1079A000BDF80520BDF80730BDF801009FED2E1B86
:1079B000C9BA00EE101AD2BA02EE102ADABA03EEF1
:1079C000102AB8EEC00BBDF80910B8EEC22BBDF8F6
:1079D0000B20B8EEC33BBDF80D3020EE010BC9BA49
:1079E0009FED257A22EE012B00BA23EE011B000C3D
:1079F00003EE101AD1BA05EE101AD9BA06EE101A13
:107A0000B8EEC33BB8EEC55BB8EEC66B9FED184B46
:107A100023EE043B25EE045B26EE044B06EE100A33
:107A2000B7EEC00B84ED000AB8EE466AB7EEC22B83
:107A300084ED012A86EE076AB3EE097AB7EEC11B20
:107A400084ED021AB7EEC33B36EE076A84ED033AC3
:107A5000B7EEC55B84ED0A6AB7EEC44B84ED045AF9
:107A600084ED054A04B070BD000000000000203F16
:107A70000000000000409F3FE17A04430000000046
:107A800070B582B041F200041646C5F602040D46F8
:107A900040F080008DF807004FF40061002220467E
:107AA000FBF782FE47F228700DF10701C2F20000D9
:107AB00001224FF0FF33FEF787F84EB147F22870EE
:107AC0004FF0FF33C2F2000029463246FDF70CFFAB
:107AD0004FF4006101222046FBF766FE02B070BD44
:107AE0002DE9F047C2B041F200089246C5F60208FF
:107AF0000D4606468DF806004FF400610022404610
:107B0000FBF752FE47F228770DF10601C2F200079B
:107B100001224FF0FF333846FEF756F84FF0FF339F
:107B2000384629465246FEF74FF84FF400610122CD
:107B30004046FBF739FE0120FBF746FD46F080008A
:107B40008DF807014FF4006100224046FBF72CFE40
:107B50000DF2071101224FF0FF333846FEF734F8DB
:107B6000BAF1000F3AD047F228700DF10709C2F2BE
:107B700000004FF0FF3349465246FDF7B5FE4FF483
:107B8000006101224046FBF70FFECAF1000CAAF18A
:107B90000101002219F80200AB5C984228D1914201
:107BA00017D009EB0203AE185F787478A7421FD193
:107BB0000CEB0207BC1C0CD09C78B078844217D127
:107BC000F81C06D0D878F378984211D10432924547
:107BD000E0D1002042B0BDE8F08700BF4FF4006163
:107BE00001224046FBF7E0FD002042B0BDE8F087EF
:107BF000012042B0BDE8F0872DE9F04182B040F2AB
:107C0000980540F60008C2F20005C5F60208688A29
:107C1000A98A0138013982B200208BB2002101F01B
:107C20000FF9102100224046FBF7BEFD00BF00BF48
:107C3000202101224046FBF7B7FD00BF00BF688A44
:107C4000A98AEA688DF8062001FB00F4100A8DF875
:107C50000700ACB147F218650DF10706C2F2000546
:107C60000DF106070122642328463146FDF7ACFFDB
:107C70000122642328463946FDF7A6FF013CF1D1D5
:107C800000BF00BF102101224046FBF78DFD02B06E
:107C9000BDE8F081000000002DE9F04F83B040F214
:107CA0009807C2F20007CDE901013B681D89002D4C
:107CB00000F09680203A45F6381E5FFA82F918687F
:107CC000D7E902BA0027C2F2000E00224FF00008E6
:107CD00005FB0904E55D1FFA88F4EE075E4608BF60
:107CE00056462EF81460561C1FFA86FC9C88A44544
:107CF00008F1010454D0A6B2AC075C4658BF544604
:107D00002EF81640961CB1B29C88A14208F10204DC
:107D100046D0A1B26E075E4658BF56462EF8116097
:107D2000D61CB4B299888C4208F1030438D0A1B2B1
:107D30002E075E4658BF56462EF81160161DB4B287
:107D400099888C4208F104042AD0A1B2EE065E465E
:107D500058BF56462EF81160561DB4B299888C4211
:107D600008F105041CD0A1B2AE065E4658BF5646C7
:107D70002EF81160961DB4B299888C4208F1060461
:107D80000ED0A1B26E065E4658BF56462EF8116060
:107D9000D61DB4B299888C4208F1070408D100BFFF
:107DA0000022A0461D890137AF4291D319E000BFE0
:107DB00069B208F10808A6B20029594658BF5146D1
:107DC0002EF8161002F108018AB29E88921B18BF85
:107DD0000A461D890137AF42FFF47AAF01E000BFC8
:107DE0009E88DB880198029982190B44013A92B26D
:107DF000013B9BB201F024F840F2980040F60004E9
:107E0000C2F20000C5F60204102100220068858835
:107E1000C6882046FBF7C8FC00BF00BF2021012216
:107E20002046FBF7C1FC05FB06F045F6381100BF04
:107E30004000C2F2000100BF82B247F21860C2F2F5
:107E400000004FF47A73FDF7BFFE00BF00BF1021A2
:107E50000122204603B0BDE8F04FFBF7A5BC0000AF
:107E6000F0B587B040F298060FF2480EC2F2000655
:107E70000FF2480C0C460546377C02A8002F08BFBD
:107E8000F4468DED000B6146F8F73AFB708A8542A7
:107E90000ED202AF3A785AB1A8B22146FFF7FCFEE3
:107EA0003068013780880544708AA9B28142F1D3D5
:107EB00007B0F0BD25302A2E2A6C6600252A2E2A0E
:107EC0006C660000000000002DE9F04F87B044F21E
:107ED000E0404FF00009C5F60200CDF81890CDE95A
:107EE0000499CDE90299016840F6000441F00401CB
:107EF00001600168C5F6020401F0040101910199D5
:107F0000016841F004010160016802AE01F0040162
:107F100001910199016841F0020101600068314658
:107F200000F00200019001981020029020460125E7
:107F30000327CDE903590597FBF75AFB10210122CE
:107F40002046FBF731FC20200290204631464FF0BE
:107F500020080597CDE90359FBF74AFBA4F5806794
:107F6000314638460097CDE90255CDE90499FBF733
:107F70003FFB012100223846FBF716FC0A20FBF7E5
:107F800023FB36208DF80400102100222046FBF749
:107F90000BFC00BF00BF202100222046FBF704FCA1
:107FA00000BF47F2186601A900BFC2F20006012215
:107FB0004FF47A733046FDF707FE00BF00BF102173
:107FC00001222046FBF7F0FB1021002220468DF80D
:107FD0000490FBF7E9FB00BF00BF202101222046EF
:107FE000FBF7E2FB00BF00BF01A901224FF47A7347
:107FF0003046FDF7E9FD00BF00BF102101222046F9
:10800000FBF7D2FB3A208DF8040010210022204615
:10801000FBF7CAFB00BF00BF202100222046FBF770
:10802000C3FB00BF00BF01A901224FF47A733046A1
:10803000FDF7CAFD00BF00BF102101222046FBF75B
:10804000B3FB05208DF80400102100222046FBF729
:10805000ABFB00BF00BF202101222046FBF7A4FBA1
:1080600000BF00BF01A901224FF47A733046FDF72B
:10807000ABFD00BF00BF102101222046FBF794FB9F
:10808000B2208DF80400102100222046FBF78CFB63
:1080900000BF00BF202100222046FBF785FB00BF68
:1080A00000BF01A901224FF47A733046FDF78CFD21
:1080B00000BF00BF102101222046FBF775FB0C20FA
:1080C0008DF804001021002220460C27FBF76CFBE2
:1080D00000BF00BF202101222046FBF765FB00BF47
:1080E00000BF01A901224FF47A733046FDF76CFD01
:1080F00000BF00BF102101222046FBF755FB1021D5
:10810000002220468DF80470FBF74EFB00BF00BF35
:10811000202101222046FBF747FB00BF00BF01A939
:1081200001224FF47A733046FDF74EFD00BF00BFC9
:10813000102101222046FBF737FB102100222046A8
:108140008DF80490FBF730FB00BF00BF2021012217
:108150002046FBF729FB00BF00BF01A901224FF415
:108160007A733046FDF730FD00BF00BF10210122B9
:108170002046FBF719FB10210022204633278DF8FB
:108180000470FBF711FB00BF00BF20210122204635
:10819000FBF70AFB00BF00BF01A901224FF47A736D
:1081A0003046FDF711FD00BF00BF1021012220461F
:1081B000FBF7FAFA1021002220468DF80470FBF735
:1081C000F3FA00BF00BF202101222046FBF7ECFAA2
:1081D00000BF00BF01A901224FF47A733046FDF7BA
:1081E000F3FC00BF00BF102101222046FBF7DCFAA0
:1081F000B7208DF80400102100222046FBF7D4FAA6
:1082000000BF00BF202100222046FBF7CDFA00BFAF
:1082100000BF01A901224FF47A733046FDF7D4FC68
:1082200000BF00BF102101222046FBF7BDFA352018
:108230008DF80400102100222046FBF7B5FA00BF9C
:1082400000BF202101222046FBF7AEFA00BF00BF8D
:1082500001A901224FF47A733046FDF7B5FC00BF47
:1082600000BF102101222046FBF79EFABB208DF8AB
:108270000400102100222046FBF796FA00BF00BF41
:10828000202100222046FBF78FFA00BF00BF01A982
:1082900001224FF47A733046FDF796FC00BF00BF11
:1082A000102101222046FBF77FFA19208DF80400E7
:1082B000102100222046FBF777FA00BF00BF2021E3
:1082C00001222046FBF770FA00BF00BF01A901227E
:1082D0004FF47A733046FDF777FC00BF00BF1021E2
:1082E00001222046FBF760FAC0208DF8040010211F
:1082F00000222046FBF758FA00BF00BF20210022D1
:108300002046FBF751FA00BF00BF01A901224FF43C
:108310007A733046FDF758FC00BF00BF10210122E0
:108320002046FBF741FA2C208DF804001021002292
:108330002046FBF739FA00BF00BF2021012220466A
:10834000FBF732FA00BF00BF01A901224FF47A7394
:108350003046FDF739FC00BF00BF10210122204646
:10836000FBF722FAC2208DF80400102100222046DB
:10837000FBF71AFA00BF00BF202100222046FBF7BE
:1083800013FA00BF00BF01A901224FF47A733046EF
:10839000FDF71AFC00BF00BF102101222046FBF7A9
:1083A00003FA1021002220468DF80450FBF7FCF957
:1083B00000BF00BF202101222046FBF7F5F900BFD6
:1083C00000BF01A901224FF47A733046FDF7FCFB90
:1083D00000BF00BF102101222046FBF7E5F9C320B2
:1083E0008DF80400102100222046FBF7DDF900BFC4
:1083F00000BF202100222046FBF7D6F900BF00BFB6
:1084000001A901224FF47A733046FDF7DDFB00BF6E
:1084100000BF102101222046FBF7C6F912208DF87B
:108420000400102100222046FBF7BEF900BF00BF68
:10843000202101222046FBF7B7F900BF00BF01A9A8
:1084400001224FF47A733046FDF7BEFB00BF00BF38
:10845000102101222046FBF7A7F9C4208DF8040063
:10846000102100222046FBF79FF900BF00BF20210A
:1084700000222046FBF798F900BF00BF01A90122A6
:108480004FF47A733046FDF79FFB00BF00BF102109
:1084900001222046FBF788F91021002220468DF8A2
:1084A0000480FBF781F900BF00BF20210122204694
:1084B000FBF77AF900BF00BF01A901224FF47A73DC
:1084C0003046FDF781FB00BF00BF1021012220468E
:1084D000FBF76AF9C6208DF804001021002220461F
:1084E000FBF762F900BF00BF202100222046FBF706
:1084F0005BF900BF00BF01A901224FF47A73304637
:10850000FDF762FB00BF00BF102101222046FBF7F0
:108510004BF90F208DF80400102100222046FBF7B4
:1085200043F900BF00BF202101222046FBF73CF9A0
:1085300000BF00BF01A901224FF47A733046FDF756
:1085400043FB00BF00BF102101222046FBF72CF99E
:108550001021002220464FF0D0088DF80480FBF750
:1085600023F900BF00BF202100222046FBF71CF9A1
:1085700000BF00BF01A901224FF47A733046FDF716
:1085800023FB00BF00BF102101222046FBF70CF99E
:10859000A4208DF80400102100222046FBF704F9E6
:1085A00000BF00BF202101222046FBF7FDF800BFDD
:1085B00000BF01A901224FF47A733046FDF704FB96
:1085C00000BF00BF102101222046FBF7EDF8A120DB
:1085D0008DF80400102100222046FBF7E5F800BFCB
:1085E00000BF202101222046FBF7DEF800BF00BFBC
:1085F00001A901224FF47A733046FDF7E5FA00BF76
:1086000000BF102101222046FBF7CEF8E0208DF8B4
:108610000400102100222046FBF7C6F800BF00BF6F
:10862000202100222046FBF7BFF800BF00BF01A9B0
:1086300001224FF47A733046FDF7C6FA00BF00BF3F
:10864000102101222046FBF7AFF81021002220461E
:108650008DF80480FBF7A8F800BF00BF202101229D
:108660002046FBF7A1F800BF00BF01A901224FF48B
:108670007A733046FDF7A8FA00BF00BF102101222F
:108680002046FBF791F804208DF804001021002209
:108690002046FBF789F800BF00BF202101222046B9
:1086A000FBF782F800BF00BF01A901224FF47A73E3
:1086B0003046FDF789FA00BF00BF10210122204695
:1086C000FBF772F81021002220460D258DF804508A
:1086D000FBF76AF800BF00BF202101222046FBF70C
:1086E00063F800BF00BF01A901224FF47A7330463E
:1086F000FDF76AFA00BF00BF102101222046FBF7F8
:1087000053F811208DF80400102100222046FBF7B9
:108710004BF800BF00BF202101222046FBF744F8A0
:1087200000BF00BF01A901224FF47A733046FDF764
:108730004BFA00BF00BF102101222046FBF734F89E
:1087400010210022204613278DF80470FBF72CF827
:1087500000BF00BF202101222046FBF725F800BF03
:1087600000BF01A901224FF47A733046FDF72CFABD
:1087700000BF00BF102101222046FBF715F82B2077
:108780008DF80400102100222046FBF70DF800BFF1
:1087900000BF202101222046FBF706F800BF00BFE2
:1087A00001A901224FF47A733046FDF70DFA00BF9C
:1087B00000BF102101222046FAF7F6FF1021002207
:1087C00020464FF03F0B8DF804B0FAF7EDFF00BFE5
:1087D00000BF202101222046FAF7E6FF00BF00BFBC
:1087E00001A901224FF47A733046FDF7EDF900BF7D
:1087F00000BF102101222046FAF7D6FF54208DF841
:108800000400102100222046FAF7CEFF00BF00BF6F
:10881000202101222046FAF7C7FF00BF00BF01A9AF
:1088200001224FF47A733046FDF7CEF900BF00BF46
:10883000102101222046FAF7B7FF4C208DF80400E2
:10884000102100222046FAF7AFFF00BF00BF202111
:1088500001222046FAF7A8FF00BF00BF01A90122AC
:108860004FF47A733046FDF7AFF900BF00BF102117
:1088700001222046FAF798FF18208DF804001021F5
:1088800000222046FAF790FF00BF00BF20210122FE
:108890002046FAF789FF00BF00BF01A901224FF46B
:1088A0007A733046FDF790F900BF00BF1021012216
:1088B0002046FAF779FF1021002220468DF8045057
:1088C000FAF772FF00BF00BF202101222046FAF70D
:1088D0006BFF00BF00BF01A901224FF47A7330463D
:1088E000FDF772F900BF00BF102101222046FAF700
:1088F0005BFF0B208DF80400102100222046FAF7C0
:1089000053FF00BF00BF202101222046FAF74CFF91
:1089100000BF00BF01A901224FF47A733046FDF772
:1089200053F900BF00BF102101222046FAF73CFF97
:108930001021002220464FF01F0A8DF804A0FAF7FC
:1089400033FF00BF00BF202101222046FAF72CFF91
:1089500000BF00BF01A901224FF47A733046FDF732
:1089600033F900BF00BF102101222046FAF71CFF97
:1089700010210022204623258DF80450FAF714FF19
:1089800000BF00BF202101222046FAF70DFF00BFE3
:1089900000BF01A901224FF47A733046FDF714F9A4
:1089A00000BF00BF102101222046FAF7FDFEE120A2
:1089B0008DF80400102100222046FAF7F5FE00BFD2
:1089C00000BF202100222046FAF7EEFE00BF00BFC4
:1089D00001A901224FF47A733046FDF7F5F800BF84
:1089E00000BF102101222046FAF7DEFE10210022EE
:1089F00020468DF80480FAF7D7FE00BF00BF202183
:108A000001222046FAF7D0FE00BF00BF01A90122D3
:108A10004FF47A733046FDF7D7F800BF00BF10213E
:108A200001222046FAF7C0FE04208DF80400102130
:108A300000222046FAF7B8FE00BF00BF2021012225
:108A40002046FAF7B1FE00BF00BF01A901224FF492
:108A50007A733046FDF7B8F800BF00BF102101223D
:108A60002046FAF7A1FE0C208DF804001021002208
:108A70002046FAF799FE00BF00BF202101222046C0
:108A8000FAF792FE00BF00BF01A901224FF47A73EA
:108A90003046FDF799F800BF00BF102101222046A3
:108AA000FAF782FE11208DF80400102100222046E2
:108AB0004FF01108FAF778FE00BF00BF2021012215
:108AC0002046FAF771FE00BF00BF01A901224FF452
:108AD0007A733046FDF778F800BF00BF10210122FD
:108AE0002046FAF761FE1021002220468DF804701E
:108AF000FAF75AFE00BF00BF202101222046FAF7F4
:108B000053FE00BF00BF01A901224FF47A73304623
:108B1000FDF75AF800BF00BF102101222046FAF7E6
:108B200043FE2C208DF80400102100222046FAF785
:108B30003BFE00BF00BF202101222046FAF734FE91
:108B400000BF00BF01A901224FF47A733046FDF740
:108B50003BF800BF00BF102101222046FAF724FE97
:108B60001021002220468DF804B0FAF71DFE00BF48
:108B700000BF202101222046FAF716FE00BF00BFE9
:108B800001A901224FF47A733046FDF71DF800BFAA
:108B900000BF102101222046FAF706FE44208DF87E
:108BA0000400102100222046FAF7FEFD00BF00BF9E
:108BB000202101222046FAF7F7FD00BF00BF01A9DE
:108BC00001224FF47A733046FCF7FEFF00BF00BF6E
:108BD000102101222046FAF7E7FD51208DF804000C
:108BE000102100222046FAF7DFFD00BF00BF202140
:108BF00001222046FAF7D8FD00BF00BF01A90122DB
:108C00004FF47A733046FCF7DFFF00BF00BF10213E
:108C100001222046FAF7C8FD2F208DF8040010210C
:108C200000222046FAF7C0FD00BF00BF202101222C
:108C30002046FAF7B9FD00BF00BF01A901224FF499
:108C40007A733046FCF7C0FF00BF00BF102101223D
:108C50002046FAF7A9FD1021002220468DF804A035
:108C6000FAF7A2FD00BF00BF202101222046FAF73B
:108C70009BFD00BF00BF01A901224FF47A7330466B
:108C8000FCF7A2FF00BF00BF102101222046FAF727
:108C90008BFD1021002220468DF804A0FAF784FDF8
:108CA00000BF00BF202101222046FAF77DFD00BF52
:108CB00000BF01A901224FF47A733046FCF784FF0C
:108CC00000BF00BF102101222046FAF76DFD2020D1
:108CD0008DF80400102100222046FAF765FD00BF40
:108CE00000BF202101222046FAF75EFD00BF00BF31
:108CF00001A901224FF47A733046FCF765FF00BFEB
:108D000000BF102101222046FAF74EFD102100225B
:108D100020468DF80450FAF747FD00BF00BF202120
:108D200001222046FAF740FD00BF00BF01A9012241
:108D30004FF47A733046FCF747FF00BF00BF1021A5
:108D400001222046FAF730FD21208DF80400102181
:108D500000222046FAF728FD00BF00BF2021002294
:108D60002046FAF721FD00BF00BF01A901224FF400
:108D70007A733046FCF728FF00BF00BF10210122A4
:108D80002046FAF711FD1021002220468DF80480BC
:108D9000FAF70AFD00BF00BF202100222046FAF7A3
:108DA00003FD00BF00BF01A901224FF47A733046D2
:108DB000FCF70AFF00BF00BF102101222046FAF78E
:108DC000F3FC7820FAF700FC29208DF8040010212C
:108DD00000222046FAF7E8FC00BF00BF2021002255
:108DE0002046FAF7E1FC00BF00BF01A901224FF4C1
:108DF0007A733046FCF7E8FE00BF00BF1021012265
:108E00002046FAF7D1FC002000F022F940F2980445
:108E10004FF6FF70C2F20004C4E90290FEF7ECFEC8
:108E200040F22C000121C2F20000206001220098D3
:108E300084F81090FAF7B8FC07B0BDE8F08F000096
:108E40002DE9F04784B040F600041646C5F602044A
:108E5000894607462A208DF8050010210022204669
:108E60009846FAF7A1FC00BF00BF2021002220464F
:108E7000FAF79AFC00BF47F218650DF1050100BF33
:108E8000C2F2000501224FF47A732846FCF79CFEDB
:108E900000BF00BF102101222046FAF785FC40F2F6
:108EA000980A1021C2F2000A00229AF8160007441C
:108EB0002046FAF779FC00BF00BF2021012220469E
:108EC000FAF772FC00BF00BF38BA0DF10601000CC2
:108ED000ADF8060002224FF47A732846FCF774FEC0
:108EE00000BF00BF102101222046FAF75DFC9AF86E
:108EF00016001021002206442046FAF755FC00BF58
:108F000000BF202101222046FAF74EFC00BF00BF1F
:108F100030BA02A9000CADF8080002224FF47A73AF
:108F20002846FCF751FE00BF00BF10210122204659
:108F3000FAF73AFC2B208DF80A0010210022204677
:108F4000FAF732FC00BF00BF202100222046FAF7CA
:108F50002BFC00BF00BF0DF10A0101224FF47A7310
:108F60002846FCF731FE00BF00BF10210122204639
:108F7000FAF71AFC9AF817001021002209EB0006F4
:108F80002046FAF711FC00BF00BF20210122204635
:108F9000FAF70AFC00BF00BF30BA0DF10B01000C5C
:108FA000ADF80B0002224FF47A732846FCF70CFE52
:108FB00000BF00BF102101222046FAF7F5FB9AF806
:108FC00017001021002208EB00062046FAF7ECFB00
:108FD00000BF00BF202101222046FAF7E5FB00BFB9
:108FE00000BF30BA0DF10D01000CADF80D000222EA
:108FF0004FF47A732846FCF7E7FD00BF00BF10214D
:1090000001222046FAF7D0FB2C208DF80F0010210A
:1090100000222046FAF7C8FB00BF00BF2021002233
:109020002046FAF7C1FB00BF00BF0DF10F0101227E
:109030004FF47A732846FCF7C7FD00BF00BF10212C
:1090400001222046FAF7B0FB04B0BDE8F08700002B
:10905000F0B583B040F298060328C2F2000670749F
:1090600000F21681DFE800F002C63E7A40F6000406
:109070003620C5F602048DF8040010210022204697
:10908000FAF792FB00BF00BF202100222046FAF72A
:109090008BFB00BF47F2186501A900BFC2F20005B3
:1090A00001224FF47A732846FCF78EFD00BF00BF03
:1090B000102101222046FAF777FB70208DF8050079
:1090C000102100222046FAF76FFB00BF00BF2021CD
:1090D00001222046FAF768FB00BF00BF0DF1050131
:1090E000C2E000BF40F600043620C5F602048DF849
:1090F00006001021002220460027FAF755FB00BF8A
:1091000000BF202100222046FAF74EFB00BF47F2A5
:1091100018650DF1060100BFC2F2000501224FF4EF
:109120007A732846FCF750FD00BF00BF10210122D2
:109130002046FAF739FB1021002220468DF80770EF
:10914000FAF732FB00BF00BF202101222046FAF7C8
:109150002BFB00BF00BF0DF107013AE040F6000411
:109160003620C5F602048DF80A00102100222046A0
:10917000FAF71AFB00BF00BF202100222046FAF7B1
:1091800013FB00BF47F218650DF10A0100BFC2F2E0
:10919000000501224FF47A732846FCF715FD00BF45
:1091A00000BF102101222046FAF7FEFAC0208DF8F8
:1091B0000B00102100222046FAF7F6FA00BF00BF8C
:1091C000202101222046FAF7EFFA00BF00BF0DF17F
:1091D0000B0101224FF47A732846FCF7F5FC00BF1F
:1091E00000BF102101222046FAF7DEFA4FF4A070EA
:1091F000F02149E040F600043620C5F602048DF85F
:109200000800102100222046FAF7CEFA00BF00BF66
:10921000202100222046FAF7C7FA00BF47F218655E
:1092200002A900BFC2F2000501224FF47A7328465A
:10923000FCF7CAFC00BF00BF102101222046FAF74C
:10924000B3FAA0208DF80900102100222046FAF779
:10925000ABFA00BF00BF202101222046FAF7A4FA92
:1092600000BF00BF0DF1090101224FF47A732846B7
:10927000FCF7AAFC00BF00BF102101222046FAF72C
:1092800093FAF0204FF4A0710022F2827182B08232
:1092900003B0F0BD0000000080B547F2B0400021EF
:1092A000C2F20000C4F6020101600021C0E9011110
:1092B000C0E90311C0E90511C0E90811C0E90A11AC
:1092C0000163F8F7B1FC08B1F8F72EFB4E2000213E
:1092D0000522FAF751FC4E20BDE88040FAF738BC71
:1092E00080B582B044F2D8400022C5F60200016881
:1092F00041F0020101600068002100F002000190CD
:1093000001984620FAF738FC462002B0BDE88040BC
:10931000FAF71EBC000000002DE9F04F87B044F2C0
:10932000E0400026C5F602000696CDE90466CDE9C8
:109330000266016841F2000941F010010160016814
:10934000C5F6020901F0100101910199016841F08F
:10935000040101600168A9F5805401F00401019144
:109360000199016841F0800101600168012201F06A
:10937000800101910199016841F0010101600168DA
:10938000042701F0010101910199016841F00201F6
:1093900001600168012501F0020101910199016854
:1093A00041F0080101600068042100F0080001900C
:1093B00001982046FAF7F8F9A9F5006A3021002251
:1093C0005046FAF7F1F9A9F5406841F2010100228F
:1093D0004046FAF7E9F9802101224846FAF7E4F914
:1093E0004FF4006100224846FAF7DEF9A9F5806BD8
:1093F0004FF4407101225846FAF7D6F944F2C00101
:1094000000225846FAF7D0F9CDE9027502AF20469E
:109410003946CDE90466FAF7EBF808203946CDE97C
:10942000020620460495FAF7E3F802A91020032467
:10943000059461C150463946FAF7DAF802A92020AE
:10944000059661C150463946FAF7D2F8404639468A
:10945000CDE90255CDE90466FAF7CAF802A98020E1
:10946000059661C148463946FAF7C2F84FF4807054
:109470003946CDE9020648460496FAF7B9F84FF4A2
:1094800080603946CDE9020648460495FAF7B0F8FF
:109490004FF400603946CDE902054846CDE9045451
:1094A000FAF7A6F802A94FF48050059461C140462E
:1094B0003946FAF79DF802A94FF48640059661C136
:1094C00058463946FAF794F802203946CDE90206A3
:1094D00058460495FAF78CF803A9C0200290112091
:1094E00061C158463946FAF783F807B0BDE8F08FF6
:1094F00080B547F2785045F60001C2F2000047F20D
:10950000B152C4F20001C3F27002C0E9001200219E
:1095100081600122C0E90321C0E90511C0E90711FA
:10952000FAF7A6F908B1F8F7FFF947F278500021E9
:10953000C2F20000FAF750F908B1F8F7F5F947F26E
:1095400078500021C2F20000FAF76EF9002808BF37
:1095500080BDBDE88040F8F7E7B9000000000000DA
:1095600080B547F2CC5045F20001C2F20000C5F2CE
:10957000002100220160FF21416001218160C0E9DA
:109580000321C0E90522C0E90722FAF75DFB0028A4
:1095900008BF80BDBDE88040F8F7C6B900000000F4
:1095A00010B547F2186443F20000C2F20004C4F29E
:1095B00001004FF0806120604FF4800060604FF444
:1095C0000030A0600720E0600020C4E90400C4E986
:1095D0000610C4E90800C4E90A004FF08040606347
:1095E00004F138002421F7F758FA2046FBF7E8FF8A
:1095F000002808BF10BDBDE81040F8F795B900007D
:1096000010B547F2A06443F60000C2F20004C4F2B1
:109610000000072120604FF4800060600020A060FF
:10962000E1604FF0007121614FF0807161614FF096
:109630008061A1614FF08051C4E90710C4E90900BD
:10964000E0624FF08040606304F138002421F7F7B6
:1096500024FA2046FBF7B4FF002808BF10BDBDE880
:109660001040F8F761B9000010B547F2287443F2D2
:109670000040C2F20004C4F20100072120604FF450
:10968000800060600020A060C4E9031060614FF0BA
:109690008061A1614FF00051C4E90710C4E90900DD
:1096A000E06204F134002821F7F7F7F92046FBF7D0
:1096B00087FF002808BF10BDBDE81040F8F734B997
:1096C00080B588B047F2FC7044F20002C2F200009C
:1096D00000210791C4F20102CDE905110291026057
:1096E000EF22C0E901214FF6FF72C0E90321C0E972
:1096F0000511FCF78DFC08B1F8F716F94FF480500E
:10970000049047F2FC7004A9C2F20000FCF7BCFD13
:1097100008B1F8F709F900200190039047F2FC70B6
:10972000C2F2000001A9FCF70BFC08B1F8F7FCF845
:1097300008B080BD0000000080B547F6480044F244
:109740000041C2F20000C4F201014FF6FF72016055
:109750000021C0E90111C0E90321C0E90511FCF7AE
:1097600057FC002808BF80BDBDE88040F8F7DCB892
:1097700070B5A0B001A82C2100241994CDE917449C
:10978000CDE91444CDE91244CDE91044CDE90E44AD
:10979000CDE90C44F7F781F947F2B0700025C2F229
:1097A0000000C4F20105EF210560C0E9011440F298
:1097B000E731C0E90314C0E90544FCF729FC08B10E
:1097C000F8F7B2F84FF48050169047F2B07016A92F
:1097D000C2F20000FCF758FD08B1F8F7A5F847F20F
:1097E000B070C2F20000FDF7DBFA08B1F8F79CF8A0
:1097F00047F2B07013A9C2F200000024CDE913446F
:109800001594FCF79DFB08B1F8F78EF860200CA9C1
:10981000CDE90C0447F2B0700022C2F200001294AD
:10982000CDE90E44CDE91044FDF75EF808B1F8F734
:109830007BF847F2B0700CA9C2F200000422FDF7D9
:1098400053F808B1F8F770F847F2B0740026C2F286
:1098500000044FF40050CDE906064FF0007001A956
:10986000CDE9090620460596CDE90366CDE90166F6
:1098700008960B96FCF718FB08B1F8F755F840F678
:1098800000012068C4F200011F968842CDE91D66E0
:10989000CDE91B6632D040F20041C4F2010188429A
:1098A00016D0A84249D144F2E0404FF44072C5F6C8
:1098B0000200016841F0010101600068012100F02F
:1098C00001001A901A980020C5F602002BE000BF94
:1098D00044F2E0400222C5F60200016841F00201B4
:1098E0000160006800F002001A9000201A99C5F685
:1098F0000200032100F5806015E000BF44F2E04063
:109900004FF40042C5F60200016841F00801016011
:10991000006800F008001A9000201A99C5F60200AD
:10992000022100F540601F911BA91B9202221C928C
:109930000022CDE91D22F9F75BFE20B070BD0000CA
:1099400010B58CB047F694000024C2F200004FF02E
:1099500080410194C0E900144FF0FF318460C0E9F8
:10996000031403218461CDE9031401210B94CDE993
:109970000514CDE9091403A9CDE90744FCF784FDDA
:1099800008B1F7F7D1FF47F694006946C2F200002C
:1099900000940294FCF7D4FA08B1F7F7C5FF0CB0B5
:1099A00010BD00000000000010B58CB047F6E000CC
:1099B00040F20041C2F200000024C4F20001019410
:1099C000C0E900144FF6FF718460C0E9031403215D
:1099D0008461CDE9031401210B94CDE90514CDE98F
:1099E000091403A9CDE90744FCF74EFD08B1F7F7C8
:1099F0009BFF47F6E0006946C2F200000094029423
:109A0000FCF79EFA08B1F7F78FFF0CB010BD00000D
:109A100070B590B047F62C1040F60005C2F2000079
:109A200000240894C4F20005CDE90544CDE90344BF
:109A3000C0E9005484604FF6FF71C0E903148461EB
:109A4000FDF7AEF908B1F7F76FFF47F62C1007A93D
:109A5000C2F2000007940994FCF772FA08B1F7F714
:109A600063FF47F62C146020C2F2000400906946A0
:109A70000C2220460026CDE901660496FCF734FF4F
:109A800008B1F7F751FF20680F96A8420C96CDE970
:109A90000D660B9634D040F20041C4F201018842B9
:109AA00018D00021C4F20101884248D144F2E040BC
:109AB0004FF44072C5F60200016841F001010160F7
:109AC0000068012100F001000A900A980020C5F604
:109AD00002002AE044F2E0400222C5F602000168DA
:109AE00041F002010160006800F002000A900020CD
:109AF0000A99C5F60200032100F5806015E000BF59
:109B000044F2E0404FF40042C5F60200016841F023
:109B100008010160006800F008000A9000200A991E
:109B2000C5F60200022100F540600F910BA90B92CF
:109B300002220C920022CDE90D22F9F759FD10B056
:109B400070BD00000000000010B58CB047F6781022
:109B500040F60041C2F200000024C4F2000101946A
:109B6000C0E900144FF0FF318460C0E90314032101
:109B70008461CDE9031401210B94CDE90514CDE9ED
:109B8000091403A9CDE90744FCF77EFC08B1F7F7F7
:109B9000CBFE47F678106946C2F2000000940294AA
:109BA000FCF7CEF908B1F7F7BFFE0CB010BD00000E
:109BB00010B584B047F6C41041F20001C2F20000B3
:109BC00000240294C4F20001016046F2A711C0E92A
:109BD00001146321C16080218161FCF719FA08B189
:109BE000F7F7A2FE47F6C41001A9C2F200000194E3
:109BF0000394FCF7A5F908B1F7F796FE04B010BD81
:109C000010B584B047F6102041F20041C2F20000C6
:109C100000240294C4F20001016045F6BF51C0E97E
:109C2000011440F2F311C16080218161FCF7F0F969
:109C300008B1F7F779FE47F6102001A9C2F200003B
:109C400001940394FCF77CF908B1F7F76DFE04B0BA
:109C500010BD00000000000070B5A0B001A82C21CC
:109C600000241994CDE91744CDE91444CDE91244F8
:109C7000CDE91044CDE90E44CDE90C44F6F70DFFD3
:109C800047F65C2040F20045C2F20000C4F2010534
:109C90004FF6FF71C0E900548460C0E90314C0E9C5
:109CA0000544FCF7B5F908B1F7F73EFE4FF48050D4
:109CB000169047F65C2016A9C2F20000FCF7E4FA01
:109CC00008B1F7F731FE47F65C20C2F20000FDF75D
:109CD00067F808B1F7F728FE47F65C2013A9C2F22F
:109CE00000000024CDE913441594FCF729F908B1CC
:109CF000F7F71AFE60200CA9CDE90C0447F65C20AA
:109D00000822C2F200001294CDE90E44CDE91044BD
:109D1000FCF7EAFD08B1F7F707FE47F65C240026DA
:109D2000C2F200044FF40050CDE906064FF0007077
:109D300001A9CDE9090620460596CDE90366CDE9DE
:109D4000016608960B96FCF7AFF808B1F7F7ECFD43
:109D500040F600012068C4F200011F968842CDE958
:109D60001D66CDE91B6631D0A84219D00021C4F28E
:109D70000101884249D144F2E0404FF44072C5F6F7
:109D80000200016841F0010101600068012100F05A
:109D900001001A901A980020C5F602002BE000BFBF
:109DA00044F2E0400222C5F60200016841F00201DF
:109DB0000160006800F002001A9000201A99C5F6B0
:109DC0000200032100F5806015E000BF44F2E0408E
:109DD0004FF40042C5F60200016841F0080101603D
:109DE000006800F008001A9000201A99C5F60200D9
:109DF000022100F540601F911BA91B9202221C92B8
:109E00000022CDE91D22F9F7F3FB20B070BD000060
:109E100080B547F6A82044F60041C2F20000C4F223
:109E200000010C2201604FF4E13141600021C0E9E2
:109E300002110161C0E90521C0E90711C0E909115A
:109E4000FDF792F908B1F7F76FFD47F6A82000215A
:109E5000C2F20000FDF740F908B1F7F765FD47F6DB
:109E6000A8200021C2F20000FDF7EEF808B1F7F7D4
:109E70005BFD47F6A820C2F20000FDF7C9F80028F4
:109E800008BF80BDBDE88040F7F74EBD0000000070
:109E9000FEE7000000000000FEE7000000000000F8
:109EA000B0B582B047F200554FF48070C2F20005A1
:109EB0000C46E8612846F9F757F828214BF2400391
:109EC000C4F60201C2F200434FF01052284600943B
:109ED000F7F7CAFF08B1F7F727FD47F2B040C2F223
:109EE00000000068016841F480410160016821F0D0
:109EF0000201016001680160C16841F00101C160B7
:109F0000016841F00101016002B0B0BD0000000035
:109F10002DE9F04F83B000F047FC0A20F9F754FB1D
:109F200000F06EF93220F9F74FFBFF20012101F01C
:109F30002FF90A2000F0F8FD02900B2000F0F4FD4C
:109F40004FF6206141F2A01B41F2807C41F6605E39
:109F500001900020CFF6FF71C2F2004BC2F2004C1C
:109F6000C2F2004E4DF25C624DF63C04C2F20002B9
:109F70004BF24003C2F200040A44C2F200436718E5
:109F800000F1105A03440AF5BC74C2F8E44103F529
:109F90003C7403F5BC66C7F8E84103F5EB64C7F809
:109FA000F06140F64826C7F8F4414BF68824C2F227
:109FB0000046C2F20044064404440AF58D65C2F826
:109FC000EC510AF5BC65C2F8F0510AF5EB65C2F830
:109FD000F4510AF50D65C2F8F85103F58D65C7F81F
:109FE000EC5103F50D65C7F8F8510AF53C65C2F868
:109FF000005203F53C65C7F8005206F53C75C2F8FF
:10A00000045204F53C75C7F80452C7F8FC410AF540
:10A010006B65C2F8085203F56B65C7F8085206F580
:10A02000BC65C2F80C5204F5BC65C7F80C5200EBD5
:10A030000B05C2F8105203F58D55C7F8105206F5FE
:10A040000D65C2F8145204F50D64C7F8144241F2CC
:10A0500090444CF2D045C2F20044C2F200450444A0
:10A06000054403F5BC79C2F8FC6104F5BC76C2F87E
:10A070001C6205F5BC76C7F81C6203F5BC56C7F830
:10A08000E03103F5EB53C2F818420AF53C78C7F803
:10A09000303200EB0C03C2F8203204F58D63C2F8B5
:10A0A000243204F5BC6304F5EB64C2F82C4241F69B
:10A0B000D864C2F8E881C2F20044C2F8E0A10444C6
:10A0C000C2F8283200EB0E03C2F8303204F5BC733C
:10A0D0006031C2E98D4304F53C73C2F83C324CF662
:10A0E0001872C7F8E491C2F20042C7F82062024435
:10A0F00000F50D5005F58D66C7F8246205F5BC66C0
:10A10000C7F82862C7F8185205F5EB65C7F82C5256
:10A1100002F5BC73C7E98D2302F53C72C7F83C22F7
:10A120007FF420AF4DF27C404DF25C61C2F2000042
:10A13000C2F200014FF4F072F6F753FC0198029955
:10A1400000F0FD0040EA0120B0F5195F50D142F265
:10A150002C10FF25C0F60100841E00BFE8B2E17894
:10A16000257901F015F8002D04F10204F6D1FF2045
:10A170000021002501F00CF87C20002101F008F8F6
:10A180007D20182101F004F87C20052101F000F861
:10A190007D20802100F0FCFF7D20802100F0F8FF71
:10A1A000FF20002100F0F4FF5A20302100F0F0FFE2
:10A1B0005B20242100F0ECFF5C20002100F0E8FF90
:10A1C000E020002100F0E4FF47F2B0440421C2F295
:10A1D00000040B2240F27713772000902046F7F717
:10A1E000ABFB2046F7F7CCFB68B203B0BDE8F08FBD
:10A1F000FF2568B203B0BDE8F08F0000000000004A
:10A20000B0B582B00A200190019849F64044002878
:10A21000A0F10100019030D0002000BFADF8020095
:10A2200005E000BFBDF802100131ADF80210BDF825
:10A230000210A1421BD2BDF802100131ADF802108C
:10A24000BDF80210A14212D2BDF802100131ADF8E2
:10A250000210BDF80210A1423FBFBDF8021001314B
:10A26000ADF80210BDF8021038BFA142DAD301994F
:10A270000029A1F101010191D0D140F600404FF435
:10A280008041C5F6020000220025F9F78DFA14205E
:10A29000019000BF01980028A0F10100019029D091
:10A2A000ADF8025005E000BFBDF802000130ADF886
:10A2B0000200BDF80200A042ECD2BDF8020001305D
:10A2C000ADF80200BDF80200A042E3D2BDF80200E2
:10A2D0000130ADF80200BDF80200A0423FBFBDF85A
:10A2E00002000130ADF80200BDF8020038BFA04204
:10A2F000D0D2D9E7FF20012100F04AFF12208021AF
:10A3000000F046FF3220019001980028A0F10100E2
:10A31000019030D0002000BFADF8020005E000BF82
:10A32000BDF802100131ADF80210BDF80210A142D3
:10A330001BD2BDF802100131ADF80210BDF80210B9
:10A34000A14212D2BDF802100131ADF80210BDF8E1
:10A350000210A1423FBFBDF802100131ADF802105A
:10A36000BDF8021038BFA142DAD301990029A1F14A
:10A3700001010191D0D102B0B0BD00000000000089
:10A380007047000000000000F0B581B044F22C4797
:10A39000C5F6020757F8042C02F00302032A03D182
:10A3A000012001B0F0BD00BF054657F82C0C0C464B
:10A3B00020F0806047F82C0CF9F706FA064600BF3B
:10A3C00057F82C0C000105D5F9F7FEF9801B02287F
:10A3D000F6D964E057F8040CEE6895E80E0020F416
:10A3E0007C30012C40EA0130A2F101016FF35F21C2
:10A3F0004FF47E4202EB432247F8040C92B24FF036
:10A40000FE4302EB01004FF4FE012A6901EB064115
:10A4100001F4FE0103EB0262084402F0FE4108442D
:10A42000F8603868696920F0C00040EA01003860CF
:10A430003868A96920F0200040EA010038603868D7
:10A440004FF6F87120F0100038603869EA6920EAA8
:10A4500001004FF4001140EAC2003861386808BFBB
:10A460004FF4801140F01000002C386008BF4FF40A
:10A47000002138680843386057F82C0C40F08060A1
:10A4800047F82C0CF9F7A0F9044600BF57F82C0C3C
:10A49000000107D4F9F798F9001B0328F6D303202D
:10A4A00001B0F0BD002001B0F0BD000000000000D0
:10A4B000F0B581B044F22C47C5F6020757F8042CDA
:10A4C00002F00302032A03D1012001B0F0BD00BF56
:10A4D000054657F82C0C0C4620F0805047F82C0C01
:10A4E000F9F772F9064600BF57F82C0C800005D525
:10A4F000F9F76AF9801B0228F6D964E057F8040CD2
:10A50000EE6895E80E0020F07C70012C40EA0150C6
:10A51000A2F101016FF35F214FF47E4202EB43226F
:10A5200047F8040C92B24FF0FE4302EB01004FF4E7
:10A53000FE012A6901EB064101F4FE0103EB026210
:10A54000084402F0FE41084478613868696920F4E3
:10A55000406040EA010038603868A96920F4007062
:10A5600040EA0100386038684FF6F87120F48070D6
:10A570003860B869EA6920EA01004FF0807140EA6A
:10A58000C200B861386808BF4FF4000140F4807021
:10A59000002C386008BF4FF48001386808433860E9
:10A5A00057F82C0C40F0805047F82C0CF9F70CF9B8
:10A5B000044600BF57F82C0C800007D4F9F704F9C3
:10A5C000001B0328F6D3032001B0F0BD002001B02A
:10A5D000F0BD000000000000B0B582B040F60044BD
:10A5E0004021C5F60204002220460025F9F7DCF8D8
:10A5F000202001E001382BD0ADF80050BDF800104C
:10A600000529F7D8BDF800100131ADF80010BDF8EC
:10A6100000100529EED8BDF800100131ADF800108A
:10A62000BDF8001005299FBFBDF800100131ADF83D
:10A630000010BDF8001098BF0529DBD8BDF8001048
:10A640000131ADF80010BDF800100629DAD3D1E7CA
:10A650008021002220460025F9F7A6F8202001E0FD
:10A6600001382BD0ADF80250BDF802100529F7D8FB
:10A67000BDF802100131ADF80210BDF80210052935
:10A68000EED8BDF802100131ADF80210BDF802108D
:10A6900005299FBFBDF802100131ADF80210BDF8C9
:10A6A000021098BF0529DBD8BDF802100131ADF8C2
:10A6B0000210BDF802100629DAD3D1E740210122A9
:10A6C0002046F9F771F82020002101E001382BD055
:10A6D000ADF80410BDF80420052AF7D8BDF8042011
:10A6E0000132ADF80420BDF80420052AEED8BDF8EB
:10A6F00004200132ADF80420BDF80420052A9FBFD4
:10A70000BDF804200132ADF80420BDF8042098BF44
:10A71000052ADBD8BDF804200132ADF80420BDF8CD
:10A720000420062ADAD3D1E7402100222046002562
:10A73000F9F73AF8802101222046F9F735F8202070
:10A7400002E000BF01382BD0ADF80650BDF806106E
:10A750000529F7D8BDF806100131ADF80610BDF88F
:10A7600006100529EED8BDF806100131ADF8061027
:10A77000BDF8061005299FBFBDF806100131ADF8E0
:10A780000610BDF8061098BF0529DBD8BDF80610E5
:10A790000131ADF80610BDF806100629DAD3D1E76D
:10A7A00002B0B0BD0000000010B582B040F6004419
:10A7B0004021C5F6020401222046F8F7F5FF80216A
:10A7C00001222046F8F7F0FF4FF4A070002101E0CD
:10A7D00001382BD0ADF80610BDF80620052AF7D8B1
:10A7E000BDF806200132ADF80620BDF80620052A86
:10A7F000EED8BDF806200132ADF80620BDF80620DF
:10A80000052A9FBFBDF806200132ADF80620BDF82D
:10A81000062098BF052ADBD8BDF806200132ADF826
:10A820000620BDF80620062ADAD3D1E702B010BD13
:10A83000B0B582B040F600444021C5F602040022C3
:10A8400020460025F8F7B0FF202001E001382BD08A
:10A85000ADF80050BDF800100529F7D8BDF800107C
:10A860000131ADF80010BDF800100529EED8BDF893
:10A8700000100131ADF80010BDF8001005299FBF90
:10A88000BDF800100131ADF80010BDF8001098BF00
:10A890000529DBD8BDF800100131ADF80010BDF876
:10A8A00000100629DAD3D1E7802101222046F8F7EB
:10A8B0007BFF2020002101E001382BD0ADF80210F1
:10A8C000BDF80220052AF7D8BDF802200132ADF804
:10A8D0000220BDF80220052AEED8BDF80220013280
:10A8E000ADF80220BDF80220052A9FBFBDF8022066
:10A8F0000132ADF80220BDF8022098BF052ADBD84E
:10A90000BDF802200132ADF80220BDF80220062A6F
:10A91000DAD3D1E7402101222046F8F745FF202075
:10A92000002101E001382BD0ADF80410BDF804205F
:10A93000052AF7D8BDF804200132ADF80420BDF88F
:10A940000420052AEED8BDF804200132ADF8042019
:10A95000BDF80420052A9FBFBDF804200132ADF8E0
:10A960000420BDF8042098BF052ADBD8BDF80420D8
:10A970000132ADF80420BDF80420062ADAD3D1E76D
:10A980004021002220460025F8F70EFF202001E09C
:10A9900001382BD0ADF80650BDF806100529F7D8C0
:10A9A000BDF806100131ADF80610BDF806100529F6
:10A9B000EED8BDF806100131ADF80610BDF806104E
:10A9C00005299FBFBDF806100131ADF80610BDF88E
:10A9D000061098BF0529DBD8BDF806100131ADF887
:10A9E0000610BDF806100629DAD3D1E702B0B0BDD3
:10A9F0002DE9F04381B040F600498046C5F60209D2
:10AA0000802101224846F8F7CFFE002700240026C7
:10AA100006E000BF072C04F1010445EA460671D2A6
:10AA2000402101224846F8F7BFFE202002E000BF87
:10AA300001382BD0ADF80070BDF800100529F7D80B
:10AA4000BDF800100131ADF80010BDF80010052967
:10AA5000EED8BDF800100131ADF80010BDF80010BF
:10AA600005299FBFBDF800100131ADF80010BDF8F9
:10AA7000001098BF0529DBD8BDF800100131ADF8F2
:10AA80000010BDF800100629DAD3D1E7802148462E
:10AA9000F8F782FE00F00105402100224846F8F751
:10AAA00083FE202002E000BF0138B3D0ADF8027071
:10AAB000BDF802100529F7D8BDF802100131ADF834
:10AAC0000210BDF802100529EED8BDF802100131C0
:10AAD000ADF80210BDF8021005299FBFBDF80210A5
:10AAE0000131ADF80210BDF8021098BF0529DBD87E
:10AAF000BDF802100131ADF80210BDF802100629B0
:10AB0000DAD3D1E7B8F1010F06D1FFF765FDF0B256
:10AB100001B0BDE8F08300BFFFF78AFEF0B201B0DC
:10AB2000BDE8F0830000000010B5044600F020F8F6
:10AB300000F01EF8602000F097FA10B1204600F0F7
:10AB400093FA00F0C5F800F013F8612000F08CFAD9
:10AB500040B10020FFF74CFF044600F0B9F8204652
:10AB600010BD00BF002400F0B3F8204610BD000067
:10AB7000B0B582B040F600448021C5F6020401223F
:10AB80002046F8F711FE402101222046F8F70CFE7E
:10AB90002020002102E000BF01382BD0ADF80210C8
:10ABA000BDF80220052AF7D8BDF802200132ADF821
:10ABB0000220BDF80220052AEED8BDF8022001329D
:10ABC000ADF80220BDF80220052A9FBFBDF8022083
:10ABD0000132ADF80220BDF8022098BF052ADBD86B
:10ABE000BDF802200132ADF80220BDF80220062A8D
:10ABF000DAD3D1E78021002220460025F8F7D4FDE2
:10AC0000202001E001382BD0ADF80450BDF804102D
:10AC10000529F7D8BDF804100131ADF80410BDF8CE
:10AC200004100529EED8BDF804100131ADF8041068
:10AC3000BDF8041005299FBFBDF804100131ADF81F
:10AC40000410BDF8041098BF0529DBD8BDF8041026
:10AC50000131ADF80410BDF804100629DAD3D1E7AC
:10AC60004021002220460025F8F79EFD202001E02B
:10AC700001382BD0ADF80650BDF806100529F7D8DD
:10AC8000BDF806100131ADF80610BDF80610052913
:10AC9000EED8BDF806100131ADF80610BDF806106B
:10ACA00005299FBFBDF806100131ADF80610BDF8AB
:10ACB000061098BF0529DBD8BDF806100131ADF8A4
:10ACC0000610BDF806100629DAD3D1E702B0B0BDF0
:10ACD000B0B582B040F600444021C5F6020400221F
:10ACE00020460025F8F760FD202001E001382BD038
:10ACF000ADF80050BDF800100529F7D8BDF80010D8
:10AD00000131ADF80010BDF800100529EED8BDF8EE
:10AD100000100131ADF80010BDF8001005299FBFEB
:10AD2000BDF800100131ADF80010BDF8001098BF5B
:10AD30000529DBD8BDF800100131ADF80010BDF8D1
:10AD400000100629DAD3D1E7802100222046002511
:10AD5000F8F72AFD202001E001382BD0ADF8025091
:10AD6000BDF802100529F7D8BDF802100131ADF881
:10AD70000210BDF802100529EED8BDF8021001310D
:10AD8000ADF80210BDF8021005299FBFBDF80210F2
:10AD90000131ADF80210BDF8021098BF0529DBD8CB
:10ADA000BDF802100131ADF80210BDF802100629FD
:10ADB000DAD3D1E7402101222046F8F7F5FC202024
:10ADC000002101E001382BD0ADF80410BDF80420BB
:10ADD000052AF7D8BDF804200132ADF80420BDF8EB
:10ADE0000420052AEED8BDF804200132ADF8042075
:10ADF000BDF80420052A9FBFBDF804200132ADF83C
:10AE00000420BDF8042098BF052ADBD8BDF8042033
:10AE10000132ADF80420BDF80420062ADAD3D1E7C8
:10AE2000802101222046F8F7BFFC2020002101E00C
:10AE300001382BD0ADF80610BDF80620052AF7D84A
:10AE4000BDF806200132ADF80620BDF80620052A1F
:10AE5000EED8BDF806200132ADF80620BDF8062078
:10AE6000052A9FBFBDF806200132ADF80620BDF8C7
:10AE7000062098BF052ADBD8BDF806200132ADF8C0
:10AE80000620BDF80620062ADAD3D1E702B0B0BD0D
:10AE900070B582B040F600448021C5F6020401225C
:10AEA0002046F8F781FC802101222046F8F77CFC3F
:10AEB0002020002102E000BF01382BD0ADF80010A7
:10AEC000BDF80020052AF7D8BDF800200132ADF802
:10AED0000020BDF80020052AEED8BDF80020013280
:10AEE000ADF80020BDF80020052A9FBFBDF8002066
:10AEF0000132ADF80020BDF8002098BF052ADBD84C
:10AF0000BDF800200132ADF80020BDF80020062A6F
:10AF1000DAD3D1E7402101222046F8F745FC202072
:10AF2000002101E001382BD0ADF80210BDF802205D
:10AF3000052AF7D8BDF802200132ADF80220BDF88D
:10AF40000220052AEED8BDF802200132ADF8022019
:10AF5000BDF80220052A9FBFBDF802200132ADF8DE
:10AF60000220BDF8022098BF052ADBD8BDF80220D8
:10AF70000132ADF80220BDF80220062ADAD3D1E76B
:10AF800080212046F8F708FC054640210022204693
:10AF90000026F8F709FC202015B92FE0013859D018
:10AFA000ADF80460BDF804100529F7D8BDF8041009
:10AFB0000131ADF80410BDF804100529EED8BDF834
:10AFC00004100131ADF80410BDF8041005299FBF2D
:10AFD000BDF804100131ADF80410BDF8041098BF9D
:10AFE0000529DBD8BDF804100131ADF80410BDF817
:10AFF00004100629DAD3D1E701382FD0ADF8066066
:10B00000BDF806100529F7D8BDF806100131ADF8D6
:10B010000610BDF806100529EED8BDF8061001315E
:10B02000ADF80610BDF8061005299FBFBDF8061043
:10B030000131ADF80610BDF8061098BF0529DBD820
:10B04000BDF806100131ADF80610BDF8061006294E
:10B05000DAD3D1E7002002B070BD00BF012002B0FA
:10B0600070BD000000000000F0B581B040F6004463
:10B070000546C5F602040026002700BFE8B280217D
:10B08000C2092046F8F790FB202001E001382BD0C0
:10B09000ADF80060BDF800100529F7D8BDF8001024
:10B0A0000131ADF80010BDF800100529EED8BDF84B
:10B0B00000100131ADF80010BDF8001005299FBF48
:10B0C000BDF800100131ADF80010BDF8001098BFB8
:10B0D0000529DBD8BDF800100131ADF80010BDF82E
:10B0E00000100629DAD3D1E7402101222046F8F7E3
:10B0F0005BFB202002E000BF01382BD0ADF80260DE
:10B10000BDF802100529F7D8BDF802100131ADF8DD
:10B110000210BDF802100529EED8BDF80210013169
:10B12000ADF80210BDF8021005299FBFBDF802104E
:10B130000131ADF80210BDF8021098BF0529DBD827
:10B14000BDF802100131ADF80210BDF80210062959
:10B15000DAD3D1E7402100222046F8F725FB072F5C
:10B160000CD0072F07F101074FEA4505FFF486AF22
:10B1700001B0BDE8F040FFF78BBE00BF8021012287
:10B180002046F8F711FB01B0BDE8F040FFF780BEA4
:10B19000B0B50C460546FFF7EBFCFFF7E9FC602075
:10B1A000FFF762FF10B12846FFF75EFF2046FFF76A
:10B1B0005BFFFFF78DFD0020B0BD00000000000028
:10B1C000016840F26F32D1F814C08B6943F0080374
:10B1D0008B618B6943F010038B610B6823F00103D3
:10B1E0000B600B6923EA02020A618A6822F440427A
:10B1F0008A6090F88120042A18BF1CF0200209D030
:10B20000D0F8842042F08002C0F884208A6942F09D
:10B2100020028A6190F88120032A18BF1CF04002A6
:10B220000CD15FEA8C5216D45FEACC5220D40021B4
:10B23000A0F86210A0F86A10704700BFD0F8842010
:10B2400042F00402C0F884208A6942F040028A6118
:10B250005FEA8C52E8D5D0F8842042F00102C0F8B1
:10B2600084208A6942F400728A615FEACC52DED59A
:10B27000D0F8842042F00802C0F884208A6942F4A1
:10B2800080728A610021A0F86210A0F86A107047ED
:10B2900070470000000000002DE9F04F81B02DED57
:10B2A0000C8B90B000EBD071B0EE608AB0EE409A9B
:10B2B0004FEA610B4DF27C41B0F1FF3FC2F2000159
:10B2C000059080F22D8246F218704FF4BC61C2F2F4
:10B2D0000000F5F7E2FB46F238104FF4BC61C2F211
:10B2E0000000F5F7DAFBCBF10007BB20BBF1BB0F89
:10B2F000BFEE00AAB8BF584627EAE771B7EE00BA1A
:10B30000401A013002900BF101000A9000F0030A8C
:10B3100020F00300C0F10009082000EBCB000890EA
:10B320000020CDF818A0A0EBCB01099140F2181134
:10B33000CDF80490C2F2000101310D91CDE9037BFB
:10B340000DE000BF0798DDF810B001300D997828A6
:10B35000DDF818A001F1BC010D9100F0DB814DF288
:10B360007C4E0028A0EB0B0C00EB0B08C2F2000E89
:10B37000079041D046F2187346F23817ACF101003D
:10B380000022C2F20003C2F2000705E001320837D2
:10B39000BC2A03F108032FD0BCF1010F13DB5EF8C8
:10B3A0002060D3E9005436F81260AD1B06FB06F6A8
:10B3B00064F10004C3E90054D7E90054AE1B64F102
:10B3C0000005C7E90065B8F1770FDFDC5EF828609B
:10B3D000D3E9005436F81260AD1906FB06F644F1C5
:10B3E0000004C3E90054D7E90054761944F100057C
:10B3F000C7E90065CAE700BF0598B0F1FF3F0DDA65
:10B4000046F2187B46F2381500264FF00009002757
:10B410000021C2F2000BC2F20005ABE046F2381583
:10B42000BBF1030FC2F20005CDF83C8010D246F20A
:10B43000187B00200027002100264FF00009C2F2EF
:10B44000000BBAF1000FDDF83C805ED192E000BF46
:10B4500046F21870CDF838C0C2F200000023A0F107
:10B460002002A5F1200000254FF0000C00264FF02F
:10B470000008DDF804A000BF52F8201F02F1040B01
:10B4800011EB050E50F8204F9BE8800A47EB0C07A4
:10B49000A41900F10406A3F1040362CE41EB0801F4
:10B4A0001EEB090E47EB0B076419156971415669CC
:10B4B0001EEB050E05697E41476964197941D2E9A1
:10B4C000065715EB0E0547EB060CD0E90667361953
:10B4D00047EB01089A45CFD12F464DF27C4E46F2FC
:10B4E000187B46F23815C1465842C2F2000EC2F22D
:10B4F000000BC2F20005DDF818A06146DDF838C087
:10B50000BAF1000FDDF83C8034D00BEBC0025BF8E1
:10B510003030FF1805EBC0035268514155F8302018
:10B520005B68B61849EB0309BAF1010F22D0421C3F
:10B530000BEBC2035C685BF83230FF1805EBC2030B
:10B5400055F8322061415B68B618069A49EB030949
:10B55000022A0FD002300BEBC0025BF83030FF182C
:10B5600005EBC003526855F8300051415A6836184F
:10B5700049EB0209B8F1770F2CEAEC70A8BF4FF045
:10B580007708079C0E97A8EB00000F91421C0298C9
:10B590000C925EF824A000FB02F8384605F010FC7F
:10B5A00001EE108A00EE100A30464946B8EEC1CAD4
:10B5B00080EE0CDA05F004FC00EE100AB0EE4B1A37
:10B5C0003AF8020B002140F21812CDF82CA080EEC0
:10B5D0000C0AC2F20002A8464D464FF00009ADEE3B
:10B5E0004D0AB1EEC00A80EE080A30EE0A0AA9EE52
:10B5F000001A2DEE010A01EE100ABC206043B8EEDD
:10B60000411AB4EE410AF1EE10FAD8BF4FF0FF3103
:10B61000039F11544EE000BF09F1010ABB230AEB5E
:10B620000C02BB28A8BF184622EAE2720E97801AC5
:10B630000C9A01300F9100FB02F43846674605F082
:10B64000BFFB01EE104A00EE100A30462946B8EE64
:10B65000C1CA80EE0CDA05F0B3FB00EE100AB0EEC2
:10B660004B1A0B980BF1080B08F1080880EE0C0A36
:10B6700030F81900ADEE4D0AB1EEC00A80EE080AAE
:10B6800030EE0A0AA9EE001A2DEE010A01EE100AA8
:10B690000020B8EE411AB4EE410AF1EE10FAD8BF1C
:10B6A0004FF0FF300D99BAF1BB0F01F80900D146F8
:10B6B0003FF448AE17EB0900BC4615D4099A0E9F1B
:10B6C0000BEB020008EB02035BF8021040687F1AE4
:10B6D0000F99814158F802005A68361A95410A9824
:10B6E0004844BB2898DC05E0DDE90E710A9848441F
:10B6F000BB2891DC089B0BEB030254685BF803202A
:10B70000BF1808EB030258F8033061415268F6187D
:10B71000554181E710B0BDEC0C8B01B0BDE8F08F56
:10B720000BF101004FF0000900F0030C20F00300C2
:10B73000C0F100080BE000BF214609F10109B9F191
:10B74000BC0FCAE90065CEE900373FF4CCADBBF1D0
:10B75000030F05D2002300270026002500203CE02F
:10B76000A1F110040020002300270026002500BFBF
:10B7700054F8101F0438626831F8191032F8192093
:10B78000761801FB01F145F10005C91847F10003E6
:10B79000A768B61802FB02F245F10005891837F8D0
:10B7A0001920E76843F10003B61802FB02F245F1E5
:10B7B0000005891837F8192043F10007B61802FB75
:10B7C00002F245F100058B1847F100078045CFD103
:10B7D0004DF27C414042C2F2000146F21872BCF1C7
:10B7E000000FC2F2000202EBC90A46F23812C2F29E
:10B7F000000202EBC90EA0D00C4651F8201031F81F
:10B80000191001FB01F2761845F100059B1847F16C
:10B810000007BCF1010F8FD004EB8000416831F8C4
:10B82000191001FB01F2761845F100059B1847F14C
:10B830000007BCF1020F0AD0806830F8190000FB45
:10B8400000F1361845F100055B1847F100074DF28D
:10B850007C41C2F2000170E7F8F7AEB800000000CA
:10B86000B0B59CB044F6180409A84C21C5F60204F2
:10B87000F5F713F902200025CDE90755CDE9055567
:10B88000CDE90355CDE90155F8F7B6F900952068E3
:10B8900040F440402060206800F44040009040F2B6
:10B8A0002C40C5F60000016841F00101016000680C
:10B8B00000F00100009000982068800409D42068FE
:10B8C00080045CBF20685FEA804002D42068800466
:10B8D000F2D5012009904FF480300A900220052112
:10B8E000CDE912001491C021CDE9151014210824CE
:10B8F000CDE9171009A819940025CDE91A55F9F7D3
:10B90000A7FB28B1EFF3108072B600BFFEE700BFBF
:10B910003F20019003204FF48061CDE902054020D3
:10B920000494CDE90500CDE9071001A80421F9F739
:10B930004BF928B1EFF3108072B600BFFEE700BFED
:10B940001CB0B0BD000000004EF6885042F2000C62
:10B95000CEF20000C5F2002C016841F470010160D4
:10B96000DCF8000000F00F00062806D8DCF8000024
:10B97000072161F30300CCF8000044F200404EF6CA
:10B980007F52C5F60200CEF6F622016841F00101B1
:10B9900001600021016103681A400260DCF80020A8
:10B9A000120706D5DCF80020072363F30302CCF866
:10B9B000002040F200228161C161C0F202220162D6
:10B9C00082620022C0F2FF12C26240F28022C0F204
:10B9D0000112026341638263C163026441640268CD
:10B9E00022F480220260016641F20000C5F60040A8
:10B9F0000068B1EB507F05D148F208100121C5F273
:10BA00000010016044F2000043F2D201C5F20020B0
:10BA1000016070470000000047F2FC70C2F20000B5
:10BA2000FAF7A6BE0000000047F64800C2F2000088
:10BA3000FAF79EBE0000000047F6E000C2F20000E8
:10BA4000FAF796BE0000000047F6C410C2F20000EC
:10BA5000FAF78EBE0000000047F61020C2F2000088
:10BA6000FAF786BE0000000040F6FF32C4F2000282
:10BA70009042026810DCB0F1804F1ED040F20043CB
:10BA8000C4F20003984218D040F60003C4F2000349
:10BA9000984212D015E000BF40F60043C4F2000304
:10BAA00098420AD040F20043C4F20103984204D005
:10BAB0000023C4F20103984203D122F070024B68C4
:10BAC0001A434FF6FF7343F6FF7CC4F20003C4F23F
:10BAD000010C984210DD604528DD44F20003C4F2F9
:10BAE000010398422DD044F60003C4F201039842AA
:10BAF00027D044F2004320E040F2FF73C4F2000379
:10BB0000984207DCB0F1804F1BD040F20043C4F2F2
:10BB1000000314E040F60003C4F20003984210D082
:10BB200040F60043C4F2000309E000BF0023C4F262
:10BB30000103984205D040F20043C4F20103984249
:10BB400003D122F44072CB681A4310B5D1F814E047
:10BB500060450B688C68C462836213DD44F20003A5
:10BB6000C4F20103984218D044F60003C4F2010362
:10BB7000984212D044F20043C4F2010398420CD020
:10BB80000DE000BF0023C4F20103984205D040F24B
:10BB90000043C4F20103984201D1096901630168BD
:10BBA00041F0040101600121416122F0800141EA7C
:10BBB0000E01016010BD0000002800F0BD80C1072B
:10BBC00001463CD000BF00BF00BF00BF00BF00BFA8
:10BBD00000BF00BF00BF00BF00BF00BF00BF00BF6D
:10BBE00000BF00BF00BF00BF00BF00BF00BF00BF5D
:10BBF00000BF00BF00BF00BF00BF00BF00BF00BF4D
:10BC000000BF00BF00BF00BF00BF00BF00BF00BF3C
:10BC100000BF00BF00BF00BF00BF00BF00BF00BF2C
:10BC200000BF00BF00BF00BF00BF00BF00BF00BF1C
:10BC300000BF00BF00BF00BF00BF00BF411E012802
:10BC400008BF704700BF00BF00BF00BF00BF00BFFC
:10BC500000BF00BF00BF00BF00BF00BF00BF00BFEC
:10BC600000BF00BF00BF00BF00BF00BF00BF00BFDC
:10BC700000BF00BF00BF00BF00BF00BF00BF00BFCC
:10BC800000BF00BF00BF00BF00BF00BF00BF00BFBC
:10BC900000BF00BF00BF00BF00BF00BF00BF00BFAC
:10BCA00000BF00BF00BF00BF00BF00BF00BF00BF9C
:10BCB00000BF00BF00BF00BF00BF00BF00BF00BF8C
:10BCC00000BF00BF00BF00BF00BF00BF00BF00BF7C
:10BCD00000BF00BF00BF00BF00BF00BF00BF00BF6C
:10BCE00000BF00BF00BF00BF00BF00BF00BF00BF5C
:10BCF00000BF00BF00BF00BF00BF00BF00BF00BF4C
:10BD000000BF00BF00BF00BF00BF00BF00BF00BF3B
:10BD100000BF00BF00BF00BF00BF00BF00BF00BF2B
:10BD200000BF00BF00BF00BF00BF00BF00BF00BF1B
:10BD300000BF00BF023985D170470000000000003D
:10BD400010B586B044F2E04040F20044C5F602006F
:10BD5000C5F60204016841F002010160006801A912
:10BD600000F00200019001984FF440600190112012
:10BD7000029001200390022004902046F7F738FC3F
:10BD80004FF4406101222046F7F70EFD06B010BDCA
:10BD900010B582B001A8022104220024019400F011
:10BDA0000FF8019940F2FF63A1F10A029A4228BFFD
:10BDB0002146002818BF214688B202B010BD0000FD
:10BDC0002DE9F04381B040F200448046C5F60204FC
:10BDD00015460F464FF400612368012223F4400307
:10BDE000236020684FF0010940F480002060204665
:10BDF000F7F7DAFC4FF4806101222046F7F7D4FC14
:10BE00000420FFF7D9FE4FF4006100222046F7F727
:10BE1000CBFC0420FFF7D0FE4FF4806100222046C7
:10BE2000F7F7C2FC0220FFF7C7FEA42000F0FCF9E0
:10BE300000F01AFB60B320684FF4806120F44000EA
:10BE400020602068002240F4800020602046F7F740
:10BE5000ABFC4FF4006100222046F7F7A5FC04205C
:10BE6000FFF7AAFE4FF4806101222046F7F79CFC01
:10BE70000420FFF7A1FE4FF4006101222046F7F7EE
:10BE800093FC0420FFF798FE484601B0BDE8F0831C
:10BE9000384600F0C9F900F0E7FA2168074621F4B6
:10BEA0004001216020684FF4806140F480002060F0
:10BEB00000222046F7F778FC4FF40061002220466C
:10BEC000F7F772FC0420FFF777FE4FF48061012240
:10BED00020464FF00109F7F767FC0420FFF76CFEDE
:10BEE0004FF4006101222046F7F75EFC0420FFF7C3
:10BEF00063FE1FB1484601B0BDE8F08320684FF4EF
:10BF0000006120F4400020602068012240F480009D
:10BF1000206020464FF00109F7F746FC4FF480619E
:10BF200001222046F7F740FC0420FFF745FE4FF4BE
:10BF3000006100222046F7F737FC0420FFF73CFEA3
:10BF40004FF4806100222046F7F72EFC0220FFF715
:10BF500033FEA52000F068F900F086FA00287FF48F
:10BF60006AAF1E20FFF728FE002D00F05981A8F1CE
:10BF700001084FF0000900BF20684FF4006120F471
:10BF8000400020602068206001222046F7F70CFC6A
:10BF90000220FFF711FE4FF4806100222046F7F7E0
:10BFA00003FC0220FFF708FE4FF4806101222046C7
:10BFB000F7F7FAFB0220FFF7FFFD4FF40061204680
:10BFC000F7F7EAFB074600284FF0030018BF0127E8
:10BFD000FFF7F2FD4FF4806100222046F7F7E4FB03
:10BFE0000220FFF7E9FD4FF4806101222046F7F7B8
:10BFF000DBFB0220FFF7E0FD4FF400612046F7F77E
:10C00000CBFB002818BF012040EA47060320FFF7BA
:10C01000D3FD4FF4806100222046F7F7C5FB0220D4
:10C02000FFF7CAFD4FF4806101222046F7F7BCFB01
:10C030000220FFF7C1FD4FF400612046F7F7ACFB8B
:10C04000074600284FF0030018BF0127FFF7B4FD93
:10C0500078004FF4806140EA860600222046F7F718
:10C06000A3FB0220FFF7A8FD4FF4806101222046C8
:10C07000F7F79AFB0220FFF79FFD4FF4006120467F
:10C08000F7F78AFB002818BF012006440320FFF7BA
:10C0900093FD4FF4806100222046F7F785FB0220D4
:10C0A000FFF78AFD4FF4806101222046F7F77CFB01
:10C0B0000220FFF781FD4FF400612046F7F76CFB8B
:10C0C000074600284FF0030018BF0127FFF774FD53
:10C0D00078004FF4806140EA860600222046F7F798
:10C0E00063FB0220FFF768FD4FF4806101222046C8
:10C0F000F7F75AFB0220FFF75FFD4FF4006120467F
:10C10000F7F74AFB002818BF012006440320FFF779
:10C1100053FD4FF4806100222046F7F745FB0220D3
:10C12000FFF74AFD4FF4806101222046F7F73CFB00
:10C130000220FFF741FD4FF400612046F7F72CFB8A
:10C14000074600284FF0030018BF0127FFF734FD12
:10C1500078004FF4806140EA860600222046F7F717
:10C1600023FB0220FFF728FD4FF4806101222046C7
:10C17000F7F71AFB0220FFF71FFD4FF4006120467E
:10C18000F7F70AFB002818BF012006440320FFF739
:10C1900013FD4FF4806100222046F7F705FB0220D3
:10C1A000FFF70AFD2068002220F44000206020688C
:10C1B00040F48000206008F80560013DB5FA85F084
:10C1C000216821F4400121604709206840F4800083
:10C1D00020604FF480612046F7F7E6FA4FF40061E3
:10C1E00020463A46F7F7E0FA0220FFF7E5FC4FF465
:10C1F000806101222046F7F7D7FA0520FFF7DCFC23
:10C200004FF4806100222046F7F7CEFA0220FFF7B4
:10C21000D3FC1E20FFF7D0FC002D7FF4ADAE0AE664
:10C220004FF0000907E60000B0B540F200440546B3
:10C23000C5F602040022216821F440012160206833
:10C240004FF4806140F4800020602046F7F7ACFA9C
:10C250000220FFF7B1FCEA094FF400612046F7F72E
:10C26000A3FA0220FFF7A8FC4FF4806101222046C8
:10C27000F7F79AFA0520FFF79FFC4FF48061002240
:10C280002046F7F791FA0220FFF796FCC5F38012DB
:10C290004FF400612046F7F787FA0220FFF78CFC85
:10C2A0004FF4806101222046F7F77EFA0520FFF760
:10C2B00083FC4FF4806100222046F7F775FA0220D4
:10C2C000FFF77AFCC5F340124FF400612046F7F700
:10C2D0006BFA0220FFF770FC4FF4806101222046C8
:10C2E000F7F762FA0520FFF767FC4FF48061002240
:10C2F0002046F7F759FA0220FFF75EFCC5F300125B
:10C300004FF400612046F7F74FFA0220FFF754FC84
:10C310004FF4806101222046F7F746FA0520FFF727
:10C320004BFC4FF4806100222046F7F73DFA0220D3
:10C33000FFF742FCC5F3C0024FF400612046F7F757
:10C3400033FA0220FFF738FC4FF4806101222046C7
:10C35000F7F72AFA0520FFF72FFC4FF4806100223F
:10C360002046F7F721FA0220FFF726FCC5F38002EA
:10C370004FF400612046F7F717FA0220FFF71CFC84
:10C380004FF4806101222046F7F70EFA0520FFF7EF
:10C3900013FC4FF4806100222046F7F705FA0220D3
:10C3A000FFF70AFCC5F340024FF400612046F7F79F
:10C3B000FBF90220FFF700FC4FF4806101222046C8
:10C3C000F7F7F2F90520FFF7F7FB4FF48061002241
:10C3D0002046F7F7E9F90220FFF7EEFB05F001022E
:10C3E0004FF400612046F7F7DFF90220FFF7E4FB86
:10C3F0004FF4806101222046F7F7D6F90520FFF7B8
:10C40000DBFB4FF4806100222046F7F7CDF90220D4
:10C41000BDE8B040FFF7D0BB80B582B001288DF8F1
:10C42000070003D9012002B080BD00BF0DF1070055
:10C430000B21012200F064F802B080BD0000000072
:10C4400080B582B001288DF8070003D9012002B021
:10C4500080BD00BF0DF107000C21012200F050F853
:10C4600002B080BD00000000B0B540F200444FF4BF
:10C470000061C5F602040122206820F4400020601B
:10C48000206820602046F7F78FF90220FFF794FB21
:10C490004FF4806100222046F7F786F90220FFF76B
:10C4A0008BFB4FF4806101222046F7F77DF90220D3
:10C4B000FFF782FB4DF6EF05CFF6FF75013509D288
:10C4C0004FF400612046F7F767F90028F6D1002500
:10C4D00001E000BF01254FF4806100222046F7F7FC
:10C4E00063F90220FFF768FB206820F44000206019
:10C4F000206840F4800020602846B0BD00000000A5
:10C500002DE9F04140F200448046C5F6020416468B
:10C510000F464FF400612368012223F44003236097
:10C520002068012540F4800020602046F7F73CF9A0
:10C530004FF4806101222046F7F736F90420FFF717
:10C540003BFB4FF4006100222046F7F72DF9042051
:10C55000FFF732FB4FF4806100222046F7F724F901
:10C560000220FFF729FBA420FFF75EFEFFF77CFF08
:10C57000B0B93846FFF758FEFFF776FF10B1012536
:10C580000EE000BF5EB1A8F1010500BFA85DFFF796
:10C590004BFEFFF769FF0028F1D1013EF6D10025DF
:10C5A00020684FF4806120F4400020602068002261
:10C5B00040F4800020602046F7F7F6F84FF4006161
:10C5C00000222046F7F7F0F80420FFF7F5FA4FF4C1
:10C5D000806101222046F7F7E7F80420FFF7ECFA24
:10C5E0004FF4006101222046F7F7DEF80420FFF740
:10C5F000E3FA2846BDE8F0812DE9F04FADF63C3D69
:10C6000001FB00F90DF1100808F1040040F60831B3
:10C6100014464FEAD90B0825F4F73FFA40F2140705
:10C62000B9F1000FC2F20007386804903FD0B9F1A9
:10C63000040F09F0030E80F0AB80CC46002240F2DC
:10C640001407BEF1000FE1464FF00805C2F20007E3
:10C650002DD0A05C48B108EBD20307209043012104
:10C660001E7901FA00F030431871BEF1010F1ED09F
:10C67000501C235C53B108EBD001072323EA0000D0
:10C6800001230E7903FA00F030430871BEF1020F66
:10C690000DD0901C215C51B108EBD002072121EA9A
:10C6A00000000121137901FA00F0184310710BEB1F
:10C6B000080041F20004C5F6020405EBD9064EF26B
:10C6C0001805796841604FF480712046CEF200056C
:10C6D000F7F762F8012800F0338240F20C0155F8B8
:10C6E000040CC2F200014DF68362C4F21B320968E9
:10C6F0002F68A1FB0212910C32225143002208E064
:10C700003A44BB42A2EB03021F4628BF02448A42BE
:10C710000CD22B68BB42F3D12B68BB4204BF2B6801
:10C72000BB42EDD12B68BB42F3D0E9E74FF48071F7
:10C730002046F7F731F8012800F0028240F20C01A0
:10C7400055F8040CC2F200014DF68362C4F21B32AC
:10C7500009682F68A1FB0212910C3222514300227A
:10C7600009E000BF3A44BB42A2EB03021F4628BFC8
:10C7700002448A4250D22B68BB42F3D12B68BB42A1
:10C7800004BF2B68BB42EDD12B68BB42F3D0E9E775
:10C79000CC4629F0030300224FF0040A012703E0EE
:10C7A000043293423FF44BAFA05C50B108EBD2008F
:10C7B00002F0040585F00705017907FA05F529431C
:10C7C0000171A018417861B108EBD20102F00405B3
:10C7D00085F0060591F8049007FA05F545EA090584
:10C7E0000D71817851B108EBD20102F0040585F09A
:10C7F00005050E7907FA05F535430D71C078002857
:10C80000CED008EBD2002AEA020107FA01F105793D
:10C8100029430171C4E700BF4FF480712046F6F749
:10C82000BBFF012800F08C8140F20C0155F8040C8C
:10C83000C2F200014DF68362C4F21B3209682F6810
:10C84000A1FB0212910C32225143002209E000BFE9
:10C850003A44BB42A2EB03021F4628BF02448A426D
:10C860000CD22B68BB42F3D12B68BB4204BF2B68B0
:10C87000BB42EDD12B68BB42F3D0E9E74FF48071A6
:10C880002046F6F789FF012800F05A8140F20C019A
:10C8900055F8040CC2F200014DF68362C4F21B325B
:10C8A00009682F68A1FB0212910C32225143002229
:10C8B00009E000BF3A44BB42A2EB03021F4628BF77
:10C8C00002448A420CD22B68BB42F3D12B68BB4294
:10C8D00004BF2B68BB42EDD12B68BB42F3D0E9E724
:10C8E0004FF480712046F6F757FF012800F02881A9
:10C8F00040F20C0155F8040CC2F200014DF68362BF
:10C90000C4F21B3209682F68A1FB0212910C32227B
:10C910005143002209E000BF3A44BB42A2EB0302AC
:10C920001F4628BF02448A420CD22B68BB42F3D177
:10C930002B68BB4204BF2B68BB42EDD12B68BB42C6
:10C94000F3D0E9E74FF480712046F6F725FF012880
:10C9500000F0F68040F20C0155F8040CC2F2000120
:10C960004DF68362C4F21B3209682F68A1FB0212E4
:10C97000910C32225143002209E000BF3A44BB42ED
:10C98000A2EB03021F4628BF02448A420CD22B6846
:10C99000BB42F3D12B68BB4204BF2B68BB42EDD135
:10C9A0002B68BB42F3D0E9E74FF480712046F6F7DD
:10C9B000F3FE012800F0C48040F20C0155F8040C8D
:10C9C000C2F200014DF68362C4F21B3209682F687F
:10C9D000A1FB0212910C32225143002209E000BF58
:10C9E0003A44BB42A2EB03021F4628BF02448A42DC
:10C9F0000CD22B68BB42F3D12B68BB4204BF2B681F
:10CA0000BB42EDD12B68BB42F3D0E9E74FF4807114
:10CA10002046F6F7C1FE012800F0928040F20C019A
:10CA200055F8040CC2F200014DF68362C4F21B32C9
:10CA300009682F68A1FB0212910C32225143002297
:10CA400009E000BF3A44BB42A2EB03021F4628BFE5
:10CA500002448A420CD22B68BB42F3D12B68BB4202
:10CA600004BF2B68BB42EDD12B68BB42F3D0E9E792
:10CA70004FF480712046F6F78FFE012860D040F217
:10CA80000C0155F8040CC2F200014DF68362C4F2A9
:10CA90001B3209682F68A1FB0212910C322251430C
:10CAA000002208E03A44BB42A2EB03021F4628BF23
:10CAB00002448A420CD22B68BB42F3D12B68BB42A2
:10CAC00004BF2B68BB42EDD12B68BB42F3D0E9E732
:10CAD0004FF480712046F6F75FFE012830D040F217
:10CAE0000C0155F8040CC2F200014DF68362C4F249
:10CAF0001B3209682F68A1FB0212910C32225143AC
:10CB0000002208E03A44BB42A2EB03021F4628BFC2
:10CB100002448A420CD22B68BB42F3D12B68BB4241
:10CB200004BF2B68BB42EDD12B68BB42F3D0E9E7D1
:10CB30004FF480712046F6F72FFE012840F0EC827A
:10CB400006F01F000190A4F540604FF480510022D0
:10CB500003960290F6F728FEB9F1C00F80F0B4807A
:10CB6000019F41F20009002FC5F6020942D0039847
:10CB70000DF61C3620F01F00C7F1200108EB000461
:10CB8000F019F3F768FF304621463A46F3F729FFDC
:10CB900047F2A0606423C2F2000031463A46F9F73A
:10CBA00013F840F20C0155F8040CC2F200014DF6E6
:10CBB0008362C4F21B3209682F68A1FB0212910C38
:10CBC00035225143002208E03A44BB42A2EB030263
:10CBD0001F4628BF02448A420CD22B68BB42F3D1C5
:10CBE0002B68BB4204BF2B68BB42EDD12B68BB4214
:10CBF000F3D0E9E74FF4805101220298F6F7D4FD13
:10CC00004FF480714846F6F7C7FD002800F0808297
:10CC100040F20C0155F8040CC2F200014DF683629B
:10CC2000C4F21B3209682F68A1FB0212910C322258
:10CC30005143002209E000BF3A44BB42A2EB030289
:10CC40001F4628BF02448A420CD22B68BB42F3D154
:10CC50002B68BB4204BF2B68BB42EDD12B68BB42A3
:10CC6000F3D0E9E74FF480714846F6F795FD0028C8
:10CC700000F04E8240F20C0155F8040CC2F20001A3
:10CC80004DF68362C4F21B3209682F68A1FB0212C1
:10CC9000910C32225143002209E000BF3A44BB42CA
:10CCA000A2EB03021F4628BF02448A4272D22B68BD
:10CCB000BB42F3D12B68BB4204BF2B68BB42EDD112
:10CCC0002B68BB42F3D0E9E7039847F2A0674FEA2D
:10CCD000501A4FF0000BC2F200070DF61C344FF053
:10CCE0003509BAF1010F98BF4FF0010A05E000BF06
:10CCF0000BF1010BD3453FF433AF4FEA4B10202229
:10CD000008EB4B11642358F80000CDF81C0B486861
:10CD1000CDF8200B8868CDF8240BC868CDF8280B17
:10CD20000869CDF82C0B4869CDF8300B8869CDF82F
:10CD3000340BC869CDF8380B38462146F8F744FF64
:10CD400040F20C0155F8040CC2F200014DF683626A
:10CD5000C4F21B3209682E68A1FB0212910C00225A
:10CD600001FB09F109E000BF3244B342A2EB030228
:10CD70001E4628BF02448A42BAD22B68B342F3D17E
:10CD80002B68B34204BF2B68B342EDD12B68B3428A
:10CD9000F3D0E9E74FF480714846F6F7FDFC002830
:10CDA00000F0B68140F20C0155F8040CC2F200010B
:10CDB0004DF68362C4F21B3209682F68A1FB021290
:10CDC000910C32225143002209E000BF3A44BB4299
:10CDD000A2EB03021F4628BF02448A420CD22B68F2
:10CDE000BB42F3D12B68BB4204BF2B68BB42EDD1E1
:10CDF0002B68BB42F3D0E9E74FF480714846F6F761
:10CE0000CBFC002800F0848140F20C0155F8040CA2
:10CE1000C2F200014DF68362C4F21B3209682F682A
:10CE2000A1FB0212910C32225143002209E000BF03
:10CE30003A44BB42A2EB03021F4628BF02448A4287
:10CE40000CD22B68BB42F3D12B68BB4204BF2B68CA
:10CE5000BB42EDD12B68BB42F3D0E9E74FF48071C0
:10CE60004846F6F799FC002800F0528140F20C0188
:10CE700055F8040CC2F200014DF68362C4F21B3275
:10CE800009682F68A1FB0212910C32225143002243
:10CE900009E000BF3A44BB42A2EB03021F4628BF91
:10CEA00002448A420CD22B68BB42F3D12B68BB42AE
:10CEB00004BF2B68BB42EDD12B68BB42F3D0E9E73E
:10CEC0004FF480714846F6F767FC002800F0208197
:10CED00040F20C0155F8040CC2F200014DF68362D9
:10CEE000C4F21B3209682F68A1FB0212910C322296
:10CEF0005143002209E000BF3A44BB42A2EB0302C7
:10CF00001F4628BF02448A420CD22B68BB42F3D191
:10CF10002B68BB4204BF2B68BB42EDD12B68BB42E0
:10CF2000F3D0E9E74FF480714846F6F735FC002866
:10CF300000F0EE8040F20C0155F8040CC2F2000142
:10CF40004DF68362C4F21B3209682F68A1FB0212FE
:10CF5000910C32225143002209E000BF3A44BB4207
:10CF6000A2EB03021F4628BF02448A420CD22B6860
:10CF7000BB42F3D12B68BB4204BF2B68BB42EDD14F
:10CF80002B68BB42F3D0E9E74FF480714846F6F7CF
:10CF900003FC002800F0BC8040F20C0155F8040CA2
:10CFA000C2F200014DF68362C4F21B3209682F6899
:10CFB000A1FB0212910C32225143002209E000BF72
:10CFC0003A44BB42A2EB03021F4628BF02448A42F6
:10CFD0000CD22B68BB42F3D12B68BB4204BF2B6839
:10CFE000BB42EDD12B68BB42F3D0E9E74FF480712F
:10CFF0004846F6F7D1FB002800F08A8040F20C0189
:10D0000055F8040CC2F200014DF68362C4F21B32E3
:10D0100009682F68A1FB0212910C322251430022B1
:10D0200009E000BF3A44BB42A2EB03021F4628BFFF
:10D0300002448A420CD22B68BB42F3D12B68BB421C
:10D0400004BF2B68BB42EDD12B68BB42F3D0E9E7AC
:10D050004FF480714846F6F79FFB002858D040F205
:10D060000C0155F8040CC2F200014DF68362C4F2C3
:10D070001B3209682F68A1FB0212910C3222514326
:10D08000002208E03A44BB42A2EB03021F4628BF3D
:10D0900002448A420CD22B68BB42F3D12B68BB42BC
:10D0A00004BF2B68BB42EDD12B68BB42F3D0E9E74C
:10D0B0004FF480714846F6F76FFB48B340F20C011D
:10D0C00055F8040CC2F200014DF68362C4F21B3223
:10D0D00009682F68A1FB0212910C322251430022F1
:10D0E00009E000BF3A44BB42A2EB03021F4628BF3F
:10D0F00002448A420CD22B68BB42F3D12B68BB425C
:10D1000004BF2B68BB42EDD12B68BB42F3D0E9E7EB
:10D110000DF63C3DBDE8F08F40F20C0155F8040CD3
:10D12000C2F200014DF68362C4F21B3209682F6817
:10D13000A1FB0212910C3222514300220AE000BFEF
:10D140003A44BB42A2EB03021F4628BF02448A4274
:10D15000BFF4F6AC2B68BB42F2D12B68BB4204BFD4
:10D160002B68BB42ECD12B68BB42F3D0E8E7000050
:10D17000B0B540F200444EF21805C5F60204802115
:10D1800004F540600122CEF20005F6F70DFB4FF4E6
:10D19000805101222046F6F707FB40F20C0155F8BA
:10D1A000040CC2F200014DF68362C4F21B3209681E
:10D1B0002C68A1FB0212910C64225143002208E06A
:10D1C0002244A342A2EB03021C4628BF02448A4227
:10D1D0000CD22B68A342F3D12B68A34204BF2B6867
:10D1E000A342EDD12B68A342F3D0E9E7B0BD000024
:10D1F000816A0A070CD4CA0715D18A071ED44A07C8
:10D2000027D4CA0630D48A0639D44A0642D454E018
:10D210000268D0F838C0536823F4004343EA0C0393
:10D220005360CA07E9D00268D0F82CC0536823F4D1
:10D23000003343EA0C0353608A07E0D50268D0F854
:10D2400030C0536823F4803343EA0C0353604A0729
:10D25000D7D50268D0F834C0536823F4802343EA5A
:10D260000C035360CA06CED50268D0F83CC0936860
:10D2700023F4805343EA0C0393608A06C5D5026801
:10D28000D0F840C0936823F4005343EA0C03936042
:10D290004A0612D50268D0F844C0BCF5801F536816
:10D2A00023F4801343EA0C03536006D1536823F43C
:10D2B000C00C836C43EA0C035360090658BF7047E7
:10D2C0000168C06C4A6822F400221043486070472D
:10D2D000B0B582B004460020C4F89000F6F774FAA6
:10D2E000216805460A68120737D54FF4001100225D
:10D2F0006FF07E40009020462B4600F0E5FA58B3D0
:10D30000206850E8000F216820F0800041E800020A
:10D31000002A1FBF206850E8000F216820F080001D
:10D320001CBF41E80002002A12D0206850E8000F1C
:10D33000216820F0800041E800024AB1206850E8EE
:10D34000000F216820F0800041E80002002AD7D1B8
:10D350000320202188226CE02168086840075FD5FF
:10D360004FF4800100226FF07E40009020462B4653
:10D3700000F0AAFA002853D0206850E8000F216876
:10D3800020F4907041E80002F2B1206850E8000FEC
:10D39000216820F4907041E80002002A1FBF206835
:10D3A00050E8000F216820F490701CBF41E8000293
:10D3B000002A09D0206850E8000F216820F49070FE
:10D3C00041E80002002AD7D1206850E8020F216806
:10D3D00020F0010041E80202002A1FBF206850E847
:10D3E000020F216820F001001CBF41E80202002A60
:10D3F00012D0206850E8020F216820F0010041E8B7
:10D4000002024AB1206850E8020F216820F00100B2
:10D4100041E80202002AD7D1032020218C2208E013
:10D420002020C4F88800C4F88C000021702200205D
:10D43000E166A150002184F8841002B0B0BD000064
:10D44000F0B583B00446006846F6F31640F6004E89
:10D4500022696569D4E902130A43E7690168CCF6D9
:10D46000FF762A4331401143C5F6000E394301606F
:10D470004168704521F4405144F2544C41EA0301A3
:10D480004160A2694FF2FF431CBF216A0A438168D1
:10D49000C1F2FF131940C5F6020C1143816047F237
:10D4A000FF72C16AC4F2000221F00F01656A904266
:10D4B0004FF0800341EA0501C1621FDD40F6FF71B4
:10D4C000C4F2010188423BDD704500F0258141F244
:10D4D0000041C4F20101884205D041F20001C4F2CA
:10D4E0000101884244D1DCF80010C1F3C202062ACF
:10D4F0003ED240F64071C0F6010137E044F6FF31FC
:10D50000C4F2000188420DDC44F20041C4F2000183
:10D51000884221D044F60001C4F2000188421BD0A9
:10D5200026E000BF44F60041C4F20001884213D057
:10D5300045F20001C4F2000188420DD018E000BF9E
:10D5400047F60001C4F20001884205D047F60041C9
:10D55000C4F2000188420BD1DCF8001001F0070290
:10D56000062A05D240F64671C0F601018B181B78D9
:10D57000704540F60010C0F23D0000F05380B7F552
:10D58000004F40F07B80402B4FF0010100F28F8173
:10D59000DFE813F0420038018D018D0140018D015B
:10D5A0008D018D014C018D018D018D018D018D014C
:10D5B0008D018D0114018D018D018D018D018D0174
:10D5C0008D018D018D018D018D018D018D018D01EB
:10D5D0008D018D0152018D018D018D018D018D0116
:10D5E0008D018D018D018D018D018D018D018D01CB
:10D5F0008D018D018D018D018D018D018D018D01BB
:10D600008D018D018D018D018D018D018D018D01AA
:10D610008D018D01300100BFF7F72AFC002840F092
:10D620000A8140E19A1E01211E2A00F27F80DFE874
:10D6300012F01F003E0191003E013E013E019700A5
:10D640003E013E013E013E013E013E013E0183009E
:10D650003E013E013E013E013E013E013E013E01D2
:10D660003E013E013E013E013E013E013E019F0062
:10D67000F6F7E6FB002840F07A8014E1402B4FF0EB
:10D68000010100F21481DFE813F04100C100120132
:10D690001201CB00120112011201F300120112015A
:10D6A00012011201120112011201A700120112014E
:10D6B00012011201120112011201120112011201D2
:10D6C00012011201120112011201F90012011201DC
:10D6D00012011201120112011201120112011201B2
:10D6E00012011201120112011201120112011201A2
:10D6F0001201120112011201120112011201120192
:10D7000012011201120112011201B900F7F7B0FB68
:10D71000002840F0B280C6E0DCF8041001F00702F7
:10D72000062ABFF425AF66A120E700BF402B40F0DA
:10D73000BE804FF400401BE05CF8540C800649F2B8
:10D740000000C0F2D03013D55CF8541CC1F3C10105
:10D75000C8400DE06846F6F787FB019838B9A2E0AB
:10D760006846F6F715FC0198002800F09C80656A71
:10D7700042F28C216268C0F6010131F81510B0FB4D
:10D78000F1F002EB420188424FF00101C0F08F80BE
:10D790001303984200F28B80010E0023000210EB6D
:10D7A000520041F10001F2F733FE4FF60052A0F5AE
:10D7B0004071C0F20F02914273D377E05CF8540CD1
:10D7C000800649F20000C0F2D03035D55CF8541C18
:10D7D000C1F3C101C8402FE05CF8540C800649F247
:10D7E0000000C0F2D03049D55CF8541CC1F3C1012F
:10D7F000C84043E04FF400401EE000BF4FF400403B
:10D800003CE000BFF7F764FBA8B94CE0F7F760FB1A
:10D8100098BB48E06846F6F727FB019858B942E004
:10D820006846F6F721FB019838BB3CE06846F6F7FE
:10D83000AFFB0198B8B3656A42F28C21C0F60101D2
:10D8400031F81510B0FBF1F061684A0802EB4000B6
:10D850004FF6EF72B0FBF1F0A0F11001914225D824
:10D860004FF6F0710140C0F34200084419E000BFD8
:10D870006846F6F78DFB0198A8B1656A42F28C21E3
:10D880006268C0F6010131F81510B0FBF1F000EB51
:10D890005200B0FBF2F0A0F110014FF6EF7291428E
:10D8A00004D82168C860002101E000BF01214FF0C9
:10D8B0000110A0660020C4E91D00084603B0F0BDB9
:10D8C00002040810204000002DE9F0418046006865
:10D8D0000D46C7693940491BB1FA81F149098A42AD
:10D8E00025D1069C34B31646611C29D1C169294053
:10D8F000491BB1FA81F149098E4218D1C169294009
:10D90000491BB1FA81F149098E4201BFC169294021
:10D91000491BB1FA81F104BF49098E4207D1C1699F
:10D920002940491BB1FA81F149098E42DED000201D
:10D93000BDE8F081F5F748FF0320BDE8F08100BFA6
:10D940001F4607E0C0692840401BB0FA80F040093C
:10D950008642ECD1F5F738FFC01BA04200F2B6803A
:10D96000D8F8000001684907ECD5402D18BF802D7C
:10D97000E8D0C169090700F1AD80C1690905E1D5A9
:10D980004FF400610162D8F8000050E8000FD8F8A9
:10D99000001020F4907041E8000222B3D8F8000093
:10D9A00050E8000FD8F8001020F4907041E8000211
:10D9B000002A1FBFD8F8000050E8000FD8F8001068
:10D9C00020F490701CBF41E80002002A0BD0D8F868
:10D9D000000050E8000FD8F8001020F4907041E8E3
:10D9E0000002002ACFD14FF6FE70CEF6FF70D8F8B5
:10D9F000001051E8021FD8F80020014042E802134D
:10DA00000BB3D8F8001051E8021FD8F800200140ED
:10DA100042E80213002B1FBFD8F8001051E8021F84
:10DA2000D8F8002001401CBF42E80213002B0AD0A6
:10DA3000D8F8001051E8021FD8F80020014042E851
:10DA40000213002BD3D1D8F86C0001282FD1D8F8BD
:10DA5000000050E8000FD8F8001020F0100041E856
:10DA6000000222B3D8F8000050E8000FD8F80010E8
:10DA700020F0100041E80002002A1FBFD8F8000083
:10DA800050E8000FD8F8001020F010001CBF41E84B
:10DA90000002002A0BD0D8F8000050E8000FD8F898
:10DAA000001020F0100041E80002002ACFD1202011
:10DAB000C8F88C000021C8F86C10C8F87410C8F8B9
:10DAC0009000032088F88410BDE8F0810320BDE8B1
:10DAD000F08100BF08210162D8F8000050E8000F73
:10DAE000D8F8001020F4907041E8000222B3D8F872
:10DAF000000050E8000FD8F8001020F4907041E8C2
:10DB00000002002A1FBFD8F8000050E8000FD8F824
:10DB1000001020F490701CBF41E80002002A0BD0D6
:10DB2000D8F8000050E8000FD8F8001020F49070EA
:10DB300041E80002002ACFD14FF6FE70CEF6FF700A
:10DB4000D8F8001051E8021FD8F80020014042E840
:10DB500002130BB3D8F8001051E8021FD8F80020C8
:10DB6000014042E80213002B1FBFD8F8001051E813
:10DB7000021FD8F8002001401CBF42E80213002B0E
:10DB80000AD0D8F8001051E8021FD8F80020014050
:10DB900042E80213002BD3D1D8F86C0001282FD112
:10DBA000D8F8000050E8000FD8F8001020F010005E
:10DBB00041E8000222B3D8F8000050E8000FD8F87E
:10DBC000001020F0100041E80002002A1FBFD8F822
:10DBD000000050E8000FD8F8001020F010001CBF23
:10DBE00041E80002002A0BD0D8F8000050E8000FEE
:10DBF000D8F8001020F0100041E80002002ACFD130
:10DC00002020C8F88C000020C8F86C00C8F8740008
:10DC10000821C8F8901088F884000120BDE8F08140
:10DC2000FEE700000000000046F6F840C2F20000E7
:10DC30000178012911D190ED012A90ED021A30EE00
:10DC4000020AB5EE401AF1EE10FA80ED010AB4EEC8
:10DC5000410A03DDF1EE10FA04DC7047F1EE10FA30
:10DC6000A8BF70470221017070470000000000004B
:10DC70002DE9F04747F2CC340546C2F20004E42116
:10DC80002046F2F70AFF40F2000C022DC4F2201CDD
:10DC900025702FD0012D01D00120207041F6B860F1
:10DCA0004CF6CD41C3F6855060604FF07F50C3F60F
:10DCB0004C61C4E9030143F2BD70C4F808C0C3F26B
:10DCC0008650A06104F1580E04F1540804F1500983
:10DCD00004F1480A04F1440004F1400104F13C0657
:10DCE00004F1380704F1340204F12C0304F128058F
:10DCF000243442E0002041F26F21C4F2A000C3F6B8
:10DD00008321E065002021660021C4F27010C4F276
:10DD1000482160660020A1664FF07E5121674DF2D8
:10DD20000A71C4F2A010E0664FF07C50C3F62341A4
:10DD3000C4E91D01E0674FF07F50C4F88000002067
:10DD4000C4E92100C4E92300C4E9250004F1D00E90
:10DD500004F1CC0804F1C80904F1C00A04F1BC00C4
:10DD600004F1B80104F1B40604F1B00704F1AC0207
:10DD700004F1A40304F1A0059C34C4F800C04FF0E2
:10DD80007C542C604CF6CD45C3F6CC551D60002369
:10DD900013600022C1F800C0C4F2C8223A60002714
:10DDA0000460C4F27A473760CAF80050C9F80030FE
:10DDB000C8F80020CEF80070BDE8F0870000000031
:10DDC000002808BF7047002241F26F21C4F22012E0
:10DDD00042604CF6CD42C3F60341C3F64C62C260CA
:10DDE00043F2BD7201604FF07F5181600021C3F2A8
:10DDF0008652C0E9041200F118010022C4F27A42EE
:10DE000081EC060A0021C4F2C821C0E90C12704757
:10DE1000F5F7DABB000000002DE9F04F93B012F0E7
:10DE20001F074FF0FF3606FA07F76FEA070708BF2C
:10DE30004FF0FF37012B0D97CDE90401C0F212829C
:10DE400002F11F0001214FEA601800F01F00A3F14A
:10DE5000010B01FA00F0B8F1000F4FEA88066FEAF3
:10DE6000000002900896CDE9063B40F31D81B8F111
:10DE7000010001904FF0FF310D9808BF0146059851
:10DE8000CDF83C8003910021043012900498119049
:10DE900019E000BF0A9A099921F00101089D02EBDF
:10DEA00088001160029A50F8041C114040F8041CCC
:10DEB000069B0C9912989942284412901198284474
:10DEC000119000F0CF81481E4E1C00FB08F54FF06A
:10DED000FF329E4201FB08FCB8BF3246049F8842D5
:10DEE00002FB08F007EB850428BF00240B910021FA
:10DEF0000C969E42B8BF07EB800107EB8C02109195
:10DF000041465CB10129216820D1166800204FF0FC
:10DF1000000E0025109B73B920E000BF166800209A
:10DF200001294FF000014FF0000E4FF00005109B4B
:10DF30000FD100BF93B1B3FA83F280F00100520910
:10DF4000104318680BD15B680AE000BF6068166870
:10DF5000109B864655680120002BECD10020002341
:10DF60004FEACE72DDF83C8042EA51023143EF07BE
:10DF7000B8F1010F47EA560742EA41024FEAC37679
:10DF800042EA070246EA5006059B42EA400242EA9C
:10DF9000060203EB8C0341EA020140EA0100039907
:10DFA00000EA01001860CDE909030DD10B9907982B
:10DFB000002918BF81427FF46DAF089D0A98294659
:10DFC000F2F76BFD74E700BF00260221DDF804B014
:10DFD0000E943CE04FF000084FF0000900274FEA94
:10DFE0004A02BBF1010F42EAD37201F101014FEA8B
:10DFF000C07343EA5A034FEA4E0042EA030240EA82
:10E00000DC704FEAC57540EA020045EA5E054FEA5A
:10E01000480440EA050044EAD9734FEAC77240EA6F
:10E02000030042EA580240EA02000D9A40EA0A0060
:10E0300040EA0E0040EA080008BF1040129ABBF107
:10E04000010BDDE90E48905106F10406AED03CB15B
:10E05000A0194145A359D0F804A004DA806803E070
:10E060004FF0000A00230020119F414507EB0602F4
:10E0700057F806C0D2F804E004DA9568109F2FB96B
:10E08000A8E700BF0025109F002FA3D0BA1944466F
:10E0900057F80690002FD2F804804FF000079ED06A
:10E0A000A142B8BF97689AE7059831461F46F2F734
:10E0B000F4FC012F00F0D680B81E3A4603280BF07E
:10E0C000030405D20127002C40F09680CAE000BF6F
:10E0D00008EB88006FF003010D944FEA081401EB80
:10E0E00080000E9008EB4800CDF83C8085004FF092
:10E0F00001094FEAC8034FF000084FF0020A059FDC
:10E100002BF0030111911095129313E058460899D2
:10E11000F2F7C3FC08F104081198129B80450AF13C
:10E12000040A09F104095F46089EDDE9062B2C4626
:10E13000109D5BD0524507EB060027D13146F2F720
:10E14000ACFC129B09F10100584507EB03002ED0EF
:10E1500001687A1921F00101016052F8040C02995A
:10E16000084042F8040C09F10200584507EB05008D
:10E1700026D001683A1921F00101016052F8040C1F
:10E180000299084042F8040C1DE000BF0168FA182B
:10E1900021F00101016052F8040C0299084042F894
:10E1A000040C09F10100584507EB0300D0D13146BA
:10E1B000F2F773FC09F10200584507EB0500D8D1CE
:10E1C0003146F2F76AFC09F103002546584507EB92
:10E1D000040B9BD00E9ADBF8000020F00100CBF876
:10E1E00000000299B8580840B85093E7AAF1010717
:10E1F000DDF83C800D9CACB307FB08F005995F454A
:10E2000001EB800006D13146F2F747FC012C29D002
:10E210000EE000BF016800EB880221F001010160FF
:10E2200052F8040C0299084042F8040C012C19D051
:10E23000781C00FB08F15845059800EB810003D1DC
:10E240003146F2F72AFC0BE0016800EB880221F06E
:10E250000101016052F8040C0299084042F8040CD4
:10E26000022C03D113B0BDE8F08F00BFB81C00FB37
:10E2700008F15845059800EB810005D13146F2F7C9
:10E280000CFC13B0BDE8F08F016800EB880221F0B0
:10E290000101016052F8040C0299084042F8040C94
:10E2A00013B0BDE8F08F000047F2C030C2F20000AA
:10E2B0000178012911D190ED011A9FED082AA0EEF5
:10E2C000021A90ED020A80ED011AB4EE401AF1EE46
:10E2D00010FAD8BF7047022101707047CDCCCC3DF9
:10E2E0002DE9F04F93B012F01F074FF0FF3606FAFA
:10E2F00007F76FEA070708BF4FF0FF37012B0D97AD
:10E30000CDE90501C0F2128202F11F0001214FEA9E
:10E31000601800F01F005C1E01FA00F0B8F1000F59
:10E320004FEA880B6FEA00000290CDF84880CDE9F3
:10E33000073B40F31D81B8F1010001900D984FF0AB
:10E34000000118BF6FF00100049403900698043098
:10E3500011900598109018E00A9A099921F001018E
:10E36000089C02EB88001160029A50F8041C1140CE
:10E3700040F8041C079B0C99119899422044119075
:10E3800010982044109000F0D181481E4D1C00FBD5
:10E3900008F42A469D4201FB08FCA8BF4FF0FF325B
:10E3A000059E884202FB08F006EB840728BF002781
:10E3B0000B9100210C959D42B8BF06EB800106EB46
:10E3C0008C020F9157B1B8F1010F3E681ED1116850
:10E3D0000020002400250F9B73B91FE01168002066
:10E3E000B8F1010F4FF000064FF000044FF00005A8
:10E3F0000ED100BF0F9B8BB1B3FA83F280F0010006
:10E400005209104318680AD15B6809E078681168FE
:10E410000446556801200F9B002BEDD100200023FE
:10E42000E207039C42EA5602B8F1010F04EA4604EF
:10E430004FEAC57502EA040245EA510502EA4102C3
:10E440004FEAC37302EA050243EA500302EA4002BC
:10E4500002EA0302069B02EA060203EB8C0301EACE
:10E46000020100EA0100CDE9090318600CD10B9903
:10E470000498002918BF81427FF46EAF089C0A9867
:10E480002146F2F70AFB75E700260221DDF804B009
:10E490000E973DE04FF000084FF0000E00274FEAC6
:10E4A0004A02BBF1010F42EAD37201F101014FEAC6
:10E4B000C4730D9C08BF224043EA5A03BBF1010B11
:10E4C0004FEA490002EA030240EAD5704FEACC75F0
:10E4D00000EA020045EA59054FEA480400EA05004F
:10E4E00044EADE734FEAC77200EA030042EA5802C8
:10E4F0000E9F00EA0200119A00EA0A0000EA0900F1
:10E5000000EA0800905106F10406DDF84880AED01C
:10E5100047B1B8194145BB59D0F804A005DA846861
:10E5200004E000BF4FF0000A00230024109A414588
:10E5300002EB06009559D0F8049005DAD0F808C02F
:10E540000F9830B9A6E700BF4FF0000C0F980028D5
:10E55000A0D0821950F806E000284FF00007D2F84A
:10E5600004809CD012988142B8BF976897E700BF9B
:10E57000069859461E46F2F790FA012E00F0D68012
:10E58000B01E3246032804F0030705D20126002FEF
:10E5900040F09680CAE000BF08EB88006FF00301EE
:10E5A0000D974FEA081601EB80000E9008EB48002B
:10E5B0004FF0010985004FF0020A4FEAC8034FF0FF
:10E5C0000008069F24F0030110910F95119313E0AA
:10E5D00058460899F2F761FA08F104081098119B5F
:10E5E00080450AF1040A09F104095F462646DDE97F
:10E5F000072B2C460F9D5DD0524507EB0B0027D112
:10E600005946F2F74AFA119B09F10100A04207EBC3
:10E6100003002ED001687A1921F00101016052F83F
:10E62000040C0299084042F8040C09F10200A042CF
:10E6300007EB050026D00168BA1921F0010101603D
:10E6400052F8040C0299084042F8040C1DE000BF87
:10E650000168FA1821F00101016052F8040C0299D6
:10E66000084042F8040C09F10100A04207EB030046
:10E67000D0D15946F2F711FA09F10200A04207EB96
:10E680000500D8D15946F2F708FA09F103002546EA
:10E69000A042344607EB060B9AD00E9ADBF8000036
:10E6A00020F00100CBF800000299B8580840B8509B
:10E6B00092E700BFAAF10106DDF848800D9FAFB3D5
:10E6C00006FB08F00699A64201EB800006D15946E8
:10E6D000F2F7E3F9012F29D00EE000BF016800EB4B
:10E6E000880221F00101016052F8040C02990840EF
:10E6F00042F8040C012F19D0701C00FB08F1A04255
:10E70000069800EB810003D15946F2F7C6F90BE0F9
:10E71000016800EB880221F00101016052F8040C4D
:10E720000299084042F8040C022F03D113B0BDE84F
:10E73000F08F00BFB01C00FB08F1A042069800EB70
:10E74000810005D15946F2F7A8F913B0BDE8F08F62
:10E75000016800EB880221F00101016052F8040C0D
:10E760000299084042F8040C13B0BDE8F08F000095
:10E770002DE9F04F81B040F2000840F208194DF247
:10E780008C36C2F20008C2F20009C2F20006054649
:10E790007821012230464FF0780A88F802A000273D
:10E7A00089F8037089F80570F2F74DF94DF2044BC2
:10E7B0007821C2F2000B01225846F2F744F91DB34A
:10E7C0004DF61C20C2F20000811C782007E000BF3B
:10E7D000B3540BF80270013D01F1040112D00A8814
:10E7E000C2F1770292B2772AF5D831F8023CB45CD4
:10E7F000A342F0D91BF80240012CE9D1013888F876
:10E800000200E5E75FFA80FA002002E00F30782886
:10E8100071D01BF8001001290BEB000102D14A78DE
:10E82000002A66D04A78012A02D18A78002A47D085
:10E830008A78012A02D1CA78002A43D0CA78012AEC
:10E8400002D10A79002A3FD00A79012A02D14A79F5
:10E85000002A3BD04A79012A01D18A79C2B38A7948
:10E86000012A01D1CA79AAB3CA79012A01D10A7A47
:10E8700092B30A7A012A01D14A7A7AB34A7A012AF2
:10E8800001D18A7A62B38A7A012A01D1CA7A4AB35B
:10E89000CA7A012A01D10A7B32B30A7B012A01D14B
:10E8A0004A7B1AB34A7B012A01D18A7B02B38A7B55
:10E8B000012AABD1C97B0029A8D10E3019E000BFD5
:10E8C000013016E0023014E0033012E0043010E0B2
:10E8D00005300EE006300CE007300AE0083008E0B2
:10E8E000093006E00A3004E00B3002E00C3000E0B2
:10E8F0000D3089F80100002004E000BF0F3810F14E
:10E9000078017BD00BEB000191F87720012A03D12D
:10E9100091F87620002A75D091F87620012A03D14B
:10E9200091F87520002A6FD091F87520012A03D143
:10E9300091F87420002A69D091F87420012A03D13B
:10E9400091F87320002A63D091F87320012A03D133
:10E9500091F87220002A5DD091F87220012A03D12B
:10E9600091F87120002A57D091F87120012A03D123
:10E9700091F87020002A51D091F87020012A03D11B
:10E9800091F86F20002A4BD091F86F20012A03D113
:10E9900091F86E20002A45D091F86E20012A03D10B
:10E9A00091F86D20002A3FD091F86D20012A03D103
:10E9B00091F86C20002A39D091F86C20012A03D1FB
:10E9C00091F86B20002A33D091F86B20012A02D1F4
:10E9D00091F86A2072B391F86A20012A02D191F865
:10E9E00069204AB391F86920012A7FF487AF91F832
:10E9F000681000297FF482AF69301EE098F80000AB
:10EA00001DE000BF773018E0763016E0753014E076
:10EA1000743012E0733010E072300EE071300CE0B0
:10EA200070300AE06F3008E06E3006E06D3004E0D0
:10EA30006C3002E06B3000E06A3088F8000099F832
:10EA400001100A1A7932D2B2AAEB0202032A04DBBD
:10EA500002388A1CC3B29A4202D901B0BDE8F08FD5
:10EA6000002106E013F8013C83B10138C3B29A4299
:10EA7000F3D81BF80370012FF7D1CEB25B445F7857
:10EA80003743EFD1014689F80500EBE7421E89F8CC
:10EA90000300D2B2092AE0D8002089F8030089F8DF
:10EAA000011089F8050001B0BDE8F08F00000000FA
:10EAB0002DE9F04F81B040F2000840F208194EF203
:10EAC0005C56C2F20008C2F20009C2F20006054616
:10EAD0007821BA2230464FF0780A88F803A04FF028
:10EAE000000B89F804B089F806B0F1F7ACFF4EF2DC
:10EAF000D4547821C2F2000401222046F1F7A3FF8A
:10EB000015B34DF6BC70C2F20000811C782006E0FF
:10EB1000B35404F802B0013D01F1040112D00A8897
:10EB2000C2F1770292B2772AF5D831F8023CB75C8D
:10EB3000BB42F0D2A75C012FEAD1013888F803006C
:10EB4000E6E700BF5FFA80FA002002E00F30782885
:10EB50006FD0215C012904EB000102D14A78002A20
:10EB600065D04A78012A02D18A78002A46D08A786C
:10EB7000012A02D1CA78002A42D0CA78012A02D1D9
:10EB80000A79002A3ED00A79012A02D14A79002A5C
:10EB90003AD04A79012A01D18A79BAB38A79012A0D
:10EBA00001D1CA79A2B3CA79012A01D10A7A8AB3FA
:10EBB0000A7A012A01D14A7A72B34A7A012A01D12A
:10EBC0008A7A5AB38A7A012A01D1CA7A42B3CA7AB6
:10EBD000012A01D10A7B2AB30A7B012A01D14A7B8F
:10EBE00012B34A7B012A01D18A7BFAB18A7B012ABE
:10EBF000ACD1C97B0029A9D10E3018E0013016E054
:10EC0000023014E0033012E0043010E005300EE072
:10EC100006300CE007300AE0083008E0093006E072
:10EC20000A3004E00B3002E00C3000E00D3089F8CF
:10EC30000200772001E000BF0138C1B2625C012A06
:10EC4000FAD1214411F8011C0029F5D199F80210DC
:10EC500088F801000A1A7932D2B2AAEB0202022A1B
:10EC600004DD02388A1CC3B29A4203D901B0BDE860
:10EC7000F08F00BF002106E013F8013C83B101389A
:10EC8000C3B29A42F2D8E75C012FF8D1CEB2234446
:10EC90005F783743F0D1014689F80600ECE700BF02
:10ECA000421E89F80400D2B2092ADFD8002089F870
:10ECB000040089F8021089F8060001B0BDE8F08F61
:10ECC00046F60060B2EE041AC2F20000B1EE003A5D
:10ECD00000F108030ECB891A426900EE101A991A46
:10ECE00002EE101AB8EEC00AB8EEC22A20EE010AEF
:10ECF00022EE011A9FED102A20EE020A21EE021ADE
:10ED00009FED0E2A20EE020A21EE021A9FED0C2A38
:10ED100020EE020A21EE021A20EE032A21EE031A47
:10ED2000B6EE003A80ED002A80ED011A32EE010ABB
:10ED300020EE030A704700BFC3F5C84089D25E3B8E
:10ED40000000803B000000002DE9F04F87B047F63F
:10ED50003C3440F21810C2F20004C2F20000BC21A0
:10ED600078222346782500F003FD002041F2086157
:10ED7000002200BFA318A05403F603371E3D0A4427
:10ED8000A3F8BB00A3F87701A3F83302A3F8EF02BE
:10ED9000A3F8AB03A3F86704A3F82305A3F8DF05E2
:10EDA000A3F89B06A3F85707A3F81308A3F8CF0806
:10EDB000A3F88B09A3F8470AA3F8030B83F8BF0B4A
:10EDC00083F8C00BA3F87B0CA3F8370DA3F8F30D61
:10EDD000A3F8AF0EA3F86B0FA7F82405A7F8E0057A
:10EDE000A7F89C06A7F85807A7F81408A7F8D008B2
:10EDF000A7F88C09A7F8480A87F8040BBAD1BC21F8
:10EE00002046F1F728FE40F208190020C2F200095E
:10EE1000752145F2496245F2486389F8081045F2C8
:10EE20004A61C9F80C0003E0023810F15E070FD008
:10EE300027187E5CFF2E01D1BE5C7EB1BE5CFF2E2A
:10EE4000F2D1FF5C002FEFD100F15D0C08E000BFB4
:10EE50004FF0000E4FF0010C04E000BF00F15E0C1B
:10EE60004FF0010E752089F80A000123002745F2B2
:10EE70004A6A45F24B6545F24C6045F24D6889F8A7
:10EE800007C006E000230337B82938BF01235D2FF0
:10EE900018D0E21912F80A10FF2907F15E0101D11A
:10EEA000565D86B1535DFF2B01D1135C93B1135CAA
:10EEB000FF2BE7D112F80820002AE3D107F1600107
:10EEC0000AE000BFBA211EEA030F89F8091009D031
:10EED0007520DDE007F15F0101231EEA030F89F8C9
:10EEE0000910F5D1732089F80800002045F2D241BD
:10EEF00045F2D14245F2D04304E000BF023810F1A0
:10EF00005E070FD027187E5CFF2E01D1BE5C7EB15C
:10EF1000BE5CFF2EF2D1FF5C002FEFD100F15D0C43
:10EF200008E000BF4FF0000E4FF0010C04E000BFFE
:10EF300000F15E0C4FF0010E732089F80A000123E6
:10EF4000002745F2D24A45F2D34545F2D44045F276
:10EF5000D54889F807C006E000230337B82938BF31
:10EF600001235D2F18D0E21912F80A10FF2907F1CA
:10EF70005E0101D1565D86B1535DFF2B01D1135C5B
:10EF800093B1135CFF2BE7D112F80820002AE3D1DC
:10EF900007F160010AE000BFBA211EEA030F89F8F9
:10EFA000091009D0732073E007F15F0101231EEA05
:10EFB000030F89F80910F5D1712089F808000020A5
:10EFC00045F25A3145F2593245F2583304E000BF58
:10EFD000023810F15E070FD027187E5CFF2E01D19A
:10EFE000BE5C7EB1BE5CFF2EF2D1FF5C002FEFD184
:10EFF00000F15D0C08E000BF4FF0000E4FF0010C77
:10F0000004E000BF00F15E0C4FF0010E712089F8A2
:10F010000A000123002745F25A3A45F25B3545F2D2
:10F020005C3045F25D3889F807C006E000230337FD
:10F03000B82938BF01235D2F18D0E21912F80A1041
:10F04000FF2907F15E0101D1565D86B1535DFF2BAB
:10F0500001D1135C93B1135CFF2BE7D112F80820A8
:10F06000002AE3D107F160010AE000BFBA210EEAED
:10F07000030089F80910012809D026E007F15F0193
:10F0800001230EEA030089F8091001281DD171201F
:10F09000C9B209F10E03CDE902105FFA8CF247F60E
:10F0A0003C31CDE9002009F10C02C2F200014FF41D
:10F0B000B470CDF8109000F033FDB9F80C00FFF7F4
:10F0C00057FBB9F80E00FFF7F3FC4EF25C5E46F614
:10F0D0003C5B0020C2F2000EC2F2000B4DF28C32FB
:10F0E0001EF80030C2F20002D846115C02441944F6
:10F0F0000EEB00034D080BF8005055785C780BEBD5
:10F1000000019678D77893F8029093F803B02C44D6
:10F1100064084C7009EB06040BEB070692F804A098
:10F120001D7964088C70740856795F79CC7005EB92
:10F130000A0492F807B0BD1964080C716C084C7190
:10F1400094799F79DE7992F808A092F809901D7A57
:10F1500093F809C03C445E4464088C717408CC7117
:10F1600005EB0A040CEB090764080C724FEA570C14
:10F17000967A9D7AD47ADF7A0F302E441D7B27440D
:10F1800076088E727F08CF72177B567B927B5C7BF2
:10F190009B7BC3462F4426441A44782881F809C033
:10F1A0004FEA57070F734FEA56074F734FEA520261
:10F1B0008A7393D140F2081447F63C36C2F2000439
:10F1C000C2F20006A289002A61D04DF61C21042A51
:10F1D000C2F2000102F00300059005D247F63C3A66
:10F1E0000022C2F2000A2FE06FF00C0347F63C3A0F
:10F1F00003EA820000250022C2F2000A069000BF46
:10F200004C19BC2731F805B010356088E388668951
:10F21000B4F80EC000FB07A0B4F8049003FB07A3EA
:10F22000B4F808E006FB07A604320CFB07AC012784
:10F2300000F80B70A08903F80970069BAB4206F832
:10F240000E700CF80070DBD1059840F20814564699
:10F25000C2F20004C346D0B101EB8203BC2531F8F1
:10F26000222001285F884FF0010107FB0567B95490
:10F270000DD0DA8802289F8802FB0562D15506D09E
:10F280005889BC21012200FB016019894254E2899E
:10F29000002A5DD04DF6BC79042AC2F2000902F0C2
:10F2A0000300059006D247F63C3E0022C2F2000E53
:10F2B0002FE000BF6FF00C0347F63C3E03EA8200EC
:10F2C00000250022C2F2000E069000BF09EB0504E3
:10F2D0004FF0BC0A39F805B010356088E3886689BC
:10F2E000E78900FB0AE0A18803FB0AE3B4F808C041
:10F2F00006FB0AE6043207FB0AEA022700F80B7055
:10F30000A0895F54069BAB4206F80C700AF80070A7
:10F31000DCD1059F7646C346D7B109EB8203BC25F5
:10F3200039F82220012F58884FF0020100FB0560B8
:10F3300081540DD0D888022F9A8800FB0560815433
:10F3400006D05889BC21022200FB01601989425471
:10F3500045F2C8004DF28C394EF25C5A3318002544
:10F360004FF0030C4FF0040E4FF00508C2F20009F5
:10F37000C2F2000A1BF8052019F805700BEB050610
:10F380001A44DC1909EB0507707882F89CC61AF854
:10F39000052084F89CE679789C180AEB050218444D
:10F3A000194484F89C86547880F8E0C5B07881F8D8
:10F3B000E0E51919BC78184481F8E085917880F867
:10F3C00024C51819F478194480F824E5F87881F8F0
:10F3D000248519191844D47881F868C4317980F8E3
:10F3E00068E4181919443C7980F86884107981F828
:10F3F000ACC319191844747981F8ACE3797980F8B1
:10F40000AC8318191944547980F8F0C2B07981F8A6
:10F41000F0E219191844BC7981F8F082917980F8EA
:10F4200034C218191944F47980F834E2F87981F873
:10F43000348219191844D47981F878C1317A80F866
:10F4400078E1181919443C7A80F87881107A81F8AB
:10F45000BCC019191844747A81F8BCE0797A80F834
:10F46000BC80507A0A3503F804C003F801E0782D17
:10F4700003F80080A3F5EB637FF47CAF07B0BDE831
:10F48000F08F000000000000B6B04EF66075CEF2BE
:10F490000005F4F72DFB0120ADF818004FF01050D7
:10F4A000079012208DF8200003208DF8230040F2F1
:10F4B000001006AEC0F20110099030460024ADF8ED
:10F4C0002140F4F7E5FA0420F4F722FB4FF6B4519B
:10F4D000CFF6FF716858800311D4BFF34F8FBFF38D
:10F4E0006F8F45F8104CBFF34F8FBFF36F8F685885
:10F4F00040F400306850BFF34F8FBFF36F8F6858F0
:10F50000C00364D44FF624600021CFF6FF700123BE
:10F5100043F6E07429504FF62060CFF6FF70BFF33A
:10F520004F8F2858C208C0F3C908C0F34E31A8F164
:10F53000010603EBD000A8F1020B930700F00300D3
:10F540004FEA867A4FEA8B720592A8F10302049281
:10F5500004E000BF0029A1F1010129D004EA41170C
:10F56000424678B1012843EA07022A60324609D0B0
:10F5700002284AEA07022A605A4603D0059A3A430B
:10F580002A60049AB8F1030FE4D347EA8277013284
:10F5900007F1404C87F0004E07F18049043A2F6094
:10F5A000C5F800C0C5F800E0C5F80090F6D1D1E775
:10F5B0004FF6B45106AECFF6FF71BFF34F8F6858C8
:10F5C00040F480306850BFF34F8FBFF36F8FF4F774
:10F5D00003FAFCF745F906F128009821F1F75DFAE6
:10F5E0004FF4805006901E9030464FF00009CDF841
:10F5F0001C900F210891902109910221CDE90A1157
:10F60000CDE90C19CDE90E99F4F756FD20B1EFF3D1
:10F61000108072B6FEE700BFF9F77EFEF9F760FED4
:10F62000FAF722F8F9F738FEFAF7C2FAFAF7A0F873
:10F63000FAF786F9FAF7B8F9FAF7E2FAF9F758FFA4
:10F64000F9F7DEFFF9F78CFFF9F7AAFFFAF77CFA72
:10F65000FAF702FBFAF7DCFBFAF732F8FAF76CF884
:10F66000FAF7D6F9F8F730FCFAF752FC4FF01050E1
:10F6700042F61041FAF714FCF7F7F6FF00F0F8F93C
:10F68000FDF776FDFCF75CFB0020FCF7C5FE0020D3
:10F69000FCF7D6FEB1EE040ADFED330AB0EE601AD5
:10F6A000B0EE602AF0EE602A46F60450F0EE401A02
:10F6B000C2F20000FEF784FB0120FEF7D9FA47F6FC
:10F6C00094003C21C2F20000F6F7EEFF47F67810F6
:10F6D0003C21C2F20000F6F7E7FF47F2FC70C2F2ED
:10F6E0000000F6F775FDB6EE008A40F2B00740F272
:10F6F000181847F63C3540F61004C2F200079FED9B
:10F700001B9AC2F2000878264FF0BC0AC2F200052C
:10F71000C2F201040BE000BF208DC8210A220023A1
:10F7200000EE100AC820B8EE400BF8F799FB3878C5
:10F730000128F1D1B0EE480AF0EE490A772087F8A7
:10F740000090FBF7A9FD7820BC214246FCF754FF4E
:10F7500000200021BC232A46CDE9006A029600F071
:10F76000A3FDFFF7F1FAD7E70000000000FEFF4617
:10F770002DE9F04F87B0894611F01F014FF0FF3798
:10F7800007FA01F109F11F076FEA01054FEA671651
:10F7900008BF4FF0FF35012A039200930696C0F28E
:10F7A000DC80012EC0F27E8000240127022201307D
:10F7B0000590019511E000BF01EB8600029C013429
:10F7C000019D50F8041C039B29409C4240F8041CF6
:10F7D00005984844059000F0C08004FB06F04EF206
:10F7E0004C61C2F200010294002401EB8001002070
:10F7F000049106E04FF0000C41F820C00130B04207
:10F80000DAD04C45F6DA05994FF0000E01EB040A08
:10F810004FF0000C0AEB0E0604EB0E0B07FA0EF18C
:10F820000BF1010816F8013C002B18BF4CEA010C43
:10F83000C8452DDA1AF80E1002FA0EF50BF1020384
:10F84000002918BF4CEA050C4B451FDA71780423D8
:10F8500003FA0EF50BF10303002918BF4CEA050C5F
:10F860004B4513DAB178082303FA0EF300290EF1A1
:10F8700003010EF1040E18BF4CEA030C1E290EEB17
:10F88000040601D84E45C5DB344602E01C4600E0C4
:10F890004446069E049941F820C00130B042B0D1E0
:10F8A0008AE700BF0398042800F0030C02D200216D
:10F8B0002A4628E04FF6FC713301C7F6FF712A464D
:10F8C00000EA010E4EF24C60C2F2000006EB460167
:10F8D000071F8C00002100BF57F826500431154047
:10F8E00047F8265057F83650F818154047F8365064
:10F8F0003D598E4505EA02053D51FD5805EA0205D0
:10F90000FD500746E8D1BCF1000F26D017464EF255
:10F910004C6201FB06F0C2F2000202EB8602BCF16F
:10F92000010FA2F1040252F8203003EA070342F863
:10F93000203012D0481CBCF1020F06FB00F052F838
:10F94000203003EA070342F8203006D0881C7043B9
:10F9500052F82010394042F820104FF28C154EF228
:10F960004C60C2F20005039CC2F2000029464A46E0
:10F970002346FEF7B5FC4FF6CC472846C2F20007F7
:10F980004A4639462346FEF747FA384629464A464C
:10F990002346FEF741FA284639464A462346FEF7F3
:10F9A0009FFC012CA8BF012E02DA07B0BDE8F08F42
:10F9B0000098002100F1010A06E000BF0599CA4441
:10F9C000013103988142F0D001FB06F005914FF61A
:10F9D000CC414FF0000CC2F20001002301EB800E7D
:10F9E00006E000BF2B46069E0CF1010CB445E5D0A5
:10F9F0004B45F9DA5EF82CB00AEB0301002200BF98
:10FA00002BFA02F09F1810F0010801EB020607F133
:10FA1000010518BF4FF0FF384D4506F8018CE1DABB
:10FA2000C0F34004BD1C002C18BF4FF0FF344D45FF
:10FA30008C54D7DAC0F38004FD1C002C18BF4FF0A3
:10FA4000FF344D457470CDDAC0F3C000D41C0028DB
:10FA500002F1040218BF4FF0FF301E2CB07002EB11
:10FA6000030001D84845CBDB0346BCE7000000009B
:10FA70002DE9F04F81B040F600494FF48071C5F692
:10FA80000209002248464FF0000AF3F78DFE4FF4BA
:10FA90000071012248464FF400754FF00108F3F75A
:10FAA00083FE47F2B07B0021C2F2000B5846F7F705
:10FAB000C3F904215846F7F7BFF940F21C0738266E
:10FAC000C2F200074FF4007100223824A7F800A00A
:10FAD000B87987F802800028484604BF34264FF4DE
:10FAE0008071F3F761FEDBF80000002240F806A009
:10FAF000A7F808A0B87B0028484604BF4FF48075DB
:10FB0000342487F80A802946F3F74EFEDBF800001C
:10FB100040F804A001B0BDE8F08F00000000000034
:10FB20002DE9F04F9BB0B2F800904DF61C2A0D461F
:10FB30008646DDE9260406901888DDE9248CC2F2A9
:10FB4000000A4FF0BC0B17AE0092019303900A918C
:10FB5000E2B2039881B20698C0B211904DF6BC7023
:10FB60000991C2F20000029400EB81000890011F8D
:10FB70000591083804900B9205E000BF9442AEF165
:10FB8000010E40F2D9815FEA0E404B4600F07A83C5
:10FB900098B2089F5FFA88F90CF101040AEB800122
:10FBA0002AF820905FFA8CF07A8048801199398089
:10FBB0004FF0FF32E1B2CDF8348011FB0B57AB466A
:10FBC0005D1CA8F101085FFA88FACDF83CE00C94BE
:10FBD000002417F809104FF0BC0E12FA85F21292A9
:10FBE0003A46CDE9174419941A940E95109799B98D
:10FBF00012F80A10FF290FD10C998DF85D1046F606
:10FC00002061129DC2F20001002201248DF85C8067
:10FC100021F81520109A00BF12F80A1007935B46CE
:10FC200010FB0EBB4FF0BC0591B91BF80A00FF2872
:10FC30000ED146EA440012990134012280F8008076
:10FC400080F801C046F62060C2F2000020F81120C2
:10FC5000ACF1010E1BF80A005FFA8EF212FB0532BE
:10FC60001D4618B912F80A00FF2809D012F80A0038
:10FC7000DDF83480D0B14DF61C2AC2F2000A2DE026
:10FC800006EB4400129906F81480013480F801E074
:10FC900046F62060C2F20000022520F811501D46F1
:10FCA00012F80A00DDF834800028E4D112F80900C7
:10FCB0004DF61C2AC2F2000AFF280FD106EB4400C1
:10FCC000129906F81480013480F801E046F62060AD
:10FCD000C2F20000032520F811501D4612F80970E9
:10FCE00008F10100002FC7B206D0DDF83890D25DD0
:10FCF000DDF83CE0FAB91AE0D55DDDF83890FF2D6B
:10FD000010D106EB4405129906F81400013485F869
:10FD100001E046F62065C2F20005B646042625F845
:10FD2000116076460A9DD25DDDF83CE01AB91BF8F9
:10FD30000720FF2A0AD01BF80710109AE1B14FF0F4
:10FD4000BC0BD05D002847D11DE000BF06EB44028C
:10FD500012992B4606F8140082F801C046F620627C
:10FD6000C2F200020134052522F811501D461BF88D
:10FD70000710109A0029E2D1D15D4FF0BC0BFF298A
:10FD800016D0D05D40BB52FA88F00078FF2823D10E
:10FD900006EB44000C99129A06F81480417046F65E
:10FDA0002060C2F200000134072120F8121014E094
:10FDB00006EB440106F814000C980134487046F62E
:10FDC0002060129AC2F20000062120F81210109A48
:10FDD000D05D0028D7D000BF54B39DF85C80042CC0
:10FDE0009DF85DC068D2002114F003020A9D1FD067
:10FDF0005FFA8CF306EB410041788B4202D990F810
:10FE000000808C46012A13D05FFA8CF3C1788B42B4
:10FE100003D9831C8C4693F80080022A08D05FFA2D
:10FE20008CF241798A4203D904308C4690F80080E4
:10FE30000998022814D305981199008888420FD197
:10FE400004981199008888420AD105980B99408836
:10FE5000884205D104980B994088884200F01882A6
:10FE60001FFA89F21298032A3AF820100AEB800050
:10FE700012D30AEB8202134633F8087DB9420BD144
:10FE800032F80C7DB94207D147885B889F4203D185
:10FE90005288974200F0FC81119A521A48BF524290
:10FEA0004488012A0B9A3FF669AE101B48BF4042B6
:10FEB00001283FF663AEE7E104F0FC0300210725CB
:10FEC00005E000BF043108358B423FF48DAF5FFA87
:10FED0008CF706EB41025078874217D97719844690
:10FEE00017F8078C5FFA8CF7D078874213D85FFA3F
:10FEF0008CF75079874216D992F8048084465FFACD
:10FF00008CF7705D8742DDD912E000BF5FFA8CF795
:10FF1000D0788742EBD992F8028084465FFA8CF75A
:10FF200050798742E8D85FFA8CF7705D8742C9D96B
:10FF300092F806808446C5E746F62060129BC2F21E
:10FF400000001746029ABC4230F8130002F1010388
:10FF50004FF000024FF0000AA0F10700B0FA80F065
:10FF600038BF012240090C93DBB2104013FB0B5346
:10FF70000D900698CDF84CA000F1010BCDF850A0E3
:10FF800018BF884611981A460399CDF854A001F17C
:10FF90000101185C079B18BF9946002312934FF08C
:10FFA000FF33CDF858A0DA46039113FA81F10E9190
:10FFB0005FFA8BF34FF0BC01A8B9D05CFF2801D0E9
:10FFC00000200EE047F2F0010E9FC2F200010C98F3
:10FFD0008DF84D00002021F81700BC218DF84CA0B1
:10FFE000012012900B9FD05CCDF83CE017FB015E26
:10FFF000109208B1129F15E01EF80300129FFF280F
:020000040801F1
:1000000010D113A8029940EA47000E9A01374170B7
:1000100047F2F001C2F2000180F800A0012021F8AF
:10002000120000BF02981EF80350A0F1010BBC2281
:100030005FFA8BF1002D0A9D11FB025502D1E95C9C
:10004000FF2917D0E95C49BB1199695CFF2925D1CB
:1000500013AA069B02EB47010E9802F8173047F2ED
:10006000F002C2F20002013781F801B0032122F848
:10007000101013E013A847F2F00200EB4701C2F2A0
:10008000000200F817A00E98013781F801B0022194
:1000900022F81010E95C0029D6D000BF1199069A09
:1000A000A2F1010A5FFA8AF2695C11B9A95CFF2921
:1000B0001CD0A85C68B30A9D1EF8020090BB109883
:1000C000DDF83CE0805CFF282ED113A90E9B01EBEC
:1000D000470001F817A00C99417047F2F001C2F2F5
:1000E00000010137062021F813001DE013A80E9B24
:1000F00000EB470100F817A0013781F801B047F283
:10010000F001C2F20001042021F81300A85C0028CD
:10011000D1D11EF802000A9DFF281DD01EF8020052
:100120000028CCD0DDF83CE0DDF840A04FF0BC0B5F
:100130001AF8020028B906985AFA80F00078FF28C9
:1001400020D00D984DF61C2A0028C2F2000A18BFD4
:10015000A446029C87BBFBE413A90E9B01EB47005E
:1001600001F817A00299417047F2F001C2F20001B4
:100170000137052021F813001EF802000028D1D114
:100180009DE700BF13A9069A01EB47004DF61C2A14
:1001900001F817200C99417047F2F0010E9AC2F253
:1001A00000010D98013700284FF0070021F81200D8
:1001B000C2F2000A18BFA4469DF84D40042F9DF8D6
:1001C0004C001297069029D20021129810F00300DB
:1001D0000A9D3FF4BDACE3B213AA02EB41014A7899
:1001E000934202D90B781446069301283FF4B0AC31
:1001F000E3B2CA78934203D98B1C14461B7806934A
:1002000002283FF4A5ACE2B2487982427FF6A0AC66
:1002100004310446097806919AE400BF07F0FC0215
:100220000021072304E000BF043108338A42CCD008
:1002300013A82746E4B200EB41004578AC423C46A7
:1002400005D913AC1C4414F8074C06942C46C57809
:100250002746E4B2AC423C4602D9847806942C4648
:1002600047792546E4B2BC4202D904793D4606945A
:1002700013ACE75CECB2BC422C46D5D980793C4645
:100280000690D1E7994603E02899A0184008087025
:1002900000980399A0F80090019801801BB0BDE878
:1002A000F08F0000000000002DE9F04F03AF8DB08B
:1002B000D7E907961D4647F8382C00EB09028B1941
:1002C000013A013B92B240F600089BB2C5F6020823
:1002D000F8F7B6FD102100224046F3F765FA202119
:1002E00001224046F3F760FA072000EB490020F0B6
:1002F0000700ADEB000047F81C0C8546002E00F00F
:100300003D81B9F1000F4FEA490000F027814EF21C
:10031000080805EB4501C1F6007847F8281C29F0CC
:10032000030147F82C1CA90047F8301C6B00002182
:1003300080B209F0030B47E9095347E9100B14E0B9
:1003400047F218604FF47A73C2F2000057F81C1C91
:1003500057F8402CF5F738FC57F8341C3E6A013149
:1003600057F8203CB14200F00981B86947F8341CC5
:10037000B9F1040F01FB00F057F8381CB0FBF6F0A0
:1003800000FB051047F8180C04D2002157F818ACF0
:100390007FE000BF4FF0000B6FF00409002157F819
:1003A00018AC00BFD7F81CC040F2427E4FF0FF34BB
:1003B000C0F2F80EBBFBFCF047F8141C57F81C2CDD
:1003C0001AF80000C600042805EB0B004FF0FF35BB
:1003D000B0FBFCF038BF28FA06F438BF2EFA06F559
:1003E0001AF8000002EB410602F8115003EB0B056E
:1003F000C10004284FF0FF304FF0FF3AB5FBFCF38B
:1004000002EB090509F1080938BF28FA01F057F88D
:10041000182CAC71D35C38BF2EFA01FA57F8282C8F
:10042000D90002EB0B0486F802A0B4FBFCF257F8EB
:1004300018AC042B4FF0FF334FF0FF3438BF28FACD
:1004400001F31AF80220287238BF2EFA01F4D00006
:100450004FF0FF313471042AAB7257F8203C38BF9B
:100460002EFA00F1B1714FF0FF3138BF28FA00F1D8
:1004700057F8140C043047F8140C297357F82C0C57
:1004800057F8245C57F8141C884257F8300C834402
:1004900088D157F83CBC40F24274BBF1000FD7F84A
:1004A0001C90C0F2F8043FF44BAF01FB05F00E4680
:1004B0004FF0FF32B0FBF9F01AF80000C100042839
:1004C0004FF0FF3038BF28FA01F038BF24FA01F2AC
:1004D00057F81C3CBBF1010F03EB460103F8162053
:1004E00048703FF42DAF701C4FF0FF3300FB05F157
:1004F000B1FBF9F11AF80110CA0004294FF0FF31DD
:1005000038BF28FA02F138BF24FA02F357F81C2C3E
:10051000BBF1020F02EB400C02F810308CF8011016
:100520003FF40EAFB01C4FF0FF3300FB05F1B1FB01
:10053000F9F11AF80110CA0004294FF0FF3138BF51
:1005400024FA02F157F81C6C38BF28FA02F306EBC4
:10055000400C06F810108CF80130F1E685B247F235
:100560001869C2F2000900BF4FF47A73484657F881
:100570001C1C2A46F5F728FB013EF5D140F6000089
:1005800010210122C5F60200F3F70EF9A7F10C04C1
:10059000A546BDE8F08F5FEA400C08BF91F0000F60
:1005A0004FEA8C234FEAC12243EA51514FEA1C50D3
:1005B00018BF00F5F0404FEA300018BF41F000418D
:1005C0005FEA6C5C00F02980BCF1FF3F08BF40F09F
:1005D00080407047130C06BF12044FF0100C4FF010
:1005E000000C130E04BF12020CF1080C130F04BF11
:1005F00012010CF1040C930F04BF92000CF1020CD9
:10060000D30F04BF52000CF1010C11464FF0000251
:10061000A0F11F00A0EB0C00704711F0004F08BFC5
:10062000704731F000413FF4D5AF0B0C06BF090411
:100630004FF0100C4FF0000C0B0E04BF09020CF130
:10064000080C0B0F04BF09010CF1040C8B0F04BF45
:1006500089000CF1020CCB0F04BF49000CF1010C16
:10066000CCF1200322FA03F341EA030102FA0CF26F
:10067000A0EB0C0000F101007047000023F07F4761
:1006800020F07F4C80EA030000F00040ACEB070351
:1006900003F57C5303F1FF032DE9804909B44FEAC8
:1006A000144324EA03484FEA154B25EA0B4E0FF298
:1006B000042606EB13273E7803FB0667C7F5000701
:1006C00007FB06F64FEAD64606F102064FEA543714
:1006D00007FB066CCCF1005C4FEA1C472CEA074C88
:1006E0000CFB06F507FB06F404EB15464FEA9616DD
:1006F00049085FEA320234BF00204FF000404FEA61
:10070000D13706FB07FC4FEA1C4C0CFB0BF7D21B46
:1007100003FB0CF761EB07010CFB0EF7B0EB074096
:1007200072EB17420CFB08F734BFA2EB0742B2EBA7
:10073000074261EB17414FEA0C444FEA910706FB71
:1007400007FC4FEA1C4C0CFB0BF7B0EBC74072EBFD
:10075000573203FB0CF734BFA2EBC742B2EBC742E0
:1007600061EB57310CFB0EF7B0EBC70072EB577221
:100770000CFB08F734BFA2EBC702B2EBC70261EB78
:1007800057714FEA816141EA92114FEA826242EA6F
:1007900090124FEA806004EBCC04039F4FEAD137FC
:1007A00006FB07FC4FEA1C4C0CFB0BF7D21B03FBB0
:1007B0000CF761EB07010CFB0EF7B0EB074072EB97
:1007C00017420CFB08F734BFA2EB0742B2EB07421B
:1007D00061EB17414FEA8C5504EB9C244FEA9107DB
:1007E00006FB07FC4FEA1C4C0CFB0BF7B0EBC740B9
:1007F00072EB573203FB0CF734BFA2EBC742B2EBEC
:10080000C74261EB57310CFB0EF7B0EBC70072EB40
:1008100057720CFB08F734BFA2EBC702B2EBC7025A
:1008200061EB57714FEA816141EA92114FEA8262AE
:1008300042EA90124FEA806015EB4C2544F1000427
:100840004FEAD13706FB07FC4FEA1C4C0CFB0BF7B9
:10085000D21B03FB0CF761EB07010CFB0EF7B0EBAF
:10086000074072EB17420CFB08F734BFA2EB0742BC
:10087000B2EB074261EB17414FEA813141EA924105
:100880004FEA823242EA90424FEA80304FEA0C76D9
:1008900015EB1C1544F1000448EA03434EEA0B48EB
:1008A0004FF0000EB2EB080C71EB030724BF624659
:1008B00039464EEB0E0E4FF0000B001852414941E5
:1008C0004BEB0B0BB2EB080C71EB03077BF1000B4E
:1008D00024BF624639464EEB0E0E4FF0000B001857
:1008E000524149414BEB0B0BB2EB080C71EB030788
:1008F0007BF1000B24BF624639464EEB0E0E51EAE7
:10090000020718BF46F0010616EB0E7655F10002FD
:1009100054F1000103D5BDE88901BDE80088BDE8B8
:100920008901BDE80048B619524141EB0101A3F12C
:100930000103704780807F7E7D7C7B7A7978777633
:1009400076757473727171706F6E6E6D6C6C6B6AAC
:100950006A6968686766666564646363626161604A
:10096000605F5F5E5E5D5D5C5C5B5B5A5A595958C7
:100970005857575656555555545453535252525131
:10098000515050504F4F4F4E4E4D4D4D4C4C4C4B87
:100990004B4B4A4A4A4949494848484747474746CE
:1009A000464645454544444444434343434242420A
:1009B000424141419C46002B30D477002BD04FEA76
:1009C00037071CB503B44FF010004FF01001BAF117
:1009D000000F06D0BCF1000FDCBF40F0080040F073
:1009E00008014FF000000FBCBDE810400BF1010BF7
:1009F000BBF1010F08BF5FEA170722BF12F1010226
:100A000011F101014FF0004143F1000300F00040FB
:100A100043EA00007047F9D35708D0E746EA064694
:100A20004FEA164613F1400F1FDD13F1200FDFBF11
:100A300016430A46002120335B42BED0C3F1200793
:100A400046EA06464FEA164602FA07F746EA07065E
:100A500022FA03F2C3F1200701FA07F742EA07027C
:100A600021FA03F14FF00003A7E746EA020646EA3F
:100A700006464FEA164646EA0106BCBF46EA064667
:100A8000360C4FF000034FF000024FF0000194E7E6
:100A90002DE9804C70B49A46934691E8380007C817
:100AA00031EA400C48BF34EA430C03D5FFF7E6FDBA
:100AB000FFF780FFF0BCBDE8008C2DE9804C70B4DE
:100AC0009A46934691E8380007C810F0804F08BF57
:100AD00013F0804F03D100F005F8FFF76BFFF0BC77
:100AE000BDE8008C20F07F4723F07F4C80EA0300B4
:100AF00000F0004007EB0C03A3F57C53A3F1FE03C9
:100B000092F0000F00F0B38095F0000F00F07780B6
:100B10002DE901494FEA114021EA00484FEA144605
:100B200024EA064700FB06FC08FB06F607FB08F86C
:100B300018EB06484CEB164C00FB07F718EB074880
:100B40004CEB17404FEA124B22EA0B4E4FEA154688
:100B500025EA06470BFB06FC0EFB06F607FB0EFE1E
:100B60001EEB064E4CEB164C0BFB07F71EEB074E2D
:100B70004CEB174B18EB0B0840F1000018EB0E0B79
:100B800058EB000840F100008F1A4FF000014FF0C1
:100B900000063CBFC943661B14BFB5EB040C002123
:100BA0003CBFC943F61B4FEA174427EA04454FEA06
:100BB0001C472CEA074C04FB076205FB07F70CFBFC
:100BC00005F616EB074642EB174204FB0CFC16EB4E
:100BD0000C4642EB1C421BEB060658EB020241415D
:100BE0004EEA8E0E46EA9E0601D5BDE80189B61989
:100BF000524141EB0101A3F10103BDE801894FEA34
:100C0000144524EA05464FEA114721EA074C05FB43
:100C100007F406FB07F70CFB06F111EB074144EB69
:100C2000174405FB0CFC11EB0C4144EB1C444FEA50
:100C3000124722EA074C05FB07F206FB07F70CFBFD
:100C400006F616EB074642EB174205FB0CFC16EBCB
:100C50000C4642EB1C456A1854F1000148BF70472E
:100C6000B619524141EB0101A3F10103704795F020
:100C7000000F37D04FEA114221EA02464FEA1447EB
:100C800024EA074C02FB07F106FB07F70CFB06F40E
:100C900014EB074441EB174102FB0CFC14EB0C4432
:100CA00041EB1C414FEA154725EA074C02FB07F5CB
:100CB00006FB07F70CFB06F616EB074645EB174558
:100CC00002FB0CFC16EB0C4645EB1C42121951F1D1
:100CD000000148BF7047B619524141EB0101A3F131
:100CE000010370474FEA144524EA05464FEA1147CD
:100CF00021EA074C05FB07F106FB07F70CFB06F2A0
:100D000012EB074241EB174105FB0CFC12EB0C42C6
:100D100051EB1C414FF0000648BF7047921841EB61
:100D20000101A3F10103704703B401984100009849
:100D300050EAC12018BF04204A0D18BF40F001003E
:100D400040F2FF72B2EB515F08BF40F00200012891
:100D500008BF052002B0704730380A2801D20120B0
:100D6000704700207047000010B500290AD00878AD
:100D7000002807D005487844F0F742FC002801D04D
:100D8000002010BD0248784410BD0000AE150000E0
:100D9000A615000010B500290AD00878002807D051
:100DA00005487844F0F72CFC002801D0002010BD45
:100DB0000248784410BD00009E1500009615000002
:100DC0004FF07E5209E011F0004204D54042C1F1DB
:100DD000000138BF491E42F07E5202F170620B00E2
:100DE00012BF20235FEA00017047B1FA81FC01FACB
:100DF0000CF1A3EB0C0320FA03FC41EA0C0102EB1B
:100E0000C352C3F1200310FA03FC5CEA416C42EBCD
:100E1000112018BF5FF0806C28BF20F001007047E0
:100E2000F1EE100A4FF6FF71C0F2C03120EA010066
:100E300040F04070E1EE100A7047EFF789BFF0F71D
:100E4000BDB8000000000000000000003031323367
:100E500034353637383941424344454640305800EE
:100E60003031323334353637383961626364656620
:100E7000403078000400000800000000000000027C
:100E800000010000103031323334353637383961E3
:100E900062636465667870003031323334353637DA
:100EA0003839414243444546585000000240000052
:100EB000000000A00000000005400000000000C885
:100EC000000000000C4000000000409C00000000FA
:100ED000194000000020BCBE0000000034400000AB
:100EE000BFC91B8E00000004B5400000504BCFD09E
:100EF0006607E2CF010000006C4100003E8251AA6B
:100F0000DFEEA73401000000D9420000DCB5A0E20A
:100F10003A301F97FFFFFFFFB4450000FD25A0C832
:100F2000E9A3C14FFFFFFFFFFF3F0000000000806B
:100F300000000000FF3F00000000008000000000F3
:100F400001040810204000040810204000000000A8
:100F50000000000000000000000000000000000091
:100F60000000000000000000000000000000000081
:100F70000000000000000000000000000000000071
:100F80000000000060006000600060006000600021
:100F90006000400020002000200000000000000051
:100FA0006000600060000000000000000000000021
:100FB00060066006300398018800440000000000CD
:100FC0000000000000000000000000000000000021
:100FD0000000000000000000000000000000000011
:100FE000000000001002100210021002FE07FE07AF
:100FF00008020801080108010801FE07FE070401B4
:1010000004010401040100000000000000000000D1
:10101000000040004000F00158034C03CC034C009A
:1010200058007000E000C001C00140034C035C03A5
:101030004C034801F00040004000000000000000A8
:10104000000000000E010A01910091009100510082
:1010500051003A00AE03A002500450044804480472
:101060004804840284030000000000000000000027
:101070000000000038006C006C006C006C006C001C
:101080002C0098071C011A01330133016301E300AE
:10109000C308C6093C070000000000000000000073
:1010A0000C001C00100010000800040000000000EC
:1010B0000000000000000000000000000000000030
:1010C0000000000000000000000000000000000020
:1010D0000004000200018000800040004000200069
:1010E00020002000200020002000200040004000C0
:1010F00080008000000100020004000000000000E9
:101100000200040008001000100020002000400031
:10111000400040004000400040004000200020000F
:101120001000100008000400020000000000000091
:1011300000000000000000004000C0004000460C1D
:101140004E0FD001F0015E0F460C40004000400001
:10115000000000000000000000000000000000008F
:1011600000000000000000000000400040004000BF
:1011700040004000FE0F40004000400040004000A2
:10118000000000000000000000000000000000005F
:10119000000000000000000000000000000000004F
:1011A000000000000000000000000000000000003F
:1011B0000C001C00100010000800040000000000DB
:1011C000000000000000000000000000000000001F
:1011D00000000000FE07000000000000000000000A
:1011E00000000000000000000000000000000000FF
:1011F00000000000000000000000000000000000EF
:1012000000000000000000000000000000000000DE
:101210001C001C001C00000000000000000000007A
:1012200000040006000200030001000180008000AD
:101230004000400060002000200010001000080066
:1012400008000C000400060002000000000000007E
:10125000000000000000F00098010C030C030606DB
:1012600006060606060606060606060606060C031B
:101270000C039801F00000000000000000000000D6
:1012800000000000000040007C0060006000600082
:10129000600060006000600060006000600060004E
:1012A00060006000FC03000000000000000000007F
:1012B000000000000000F80084010203060306039A
:1012C000000300018001C00060002000100008023F
:1012D00004020602FE0300000000000000000000FF
:1012E0000000000000007800C60086018601800131
:1012F0008001C000700080010001000300030603AC
:1013000006038601F8000000000000000000000055
:1013100000000000000080018001C001A001A001C8
:1013200090018801880184018201FE0F8001800103
:1013300080018001E00700000000000000000000C4
:10134000000000000000FC0304000400040004008E
:101350000400F4008C0104030003000306030603E9
:1013600082018401F800000000000000000000007D
:10137000000000000000E00118030C030C00040052
:101380000600E60116030E06060606060606040615
:101390000C021803F0000000000000000000000034
:1013A000000000000000F8070C0604020401000120
:1013B00000018000800040004000400060006000AC
:1013C00060006000600000000000000000000000FD
:1013D000000000000000F8010C03060606060606E1
:1013E0000C021C03F000C8010C03060606060606E4
:1013F00006060C03F00100000000000000000000E1
:10140000000000000000F0000C010C0306020606BC
:101410000606060606078C0678060006000300038B
:101420000C018C01780000000000000000000000AA
:1014300000000000000000000000000000000000AC
:10144000E000E000E00000000000000000000000FC
:10145000E000E000E00000000000000000000000EC
:10146000000000000000000000000000000000007C
:1014700060006000000000000000000000000000AC
:10148000000060006000400020002000000000001C
:101490000000000000040002000180004000200065
:1014A0001000080004000800100020004000800028
:1014B0000001000200040000000000000000000025
:1014C000000000000000000000000000000000001C
:1014D000FE07000000000000FE0700000000000002
:1014E00000000000000000000000000000000000FC
:1014F00000000000040008001000200040008000F0
:1015000000010002000400020001800040002000F1
:1015100010000800040000000000000000000000AF
:10152000000000000000E0031806040C040C0C0C82
:101530000C0C00078001400040004000000000004B
:10154000E000E000E00000000000000000000000FB
:1015500000000000E00018030C02CC0564056605DD
:10156000A605B604B604B604B604B602E4010C043B
:101570000C021803F0000000000000000000000052
:10158000000000000000600060005000D0009000EB
:101590009000880088010801F80104030403040294
:1015A000020202060F0F0000000000000000000011
:1015B000000000000000FE008C030C030C030C0371
:1015C0000C038C01FC000C030C020C060C060C0630
:1015D0000C060C03FE0100000000000000000000EB
:1015E000000000000000E00318030C060C040404D3
:1015F00006000600060006000600060006040C04AD
:101600000C021803F00000000000000000000000C1
:101610000000000000007F008C010C030C030C068E
:101620000C060C060C060C060C060C060C060C032D
:101630000C038C017F00000000000000000000008F
:10164000000000000000FF03060306040604060075
:1016500086008600FE0086008600860006000604DE
:1016600006040602FF030000000000000000000066
:10167000000000000000FF03060306040604060045
:1016800086008600FE0086008600860006000600B2
:10169000060006001F00000000000000000000001F
:1016A000000000000000F00018010C020C0204020F
:1016B0000600060006000600C60F060306030C031C
:1016C0000C031803F0000000000000000000000000
:1016D0000000000000000F0F0606060606060606BC
:1016E00006060606FE0706060606060606060606A1
:1016F000060606060F0F00000000000000000000B4
:10170000000000000000FC0360006000600060005A
:1017100060006000600060006000600060006000C9
:1017200060006000FC0300000000000000000000FA
:10173000000000000000F807C000C000C000C000AA
:10174000C000C000C000C000C000C000C000C00099
:10175000C000C000C000C60066003C0000000000E1
:10176000000000000000CF038601C60046002600EE
:10177000160036002E006E004600C6008600860168
:10178000060106038F0700000000000000000000B3
:101790000000000000001F00060006000600060012
:1017A0000600060006000600060006000600060405
:1017B00006040602FF030000000000000000000015
:1017C0000000000000000707860386038E038E03D7
:1017D0004E034E034A035A035A033A0332033203B9
:1017E0003203120387070000000000000000000021
:1017F0000000000000008E0F0C021C021C023402CC
:101800003402640264024402C40284028403840336
:10181000040304031F020000000000000000000099
:10182000000000000000F00098010C030C02060606
:1018300006060606060606060606060606060C0246
:101840000C039801F0000000000000000000000000
:10185000000000000000FF0006030606060606065C
:10186000060606068603FE000600060006000600C1
:10187000060006001F00000000000000000000003D
:10188000000000000000F00098010C030C020606A6
:1018900006060606060606060606060676064C0236
:1018A000CC039801F0008007000300000000000056
:1018B000000000000000FF010603060606060606FB
:1018C00006060603FE004600C600860086010603E3
:1018D000060306060F0E00000000000000000000D6
:1018E000000000000000F8020C03060206020600D9
:1018F0000E003C00F800E003800300070206020629
:1019000006060C03F00100000000000000000000CB
:10191000000000000000FE0762046108610860002A
:1019200060006000600060006000600060006000B7
:1019300060006000F80100000000000000000000EE
:101940000000000000001E070C020C020C020C023A
:101950000C020C020C020C020C020C020C020C0217
:101960000C021801F0000000000000000000000060
:101970000000000000000F070602040104010C0132
:101980000C018800880098009800500050007000FA
:1019900030002000200000000000000000000000D7
:1019A000000000000000F70E6204420446044604F2
:1019B00064026402E402E4029C029C019801980122
:1019C000880188008800000000000000000000007E
:1019D0000000000000009E070C01080118019000A3
:1019E000B0006000200060006000D000900088011E
:1019F000080104038E070000000000000000000042
:101A00000000000000000F0F060404020C02080191
:101A10001801B800B0007000600060006000600055
:101A200060006000F80100000000000000000000FD
:101A3000000000000000FC070C0206030201800108
:101A40008000400040002000200010001800080422
:101A50000C040402FE03000000000000000000006F
:101A6000E0032000200020002000200020002000B3
:101A70002000200020002000200020002000200066
:101A80002000200020002000E003000000000000F3
:101A9000000000000400040008000800100010000E
:101AA00010002000200040004000C00080008000A6
:101AB000000100010002000200020004000000001A
:101AC0007C004000400040004000400040004000DA
:101AD0004000400040004000400040004000400006
:101AE00040004000400040007C000000000060001A
:101AF000900008010000000000000000000000004D
:101B000000000000000000000000000000000000D5
:101B100000000000000000000000000000000000C5
:101B200000000000000000000000000000000000B5
:101B300000000000000000000000000000000000A5
:101B400000000000000000000000FF0F0000000087
:101B5000180060000000000000000000000000000D
:101B60000000000000000000000000000000000075
:101B70000000000000000000000000000000000065
:101B80000000000000000000000000000000000055
:101B9000F0010C030C030003E0031C030E03060317
:101BA00006038E0B7C0E0000000000000000000009
:101BB0000000000008000E000C000C000C000C00DF
:101BC000CC013C031C060C060C060C060C060C068D
:101BD0000C021C03E40100000000000000000000F3
:101BE00000000000000000000000000000000000F5
:101BF000F0008C018C01860106000600060006023A
:101C00000C020C01F00000000000000000000000C9
:101C1000000000000002C0030003000300030003F3
:101C200078038C030C03060306030603060306036E
:101C300004038C0778010000000000000000000091
:101C40000000000000000000000000000000000094
:101C5000E001180308020C060C06FC070C000C003F
:101C600018041802E001000000000000000000005D
:101C7000000000000000C0036006300630003000A5
:101C8000FE01300030003000300030003000300005
:101C900030003000FC0100000000000000000000E7
:101CA0000000000000000000000000000000000034
:101CB000F007D8068C018C018C019801F8000C000B
:101CC000FC00CC03060306038E03F80000000000AE
:101CD0000000000008000E000C000C000C000C00BE
:101CE000EC011C030C030C030C030C030C030C038E
:101CF0000C030C039E070000000000000000000021
:101D000000000000000060006000000000004000D3
:101D10007C006000600060006000600060006000A7
:101D200060006000FC0300000000000000000000F4
:101D3000000000000000C001C00100000000000120
:101D4000F00180018001800180018001800180011B
:101D50008001800180018001CC007C000000000037
:101D60000000000008000E000C000C000C000C002D
:101D70008C038C008C004C006C005C008C008C018F
:101D80000C010C039E070000000000000000000092
:101D90000000000040007C00600060006000600007
:101DA0006000600060006000600060006000600033
:101DB00060006000FC030000000000000000000064
:101DC0000000000000000000000000000000000013
:101DD0003707EE0666066606660666066606660649
:101DE00066066606FF0F000000000000000000000D
:101DF00000000000000000000000000000000000E3
:101E0000EE011C030C030C030C030C030C030C036A
:101E10000C030C039E0700000000000000000000FF
:101E200000000000000000000000000000000000B2
:101E3000F00098010C0306060606060606060606CE
:101E40000C030C03F0000000000000000000000084
:101E50000000000000000000000000000000000082
:101E6000EE011C030C060C060C060C060C060C06F8
:101E70000C031C03EC010C000C003E0000000000F1
:101E80000000000000000000000000000000000052
:101E900078028C030C0306030603060306030603FD
:101EA00004038C03780300030003C0070000000054
:101EB0000000000000000000000000000000000022
:101EC0009F0358063806180018001800180018005C
:101ED00018001800FF0000000000000000000000D3
:101EE00000000000000000000000000000000000F2
:101EF000F0031C030C020C023800F000C0030403C2
:101F000004038C03FC01000000000000000000003E
:101F10000000000000000000200020003000300021
:101F2000FE01300030003000300030003000300062
:101F300030023002E001000000000000000000005C
:101F40000000000000000000000000000000080287
:101F50008E030C030C030C030C030C030C030C0387
:101F60000C039C0778010000000000000000000046
:101F70000000000000000000000000000000000061
:101F80001E070C020801080118019000B000B00003
:101F90006000600020000000000000000000000061
:101FA0000000000000000000000000000000000031
:101FB000F70E6204460464026402EC029C0198017C
:101FC00098019801080000000000000000000000D7
:101FD0000000000000000000000000000000000001
:101FE000BC0718011001B00060006000E000900024
:101FF000080108039E070000000000000000000028
:1020000000000000000000000000000000000000D0
:102010009E0708010801080190009000B0006000D0
:10202000600060002000200024001C000000000070
:1020300000000000000000000000000000000000A0
:10204000FC018401C400440060002000300018023C
:1020500008020C03FC01000000000000000000006A
:1020600000038000800080008000800080008000ED
:102070008000400020004000800080008000800040
:1020800080008000800080000003000040004000CD
:102090004000400040004000400040004000400040
:1020A0004000400040004000400040004000400030
:1020B00040004000400040004000400000000000A0
:1020C0000C00100010001000100010001000100094
:1020D0001000200040002000100010001000100030
:1020E00010001000100010000C00000000001C0088
:1020F0002204C20480030000000000000000000071
:1021000000000000000000000000000000000000CF
:1021100000000000000000000000000000000000BF
:10212000010203040102030406070809FF011280EB
:10213000FF002CFF2EDFFF013C322C0C33783A33AA
:102140003BFB3E0043111610399235DA221A37C391
:10215000361A4C005B0042034A8121995C006300FF
:102160007C056C006D806E007002719473C12080DC
:10217000283037C03D386D002300068807C00D8722
:102180000E411100090204281240144815003209BA
:10219000038A460024402538268234C0617062805C
:1021A0001711184319011A9713E50C3A4FBB509CAD
:1021B0005A23FF00E57F412476FF33A042204318D5
:1021C0004C00D703D910883FC808C9807C007D0027
:1021D0007C037D487D487C087D207D107D0E90002D
:1021E000910E911A9131915A91699175917E9188D0
:1021F000918F919691A391AF91C491D791E891203D
:102200009200930693E39305930593009304930040
:102210009300930093009300930093009600970817
:1022200097199702970C972497309728972697022B
:102230009798978097009700A400A800C511C651F1
:10224000BF80C710B666B8A5B764B97CB3AFB49702
:10225000B5FFB0C5B194B20FC45C7F00F9C0E01403
:1022600087D0C3EDC20E863DDA09C064C14B8C0035
:10227000500051C852965300540055005700D306E1
:10228000E51FE167DD7FE0000500000001000200BE
:102290000400060008000A000C00100020004000A6
:1022A0008000000100110000130100140200160359
:1022B000004C04004D05004E06004F07005008007A
:1022C000510900520A00530B00540C00560D0057E0
:1022D0000E005F0F006010006111006212006313B6
:1022E0000064140065150066160068170069180080
:1022F000701901010103070100000804020408012C
:1023000001010000502401080000002038000000F6
:10231000FC0200088824010838000020600F01003A
:102320001C0300081C00000043000000F8FFFFFF32
:102330000C0000000E0000000F0000002E00000046
:102340001001000043000000F8FFFFFF0040404084
:102350004040404040404141414141404040404078
:102360004040404040404040404040404005020224
:1023700002020202020202020202020202202020E3
:10238000202020202020200202020202020290903F
:10239000909090901010101010101010101010103D
:1023A0001010101010101010020202020202888891
:1023B000888888880808080808080808080808089D
:1023C0000808080808080808020202024000000085
:1023D00000000000000000000000000000000000FD
:1023E00000000000000000000000000000000000ED
:1023F00000000000000000000000000000000000DD
:1024000000000000000000000000000000000000CC
:1024100000000000000000000000000000000000BC
:1024200000000000000000000000000000000000AC
:10243000000000000000000000000000000000009C
:10244000000000000000000000000000000000008C
:102450007777787801000000100000000090D0032A
:102460000090D003A0FFFFA0B0B00A0D0000010053
:102470006400000000000100640001004C0F01082E
:082480000C0018003000000000
:040000050800029954
:00000001FF
