:020000040800F2
:1000000000050120D1030008398B00084971000860
:10001000318B000801160008F1DE00080000000026
:1000200000000000000000000000000061DA00088D
:10003000411C000800000000018F000841DB00089F
:10004000EB030008EB030008EB030008EB030008D8
:10005000EB030008EB030008EB030008EB030008C8
:10006000EB030008EB030008EB030008EB030008B8
:10007000EB030008EB030008EB030008EB030008A8
:10008000EB030008EB030008EB030008EB03000898
:10009000EB030008EB030008EB030008491C000811
:1000A000EB030008EB030008EB030008EB03000878
:1000B00059DD000869DD0008EB030008EB030008C8
:1000C000EB030008EB030008EB030008EB03000858
:1000D000EB030008EB030008EB030008EB03000848
:1000E000EB030008EB03000800000000EB0300082E
:1000F000EB030008EB030008EB030008EB03000828
:10010000EB030008EB030008EB030008EB03000817
:10011000EB030008EB03000879DD000889DD000827
:10012000EB030008EB030008EB030008EB030008F7
:10013000EB030008EB030008EB030008EB030008E7
:1001400000000000000000000000000000000000AF
:10015000EB030008EB030008E1160008EB030008BE
:10016000EB030008EB030008EB030008EB030008B7
:10017000EB030008EB030008D1160008EB030008AE
:10018000EB030008EB030008EB030008EB03000897
:10019000EB030008EB030008EB030008EB03000887
:1001A000EB030008EB030008EB030008EB03000877
:1001B000EB030008EB030008EB030008EB03000867
:1001C000EB030008EB030008EB030008EB03000857
:1001D000EB030008EB030008EB030008EB03000847
:1001E000EB030008EB030008EB030008EB03000837
:1001F000EB030008EB030008EB030008EB03000827
:10020000EB030008EB030008EB030008EB03000816
:10021000EB030008EB030008EB030008EB03000806
:10022000EB030008EB030008EB03000800000000EC
:10023000EB030008EB03000800000000EB030008DC
:10024000EB030008EB030008EB030008EB030008D6
:10025000EB030008EB030008EB030008EB030008C6
:10026000EB030008EB030008EB030008EB030008B6
:10027000EB030008EB030008EB030008000000009C
:10028000EB030008EB030008EB030008000000008C
:1002900000000000EB03000800F002F800F088F80E
:1002A00014A696E8000CB244B344DA4501D100F03C
:1002B0007FF8BAE80F000FA696E83000A5EB04051A
:1002C00004EB0607AAEB0704A7F101074FEA15158F
:1002D0004FEA3414A4F10104AC4201D300F068F8F1
:1002E00013F0010F18BFFB1A43F0010300F001F8EF
:1002F000DBE718474422010064220100103A24BFC2
:1003000078C878C1FAD8520724BF30C830C144BF7A
:1003100004680C6070470000704700000023002450
:1003200000250026103A28BF78C1FBD8520728BF05
:1003300030C148BF0B607047662911F050806529B5
:1003400011F04D80672911F04A80612911F0498030
:10035000692900F0D380642900F0D080752900F06D
:10036000CD806F2900F06481782900F08B810368CB
:10037000DB0928BF41F08001632900F0AA86E32948
:1003800000F0BD86002070471FB511F01BF800F08B
:10039000EFFE04000020002110F0FEFF401C606012
:1003A0000020002110F0E2FFE0601FBD10B510BD7D
:1003B00000F0DEFF1146FFF7E7FF0EF0B1FE00F0A0
:1003C000FCFF03B4FFF7F2FF03BC01F03FF80000AD
:1003D0000948804709480047FEE7FEE7FEE7FEE7D9
:1003E000FEE7FEE7FEE7FEE7FEE7FEE70448054915
:1003F000054A064B7047000089DC00089902000896
:1004000000FF002000050120000101200001012063
:100410000FB41CB5074B06AA7B44694600900598AB
:1004200000F035FE0020694600F044FE1CBC5DF87B
:1004300014FB0000990C000070B504468569006843
:10044000C10601D5302600E02026C00707D070BDC8
:10045000D4E9012130469047206A401C20626D1E7D
:10046000F6D570BD70B5044685690078C00707D120
:1004700070BDD4E9012120209047206A401C2062F1
:100480006D1EF6D570BD09684A0501D540B27047AA
:10049000C905FCD500B2704709684A0501D5C0B24C
:1004A0007047C905FCD580B2704770B50C4605464B
:1004B000012A05D02878800600D5EA69002302E0E9
:1004C000012305E05B1C934202D2E05C0028F9D1D5
:1004D000A869E618C01AA861286A18442862284644
:1004E000FFF7AAFF04E0D5E9012114F8010B9047BA
:1004F000B442F8D32846FFF7B5FF70BD2DE9F041AF
:100500000646002410687529314616A510D0FFF75D
:10051000BAFF002802DA404213A507E031688A07D3
:1005200001D512A502E0490704D511A5012401E077
:10053000FFF7B2FF00210A2206F1240709E0B0FB11
:10054000F2FCB0FBF2F302FB1C003030785418468A
:10055000491C0028F3D123462A463046BDE8F04125
:1005600000F0AAB9000000002D0000002B000000E0
:10057000200000002DE9FF5F15468A460446DFF89B
:10058000AC80F8440027D8E900103E46CDE90010C1
:1005900010E03AF816106A4602A800F0BCFD411CB3
:1005A00007D02178890603D5E269391891420DD820
:1005B0000744761C2078800602D5E069B84205DD44
:1005C000AE42E6DB3AF816000028E2D1A069C01B73
:1005D000A0612046FFF730FFD8E90010CDE90010F8
:1005E000002017E03AF818106A4602A800F093FDC0
:1005F000B0F1FF3F81460BD000250DF1080B05E05F
:10060000D4E901211BF8050090476D1C4D45F7D337
:1006100008F10100B0428046E4DB206A38442062E1
:100620002046FFF71FFFBDE8FF9F0000620E01009C
:1006300070B5044621461068FFF72EFF002104F133
:10064000240505E000F007023032C0086A54491C56
:100650000028F7D12068002308A2050708D500F07C
:100660002000084304D0E069012305A2401EE06198
:100670002046BDE8704000F01FB9000000000000F7
:100680003000000070B504460D4621461068FFF7A3
:1006900003FF2188090502D50F4A7A4402E00E4A79
:1006A0007A440E32002104F1240305E000F00F0625
:1006B0000009965D5E54491C0028F7D1207800237C
:1006C000000704D5702D02D009B102231132204653
:1006D000BDE8704000F0F0B8520D01002DE9F05F68
:1006E000894604464FF0000ADFF874B1FB44C0F8B5
:1006F00020A02046E1688847002874D0252806D02D
:10070000D4E901219047206A401C2062F1E70026CD
:100710005F462046E16888472028054607DB312DE3
:1007200005D2781910F8200C08B10643F1E7B0079C
:1007300001D526F00406C4F81CA00027C4F818A0B0
:100740002A2D09D0284610F009FE38B304EB87089B
:10075000303DC8F8185019E059F8041B204604EB46
:1007600087029161E1688847012F054618D1E06949
:10077000002820DA26F020061DE0D8F8180000EB4B
:10078000800005EB40003038C8F818002046E168CA
:100790008847054610F0E2FD0028EED1012F0AD06F
:1007A0002E2D08D12046E16888477F1C0546022F80
:1007B00046F02006C4DBA069002803DA404246F078
:1007C0000106A061F00701D026F010066C2D0BD0B9
:1007D000682D09D04C2D39D06A2D35D0742D35D0E7
:1007E0007A2D33D016E038E0E1682F46204688475E
:1007F000B842054609D16C2F26D04FF48060E168DD
:10080000064320468847054604E06C2F1AD04FF473
:10081000807006430DB3A5F14100192802D8203598
:1008200046F400664A462946204626604E46FFF7B3
:1008300083FD80B101280BD0F61D26F0070000F1E2
:10084000080956E74020E4E78020D8E70020D6E7F3
:1008500006F104094DE7284652E7206ABDE8F09FFB
:10086000280D01004FF0000200B51346944696464D
:10087000203922BFA0E80C50A0E80C50B1F12001B3
:10088000BFF4F7AF090728BFA0E80C5048BF0CC061
:100890005DF804EB890028BF40F8042B08BF7047BF
:1008A00048BF20F8022B11F0804F18BF00F8012B31
:1008B00070477047704770472DE9F0470D469946DD
:1008C0009246044600F124080168880604D5E069D0
:1008D00021F01001216000E00120A84201DD471B4A
:1008E00000E00027A1697A1902EB0900081AA0614B
:1008F0002078C00602D42046FFF79EFD002608E0BF
:10090000D4E901211AF806009047206A401C761CA1
:1009100020624E45F4DB2078C0060AD52046FFF75A
:100920008BFD06E0D4E9012130209047206A401C6D
:100930002062381EA7F10107F4DC07E0D4E90121A9
:1009400018F805009047206A401C2062281EA5F177
:100950000105F3DC2046FFF785FD2078000602D56F
:100960000220BDE8F0870120FBE72DE9FF4F0C4690
:100970001E464FF0FF378BB0D2E90001DDF86080F2
:100980000A908A46C1F30A5505B93D46002108463A
:100990004FF00000BAF1000F00F4400005DA00EB60
:1009A00080004FF4400101EA50004FEA9059B9F13C
:1009B000010F00DDB9460A9850EA4A000ED044F60D
:1009C0001050A5F2FF3545432F14B8F1000F1ED08B
:1009D0007542291E1EDDC9F100021CE0B8F1010FAD
:1009E0004FF0000001D0302103E0F24305E0215434
:1009F000401CB042FBDB30460022002121540B9901
:100A0000C1F80880C1E900200FB0BDE8F08FBD1B20
:100A10006D1CDEE74A4600DA694206A800F032FCA7
:100A200006AB93E8070003AB83E8070050460A993A
:100A300010F0B4F88DE80700A0F500501F380090C2
:100A40000398002D0ADD42F21F014A4608440023A4
:100A500003A90390684610F01DFB09E0A0F50050C3
:100A60004A461F38002303A90390684610F027FB6D
:100A70008DE807000004000C03D04FF0FF30410860
:100A800000E01046B8F1000F03D000220092154696
:100A90001EE0751E05D400F06FFB303262556D1EEE
:100AA000F9D5B3460122084302D000227F1C04E09E
:100AB0002078302801D100227F1E002A099784D097
:100AC0001DE0112D07DA00F057FB303262556D1C26
:100AD00050EA0102F5D1084302D00098C8B10EE0F7
:100AE0000021681E05E0235C625C63542254401EB2
:100AF000491C8142F7DBAB46A81B401E0990002031
:100B000004F80B000B98099AC0F80880C0E9002B84
:100B10007AE711264FF0000857E72DE9F04F884695
:100B20000446D21D22F0070191B0D1E90001CDE9C0
:100B30000A0110F0FBFB02460B98C00F01D02D20DC
:100B400007E02068810701D52B2002E0202101EA7F
:100B5000C000032A099001D0072A05DB034641465D
:100B6000204600F04FFB0BE12078800601D5E069BC
:100B700000E00620B8F1650F814606D0B8F1660F97
:100B800018D0B8F1670F70D131E00020B9F1110F22
:100B9000009001DB112301E009F101030AAA01A978
:100BA0000CA8FFF7E2FEDDE90C70002609F1010553
:100BB000834647E001204B4600904FF000470AAAC9
:100BC00001A90CA8FFF7D1FEDDE90DB00C995D4637
:100BD000002610B909F101000D18B9EB050003D486
:100BE000C0F1FF3609F10105A5EB09002BE0B9F1D1
:100BF000010F01DA4FF001090020B9F1110F009047
:100C0000484601DD112300E003460AAA01A90CA809
:100C1000FFF7ABFEDDE90C704D46002683462078D9
:100C200000070AD4AB4500DA5D4601A8012D04DDBA
:100C3000411911F8011C302907D04F4502DA17F18C
:100C4000040F04DA012082460FE06D1EEEE7002F4C
:100C500002DCED1B3E4403E0781CA84200DD7D1C55
:100C6000B81B00F1010A4FF000472078000703D4B9
:100C7000AA4501DB4FF0FF3A0021B7F1004F0DF11B
:100C800043088DF8431024D002202B23002F01DAD3
:100C90007F422D230A21021EA0F1010000DC5FB17A
:100CA00097FBF1FC97FBF1F201FB1C7C17460CF162
:100CB000300C08F801CDEEE7A8F10100037021889F
:100CC000090501D5452100E06521A0F1010800F8E2
:100CD000011C09980FA9A1EB0807FF1D00B1012015
:100CE000411901EBEA70A1693844081A401EA0615D
:100CF0002078C00602D42046FFF79EFB099828B151
:100D0000D4E901219047206A401C20622078C00667
:100D100022D52046FFF790FB1EE0002E04DBB345F2
:100D200002DD01A8805D00E03020D4E90121904778
:100D3000206A401C2062761CAAF101005FEA000ACA
:100D40000AD100F015FAC0680168405CD4E90121BD
:100D50009047206A401C2062281EA5F10105DCDCBA
:100D600007E0D4E9012118F8010B9047206A401CE4
:100D70002062381EA7F10107F3DC2046FFF772FB63
:100D8000032011B041E600002DE9F04F04460D4666
:100D9000D21D22F0070089B0D0E9009748463946B5
:100DA00010F0C4FA0246F80F01D02D2307E02068A6
:100DB000810701D52B2302E0202101EAC0038DF831
:100DC00020300BB1012000E00020032A824601D030
:100DD000072A04DB2946204600F014FA3FE1207878
:100DE000800601D40D2500E0E569C7F30A560D2DF4
:100DF00049DA00214FEA175B08464FF00000002F48
:100E000000F4400007DA00EB80004FF4400100EBF3
:100E1000D07001EA60008115012901DD4FF0FF313A
:100E200000224FEA850CBCF1180F06D31346ACF133
:100E300018004FF08052C24003E04FF4801323FAB1
:100E40000CF30CF10C0CBCF1200F04D3ACF1200C12
:100E500009FA0CF001E007FA0CF000294FF0004805
:100E600001DD18B90FE00ED140450CD319EB020992
:100E70005F4121B9404502D19F4329EA0209BBEBFA
:100E8000175F00D0761C2088000502D57B48784487
:100E900002E07A487844193808AA302302F80A3068
:100EA000037C0AF10101002E0AF1020A53546A463A
:100EB00002DC4FF0300101E04FF031014FF001084A
:100EC0008DF8001002D0A6F2FF3603E059EA470180
:100ED00000D06B4E002D02DC2178090704D54FF0BD
:100EE00002082E218DF80110C44600210BE0C7F343
:100EF00003433F01C35C491C6D1E02F808300529FD
:100F000008F1010801DA002DF1DC00210CE000EB12
:100F10001973491C1B786D1E082902F808304FEA26
:100F2000091908F1010801DA002DF0DC21688B06AF
:100F300002D516E0A8F10108E04505DD02EB080343
:100F400013F8013C302BF5D0B8F1000F09DD02EBAE
:100F5000080313F8013C2E2B03D1090701D4A8F193
:100F60000108002D05DD3E2102F808106D1E08F174
:100F70000108407C002E02F8080008F1010804DA9C
:100F80002D20764202F8080002E02B2002F808002B
:100F90000A214FF47A70864208F101080BDB96FBB8
:100FA000F0F3303302F8083096FBF0F308F1010853
:100FB00000FB136601E0642E0CDB642096FBF0F36B
:100FC000303302F8083096FBF0F308F1010800FB1B
:100FD000136601E00A2E06DB96FBF1F0303002F8D2
:100FE000080008F1010896FBF1F001FB10603030B9
:100FF00002F80800A16908F1010808EB050202EBFC
:101000000A00081AA0612078C00602D42046FFF723
:1010100013FA216A08AE01EB0A00206204E0D4E969
:10102000012116F8010B9047BAF1010AF7D2207896
:10103000C00602D52046FFF7FFF96E4609E016F814
:10104000010B3E280FD0D4E901219047206A401CB3
:101050002062B8F10108F2D22046FFF703FA09B086
:101060000320BDE8F08F206A2844206203E0D4E921
:101070000121302090476D1EEBD3F8E7AA0501004F
:1010800002FCFFFF01694A1C02610878704700B545
:101090008FB0CDE901310021059105497944CDE9B1
:1010A000031011466846FFF719FB0FB000BD0000A2
:1010B000E5FFFFFF0A6802F8010B0A60704710B5F0
:1010C000436913B1AFF3008001E0FFF7EEF90120AF
:1010D00010BD127800F124010A7000224A7001222A
:1010E000EDE711684FF0FF32E9E710B5436913B13E
:1010F000AFF3008001E0FFF73DFA012010BD128838
:1011000000F1240182840022C2840122EDE71168EB
:101110004FF0FF32E9E72DE9F04116460C4605464F
:1011200000F01EF8036893F80101012807D0FF2C96
:1011300012D8185D80B101202C70BDE8F081D3F881
:1011400007013246214603F20713C7182846BC465A
:10115000BDE8F041002360474FF0FF30EDE70000AD
:1011600010B500F005F8001D10BD00BF2D020100F4
:10117000004870475000002030B5B0F10A0271F10C
:1011800000034FEA900E4EEA817EB0EB0E0061EB59
:1011900091014FEA101E4EEA017E10EB0E0041EB6A
:1011A00011114FEA102E4EEA016E10EB0E0041EBCA
:1011B00011214FEA104E4EEA014E10EB0E0041EBAA
:1011C0001141401841F100014FEAD00040EA41705E
:1011D0004FEAD1014FEA810444EA907410EB800594
:1011E00044EB01046D1944EB0404521BA3414FF07E
:1011F000000348BF0A3200D530BD401C41F1000158
:1012000030BD00002DE9F0411F4604460326016869
:10121000072A01F4006004DB08B116A505E016A555
:1012200003E008B115A500E015A521F0100020602D
:10123000A069C01EA0610FB1401EA0612046FFF74B
:10124000FBF84FB1D4E9012138469047206A401C91
:101250002062C01C206206E0206AFAE7D4E901217E
:1012600015F8010B9047761EF8D22046FFF7FAF8E2
:10127000BDE8F0814E414E006E616E00494E460061
:10128000696E66002DE9F047814616468AB03548FA
:1012900078440DC88DE80D0032487844801C03ACBA
:1012A0000DC884E80D0041F69B300844372190FBBF
:1012B000F1F290FBF1F5A5F1800501FB12041B3C56
:1012C00002D56442012000E00020DFF898A08046AB
:1012D0000027FA44AAF1BE0A0EE0E0070AD032461F
:1012E000684607EB470101230AEB81010FF0E7FE97
:1012F0008DE8070064107F1C002CEED1194F7F444D
:10130000AE3F19E0E80715D007EB04100DF1180AFD
:1013100090E80E008AE80E00C068F04201D19819EA
:1013200008903246012306A903A80FF0C8FE03ABBC
:1013300083E807006D10641C002DE3D14FF001031A
:1013400032466946B8F1000F03A802D00FF0A2FEA2
:1013500001E00FF0B4FEC9E90001C9F808200AB0A5
:10136000BDE8F087380201000048704730000020D7
:101370007546FFF7F9FFAE4605006946534620F073
:101380000700854618B020B5FFF730F8BDE82040CB
:101390004FF000064FF000074FF000084FF0000B31
:1013A000AC46ACE8C009ACE8C009ACE8C009ACE8A0
:1013B000C00921F007018D46704710B50446AFF310
:1013C00000802046BDE81040FEF7FBBF0000000093
:1013D00030B44FF0013C50F8042BCCFA52F451F8E1
:1013E000043BD51A20D1FCB950F8042BCCFA52F4A6
:1013F00051F8043BD51A17D1B4B950F8042BCCFAE4
:1014000052F451F8043BD51A0ED16CB950F8042BA4
:10141000CCFA52F451F8043BD51A05D1002CDAD09D
:1014200030BC4FF00000704729BAB1FA81F111F0D9
:101430001801D1F120008440F2D1CA40CB4012F013
:10144000FF0213F0FF0330BCD01A70470149182087
:10145000ABBEFEE72600020070470000000000005F
:10146000F0B54FF6C0604DF6003CC2F2000000231C
:10147000C2F2000C017840F2D000C2F20000A0F1EC
:10148000030E0A025CF823106FF00704754600BFD4
:101490000E1908343789BA424FF0000798BF4FF051
:1014A000FF37EF707789BA424FF0000798BF4FF0CF
:1014B000FF3705F8047FB789BA424FF0000798BF9D
:1014C0004FF0FF376F70F689B2424FF0000698BFB9
:1014D0004FF0FF36B4F5B87FAE70D9D10CEB830175
:1014E00000254C68083C00BF34F8086F47190435E4
:1014F000B2424FF0000698BF4FF0FF3687F8BC604D
:101500006688B2424FF0000698BF4FF0FF3687F86A
:10151000BD60A688B2424FF0000698BF4FF0FF367C
:1015200087F8BE60E688B2424FF0000698BF4FF0E1
:10153000FF36BC2D87F8BF60D6D18C686FF0BB0535
:10154000083C00BF34F8086F4719B2424FF000065C
:1015500098BF4FF0FF3687F834626688B2424FF08A
:10156000000698BF4FF0FF3687F83562A688B24272
:101570004FF0000698BF4FF0FF3687F83662E688D6
:10158000B2424FF0000698BF4FF0FF36043587F89F
:101590003762D7D1C9686FF0BB04083931F8085FEA
:1015A0000619AA424FF0000598BF4FF0FF3586F8A4
:1015B000F0524D88AA424FF0000598BF4FF0FF351A
:1015C00086F8F1528D88AA424FF0000598BF4FF07F
:1015D000FF3586F8F252CD88AA424FF0000598BF39
:1015E0004FF0FF35043486F8F352D7D104330EF5AB
:1015F0003C7E782B00F53C707FF444AFF0BD0000DA
:10160000FEE70000000000000021A0F82910C0F84B
:101610002510704700000000806B816C496D022925
:1016200006D0012180F83510C16C41F04001C16441
:1016300000F052BB0000000010B5846BA26BA06CE0
:10164000002A01680A680BD0A36BDB071AD112F4D9
:10165000002217D0C968E26B01EBC201002219E039
:1016600010032DD40868000319D4E06BD4E91023CB
:1016700003EB80000861A263A06B216C884212D04A
:101680001DE000BF0A68120309D40969E26B01EB8F
:10169000C201012200F048FDA06B0138A063A06BDD
:1016A000216C88420BD12068C16841F00101C16002
:1016B0000068800758BF10BD012084F8350010BDB8
:1016C000606CC860A06B216C8842ECD0F7E700002A
:1016D00046F2BC10C2F2000000F01EBB0000000089
:1016E00046F20C20C2F2000001F09AB9000000009E
:1016F00040F20F42D0F800C0C4F20202944511DC5F
:101700006F22C4F20202944522DC3F22C4F202029C
:10171000944539DC1022C4F2020294455AD02822A2
:1017200054E000BF40F26F42C4F2020294451BDC59
:1017300040F23F42C4F2020294452DDC40F21042D6
:10174000C4F20202944545D040F228423EE000BF78
:101750009F22C4F20202944528DC7022C4F20202E5
:10176000944537D0882231E040F29F42C4F2020211
:10177000944523DC40F27042C4F20202944529D021
:1017800040F2884222E000BF4022C4F202029445A7
:1017900020D058221AE000BF40F24042C4F20202B8
:1017A000944517D040F2584210E000BFA022C4F286
:1017B000020294450ED0B82208E000BF40F2B842C1
:1017C000C4F20202944505D040F2A042C4F20202E3
:1017D000944517D10CF0F8024AF6AB23103ACAF63A
:1017E000AA23A2FB03310AA35F2AC1F302115B5CA7
:1017F00040F2FF312CEA0101C36588BF04318165E5
:10180000084670472CF0FF0181650846704700BF0D
:10181000000610160006101680B540F20F4ED0F8E4
:1018200000C0C4F2020EF44514DC40F26F0EC4F2A4
:10183000020EF44524DC40F23F0EC4F2020EF445E1
:101840003EDC40F2100EC4F2020EF44561D040F2CC
:10185000280E5BE040F26F4EC4F2020EF4451FDC2E
:1018600040F23F4EC4F2020EF44533DC40F2104E1B
:10187000C4F2020EF4454CD040F2284E46E000BFC0
:1018800040F29F0EC4F2020EF4452DDC40F2700EC1
:10189000C4F2020EF4453CD040F2880E36E000BFA0
:1018A00040F29F4EC4F2020EF44527DC40F2704E27
:1018B000C4F2020EF4452CD040F2884E26E000BF60
:1018C00040F2400EC4F2020EF44522D040F2580E0F
:1018D0001CE000BF40F2404EC4F2020EF44518D0A6
:1018E00040F2584E12E000BF40F2A00EC4F2020EC9
:1018F000F4450ED040F2B80E08E000BF40F2B84EFA
:10190000C4F2020EF44504D040F2A04EC4F2020E1E
:10191000F445CCF804308068402805D1CCF8082084
:10192000CCF80C1080BD00BFCCF80810CCF80C200F
:1019300080BD00000000000070B540F26F44D0F898
:1019400000C0C4F20204D0F858E0A4451ADC9F2578
:10195000C4F20205AC4533DC5725C4F20205AC45A0
:101960005ADC1025C4F20205AC4500F09880282509
:10197000C4F20205AC4500F092804025C4F2020595
:101980008AE000BF45F22F45C5F60205AC452DDCC7
:1019900040F2B745C4F20205AC454BDC40F270455D
:1019A000C4F20205AC457AD040F28845C4F2020583
:1019B000AC4574D040F2A045C4F202056CE000BF13
:1019C00040F22745C4F20205AC4543DCA025C4F231
:1019D0000205AC4563D0B825C4F20205AC455ED023
:1019E00040F21045C4F2020556E000BF45F26B45D7
:1019F000C5F60205AC453FDC45F23045C5F60205AB
:101A0000AC454CD045F24445C5F60205AC4546D040
:101A100045F258453EE000BF5825C4F20205AC45EA
:101A20003DD07025C4F20205AC4538D08825C4F2FB
:101A3000020531E040F2B845C4F20205AC452ED0B3
:101A400045F20845C5F60205AC4528D045F21C45CF
:101A500020E000BF40F22845C4F20205AC451ED08C
:101A600040F24045C4F20205AC4518D040F258455A
:101A7000C4F2020510E000BF45F26C45C5F6020550
:101A8000AC450CD045F29445C5F60205AC4506D0F0
:101A900045F28045C5F60205AC4540F0D080456E64
:101AA000C66E002E866E6E601CBFD0E91C566E603E
:101AB000A44515DC9F24C4F20204A4452CDC572461
:101AC000C4F20204A44551DC1024C4F20204A4456B
:101AD0007AD02824C4F20204A44575D040246FE0D3
:101AE00045F22F44C5F60204A44529DC40F2B74470
:101AF000C4F20204A44545DC40F27044C4F202047E
:101B0000A44561D040F28844C4F20204A4455BD0ED
:101B100040F2A04454E000BF40F22744C4F2020463
:101B2000A4453FDCA024C4F20204A4454CD0B82450
:101B3000C4F20204A44547D040F2104440E000BF84
:101B400045F26B44C5F60204A44555DC45F2304429
:101B5000C5F60204A44561D045F24444C5F602042A
:101B6000A4455BD045F2584454E000BF5824C4F269
:101B70000204A44528D07024C4F20204A44523D052
:101B800088241DE040F2B844C4F20204A4451BD0EE
:101B900045F20844C5F60204A4453FD045F21C4472
:101BA00038E000BF40F22844C4F20204A4450BD040
:101BB00040F24044C4F20204A44505D040F2584427
:101BC000C4F20204A4453AD18468C06D00F01F003D
:101BD0003F2505FA00F0CEF80800DCF80000402CA4
:101BE00020F48020CCF80000CCF8043023D1CCF8CD
:101BF0000820CCF80C1070BD45F26C44C5F6020408
:101C0000A4450BD045F28044C5F60204A44505D096
:101C100045F29444C5F60204A44510D1C46D0125D3
:101C200004F01F04806805FA04F4CEF8044040284C
:101C3000CCF80430DBD0CCF80810CCF80C2070BD08
:101C40007047000000000000202002F0D9B800001A
:101C5000EFF3108072B600BFFEE700000000000046
:101C600090F834C0BCF1010F4FF0020C17D080B5D2
:101C700080F835C0DDF808C0D0F800E041EA024144
:101C800043EA0C434FF0000CCEF82430CEF820107D
:101C9000012180F8351080F834C0BDE880406046EE
:101CA000704700000000000090F8341001294FF048
:101CB00002010CD080F8351001680A6842F0040275
:101CC0000A60012180F83510002180F834100846A0
:101CD0007047000000000000704700000000000096
:101CE00010B502F085F940F2A804C2F20004616860
:101CF000401AC0087C2809D902F07AF9606060783F
:101D0000A070012060700120207010BD607801304B
:101D100060700120207010BD70B50446006841F26B
:101D200019660569C0F60006690721D4A8072DD4F5
:101D3000E8063BD4280705D52068082141612046E4
:101D400000F0EEF9E80708BF70BD20680168890758
:101D500003D5C16821F01E01C160C16821F00101F5
:101D6000C160012141612046BDE87040FFF7B8BF66
:101D700004214161E06C40F00200E06484F8351019
:101D8000A06C066500F0F0FCA807D1D521680222FE
:101D9000A06C4A61E16C41F00101E164042184F826
:101DA0003510066500F0E0FCE806C3D52068102178
:101DB0004161204600F058F82807BDD4C2E7000072
:101DC00000284DD0B0B590F8351019B9044600F090
:101DD0004FF82046022180F83510D0F818C04FF295
:101DE0000705BCF1000FCFF6E0751CBF0021416272
:101DF00090E80A40C268102B0C6804EA05040C60E5
:101E0000D0E9045442EA0402046A42EA0502456A3F
:101E100042EA0E0242EA0402846A42EA0502C56A04
:101E200042EA0402046B42EA05020D6842EA040237
:101E300042EA050242EA0C0242EA03020A6001D1C8
:101E4000C2698A61CA6842F01E02CA600021C16488
:101E5000012280F83520BDE8B0400846704700BF39
:101E600001207047000000007047000000000000E3
:101E70002DE9F04786B040F200080446C4F6020897
:101E80000068002740450597CDE903770297019741
:101E900002D006B0BDE8F08744F2E04040F20049CD
:101EA000C5F60200C5F6020901AE4FF0020A50F86D
:101EB000041C0D2541F0010140F8041C50F8041CDD
:101EC00001F0010100910099016841F010010160E9
:101ED000016801F0100100910099016841F00101D1
:101EE0000160016801F0010100910099016841F071
:101EF00004010160016801F004010091009901688A
:101F000041F008010160016801F0080100910099A9
:101F1000016841F0020101600068314600F00200F2
:101F2000009000987320019009F54060CDE902A768
:101F30000497059501F070FF50203146CDE9010A64
:101F400008F180500595CDE9037701F065FFC020C9
:101F50003146CDE9010A09F580600595CDE90377A1
:101F600001F05AFF08203146CDE9010A09F5006069
:101F70000595CDE9037701F04FFF80203146CDE98B
:101F8000010A48460595CDE9037701F045FF46F281
:101F90000C2540F2B840C2F20005C4F202002860ED
:101FA0004B20C5E901074FF4806028614FF4805051
:101FB00068614FF48040A8614FF48070EF60C5E91C
:101FC00007070420686203202F63C5E90A07284633
:101FD00001F032F908B1FFF73BFE4E200521002247
:101FE000A564AC6302F094FB4E2002F07DFB06B0CA
:101FF000BDE8F0870000000070B582B0044690F89C
:10200000340001284FF0020000F086804FF0010EEE
:1020100084F834E084F835000026D4F800C0B6EB2C
:10202000134FA06CDCF8005045F48045CCF800500C
:10203000DCF8005025F00205CCF80050DCF8005028
:1020400041EA0501CCF8001041F2396141F219650D
:10205000C0F60001C163C0F60005C0E91356A663CF
:10206000E663266466640BD10CF1280101F014FCD0
:10207000002848D04020E064012084F8350048E082
:102080004164C4F838E0E3636264E16BB1F5803F1A
:1020900029D30021E36B5B08E363A36B5B00A363BD
:1020A000E36BB3F5803F1ED3E36B5B08E363A36B85
:1020B0005B00A363E36BB3F5803F21BFE36B5B0879
:1020C000E363A36B21BF5B00A363E36BB3F5803FC6
:1020D00009D3E36B5B08E363A36B5B00A363E36B70
:1020E000B1EB134FD6D1A16B0239A163A16B21646F
:1020F000E16BE66B009602EB81030CF1280100F026
:102100001BF80028B6D12068016841F00101016088
:102110000020002184F8341002B070BD00000000DF
:1021200070470000000000001023002A08BF0C23A5
:1021300002680020D15070472DE9F04381B08768D4
:10214000802F07D14FF480714165012001B0BDE8B7
:10215000F08300BF90F83470012F03D1022001B04A
:10216000BDE8F083012780F8347090F83570012FB6
:1021700028D1022780F835700027476540F20F48C4
:102180000568C4F2020840F26F49DDF820C04FF044
:102190003F0E082745454FF48026C4F2020919DC9A
:1021A0006F24C4F20204A54226DC3F24C4F20204D8
:1021B000A5423DDC1024C4F20204A5425FD02824CD
:1021C00058E000BF4FF400614165012001B0BDE857
:1021D000F08300BF4D451BDC40F23F44C4F20204D3
:1021E000A5422DDC40F21044C4F20204A54246D0C0
:1021F00040F228443EE000BF9F24C4F20204A542FE
:1022000028DC7024C4F20204A54238D0882431E0CE
:1022100040F29F44C4F20204A54223DC40F2704421
:10222000C4F20204A5422AD040F2884422E000BF52
:102230004024C4F20204A54221D058241AE000BF71
:1022400040F24044C4F20204A54218D040F258447F
:1022500010E000BFA024C4F20204A5420FD0B824AD
:1022600008E000BF40F2A044C4F20204A54206D038
:1022700040F2B844C4F20204A54240F06D822C68DA
:1022800034432C602B61D0E9163404F01F040EFA9D
:1022900004F6DE5163460446FFF7BEFA206845F2B5
:1022A0002F414845C5F602011ADC9F22C4F2020202
:1022B00090422FDC5722C4F20202904256DC1022D8
:1022C000C4F20202904200F094802822C4F202027A
:1022D000904200F08E804022C4F2020286E000BFED
:1022E00088422DDC40F2B742C4F2020290424BDC3D
:1022F00040F27042C4F2020290427AD040F2884228
:10230000C4F20202904274D040F2A042C4F202022F
:102310006CE000BF40F22742C4F20202904243DC6C
:10232000A022C4F20202904263D0B822C4F2020298
:1023300090425ED040F21042C4F2020256E000BF6A
:1023400045F26B42C5F6020290423FDC45F2304254
:10235000C5F6020290424CD045F24442C5F6020254
:10236000904246D045F258423EE000BF5822C4F2A7
:10237000020290423DD07022C4F20202904238D054
:102380008822C4F2020231E040F2B842C4F20202F2
:1023900090422ED045F20842C5F60202904228D063
:1023A00045F21C4220E000BF40F22842C4F2020283
:1023B00090421ED040F24042C4F20202904218D035
:1023C00040F25842C4F2020210E000BF45F26C42F3
:1023D000C5F6020290420CD045F29442C5F60202C4
:1023E000904206D045F28042C5F60202904240F08B
:1023F000A581626EE36E002BA36E53601CBFD4E90F
:102400001C235360404511DC6F22C4F2020290424B
:102410001EDC3F22C4F20202904235DC1022C4F2DC
:102420000202904257D0282250E000BF48451BDCF2
:1024300040F23F42C4F2020290422DDC40F21042D0
:10244000C4F20202904246D040F228423EE000BF71
:102450009F22C4F20202904228DC7022C4F20202DF
:10246000904238D0882231E040F29F42C4F202020A
:10247000904223DC40F27042C4F2020290422AD021
:1024800040F2884222E000BF4022C4F202029042A1
:1024900021D058221AE000BF40F24042C4F20202AA
:1024A000904218D040F2584210E000BFA022C4F27F
:1024B000020290420FD0B82208E000BF40F2B842BA
:1024C000C4F20202904206D040F2A042C4F20202DC
:1024D000904240F0338102680B2363F344020260B0
:1024E000426942F080024261226C0AB9A26C1AB1C0
:1024F000082203681A430260484519DC9F21C4F290
:10250000020188422EDC5721C4F20201884255DCC8
:102510001021C4F20201884200F092802821C4F206
:102520000201884200F08C804021C4F2020185E063
:1025300088422DDC40F2B741C4F2020188424BDCF4
:1025400040F27041C4F20201884279D040F28841E1
:10255000C4F20201884273D040F2A041C4F20201E9
:102560006CE000BF40F22741C4F20201884243DC24
:10257000A021C4F20201884262D0B821C4F2020153
:1025800088425DD040F21041C4F2020156E000BF23
:1025900045F26B41C5F6020188423FDC45F230410D
:1025A000C5F6020188424BD045F24441C5F602010E
:1025B000884245D045F258413EE000BF5821C4F260
:1025C000020188423CD07021C4F20201884237D017
:1025D0008821C4F2020131E040F2B841C4F20201A4
:1025E00088422DD045F20841C5F60201884227D025
:1025F00045F21C4120E000BF40F22841C4F2020134
:1026000088421DD040F24041C4F20201884217D0F6
:1026100040F25841C4F2020110E000BF45F26C41A3
:10262000C5F6020188420BD045F29441C5F602017D
:10263000884205D045F28041C5F60201884274D136
:10264000216E0A68D20303D50A6842F480720A60D8
:10265000E16E19B10A6842F480720A60404511DCEB
:102660006F21C4F2020188421EDC3F21C4F2020144
:10267000884235DC1021C4F20201884255D028215D
:1026800050E000BF48451BDC40F23F41C4F202016C
:1026900088422DDC40F21041C4F20201884244D04D
:1026A00040F228413EE000BF9F21C4F2020188426F
:1026B00028DC7021C4F20201884236D0882131E042
:1026C00040F29F41C4F20201884223DC40F2704193
:1026D000C4F20201884228D040F2884122E000BFC3
:1026E0004021C4F2020188421FD058211AE000BFE5
:1026F00040F24041C4F20201884216D040F25841F3
:1027000010E000BFA021C4F2020188420DD0B82120
:1027100008E000BF40F2B841C4F20201884204D090
:1027200040F2A041C4F202018842016841F0010177
:102730000160002001B0BDE8F08300BF02680523FE
:1027400063F343020260226C1AB9A26C002A3FF4C0
:10275000D3AE0422CDE600BF4FF0010E042748F2AD
:1027600020068CE500000000F0B190F83510022939
:1027700018D180B540F20F420168C4F202029142C2
:1027800014DC6F23C4F20203994225DC3F23C4F218
:10279000020399423CDC1023C4F2020399425DD04B
:1027A000282357E0802141650120704740F26F43A4
:1027B000C4F2020399421BDC40F23F43C4F202031D
:1027C00099422DDC40F21043C4F20203994245D0F5
:1027D00040F228433EE000BF9F23C4F20203994227
:1027E00028DC7023C4F20203994237D0882331E0F9
:1027F00040F29F43C4F20203994223DC40F270434B
:10280000C4F20203994229D040F2884322E000BF7B
:102810004023C4F20203994220D058231AE000BF9B
:1028200040F24043C4F20203994217D040F25843A9
:1028300010E000BFA023C4F2020399420ED0B823D7
:1028400008E000BF40F2B843C4F20203994205D049
:1028500040F2A043C4F20203994275D191424FF075
:10286000040280F8352011DC6F20C4F2020081429E
:1028700022DC3F20C4F20200814239DC1020C4F285
:102880000200814259D0282054E000BF40F26F403E
:10289000C4F2020081421BDC40F23F40C4F202005D
:1028A00081422DDC40F21040C4F20200814244D04B
:1028B00040F228403EE000BF9F20C4F20200814267
:1028C00028DC7020C4F20200814236D0882031E03A
:1028D00040F29F40C4F20200814223DC40F270408B
:1028E000C4F20200814228D040F2884022E000BFBA
:1028F0004020C4F2020081421FD058201AE000BFDD
:1029000040F24040C4F20200814216D040F25840EA
:1029100010E000BFA020C4F2020081420DD0B82018
:1029200008E000BF40F2B840C4F20200814204D087
:1029300040F2A040C4F202008142086820F0010089
:102940000860002080BD00BF0A6822F00E020A6005
:1029500045F25742C5F6020291420A6822F001028E
:102960000A600FDC45F22F42C5F60202914219DCE3
:1029700045F20842C5F60202914229D045F21C42B6
:1029800022E000BF45F27F42C5F60202914213DC0D
:1029900045F25842C5F60202914219D045F26C4206
:1029A00012E000BF45F23042C5F6020291420FD05C
:1029B00045F2444208E000BF45F29442C5F60202E7
:1029C000914205D045F28042C5F6020291421AD1E9
:1029D000D0E9181CD0E916E30A6822F480720A6074
:1029E00003F01F01012202FA01F1CEF80410816EFA
:1029F000CCF80410C16E31B10A6822F480720A600A
:102A0000D0E91C124A60012180F83510016D0022C6
:102A1000002980F8342094D08847002080BD000031
:102A20002DE9F04782B00021019140F2080148F2FF
:102A3000B513C2F20001C1F64E33856D40F26F4905
:102A40000A680168C4F202092E68A2FB03284945FE
:102A50002A6815DC9F22C4F2020291422CDC572224
:102A6000C4F20202914251DC1022C4F202029142ED
:102A70007BD02822C4F20202914276D040226FE03D
:102A800045F22F43C5F60203994229DC40F2B743D1
:102A9000C4F20203994245DC40F27042C4F20202E1
:102AA000914262D040F28842C4F2020291425CD06C
:102AB00040F2A04254E000BF40F22742C4F20202BA
:102AC00091423FDCA022C4F2020291424DD0B822D2
:102AD000C4F20202914248D040F2104240E000BFEE
:102AE00045F26B43C5F60203994275DC45F230436B
:102AF000C5F60203994200F0828045F24443C5F6D0
:102B0000020399427BD045F2584373E05822C4F245
:102B10000202914229D07022C4F20202914224D0D2
:102B200088221DE040F2B843C4F2020399421CD04F
:102B300045F20843C5F60203994260D045F21C43B2
:102B400058E000BF40F22842C4F2020291420CD089
:102B500040F24042C4F20202914206D040F2584292
:102B6000C4F20202914240F05383C26D082302F086
:102B70001F0240F20F4A9340C4F2020A334200F0AF
:102B8000DE8051454FF0040412DC6F27C4F20207C7
:102B9000B9426DDC3F27C4F20207B94200F39C80C2
:102BA0001027C4F20207B94200F0BD802827B5E023
:102BB000494569DC40F23F47C4F20207B94200F3DD
:102BC000938040F21047C4F20207B94200F0AB8094
:102BD00040F22847A2E000BF45F26C43C5F602036D
:102BE00099420CD045F28043C5F60203994206D0C3
:102BF00045F29443C5F60203994240F009830B68FD
:102C0000C76D07F01F070426BE40164218BF13F019
:102C1000040423D10226BE40164218BF13F002045A
:102C200042D1FA40120740F1F38213F0080200F09B
:102C3000EF820A6822F00E020A60012101FA07F20F
:102C40006A60416580F83510C16C00294FF00002C0
:102C500080F8342040F0D882DAE200BF1A046E60B7
:102C600034D49A0636D40A6822F004020A6031E0AD
:102C70009F27C4F20207B94240DC7027C4F2020762
:102C8000B94250D0882749E040F29F47C4F202077A
:102C9000B9423BDC40F27047C4F20207B94242D06D
:102CA00040F288473AE000BF1A046E6000F1B48237
:102CB0009A0600F1B5820A6822F00A020A60012130
:102CC00080F83510002180F83410A9E2D90301D42E
:102CD000816C98E2016C96E24027C4F20207B94287
:102CE00021D058271AE000BF40F24047C4F2020743
:102CF000B94218D040F2584710E000BFA027C4F2F4
:102D00000207B9420FD0B82708E000BF40F2A04741
:102D1000C4F20207B94206D040F2B847C4F2020733
:102D2000B94218BF08240F68274208D00F6827F05F
:102D300004070F60AB60436D43F00103436501235B
:102D4000934033426FD0514510DC6F27C4F2020725
:102D5000B9421DDC3F27C4F20207B94234DC102718
:102D6000C4F20207B94256D028274FE049451BDC80
:102D700040F23F47C4F20207B9422DDC40F210474F
:102D8000C4F20207B94246D040F228473EE000BFF5
:102D90009F27C4F20207B94228DC7027C4F2020759
:102DA000B94238D0882731E040F29F47C4F2020789
:102DB000B94223DC40F27047C4F20207B9422AD07C
:102DC00040F2884722E000BF4027C4F20207B94220
:102DD00021D058271AE000BF40F24047C4F2020752
:102DE000B94218D040F2584710E000BFA027C4F203
:102DF0000207B9420FD0B82708E000BF40F2A04751
:102E0000C4F20207B94206D040F2B847C4F2020742
:102E1000B94240F007824F693F0604D5AB60436D6D
:102E200043F0020343650423934033426FD051457E
:102E300010DC6F27C4F20207B9421DDC3F27C4F241
:102E40000207B94234DC1027C4F20207B94256D057
:102E500028274FE049451BDC40F23F47C4F20207F8
:102E6000B9422DDC40F21047C4F20207B94246D005
:102E700040F228473EE000BF9F27C4F20207B94254
:102E800028DC7027C4F20207B94238D0882731E025
:102E900040F29F47C4F20207B94223DC40F2704778
:102EA000C4F20207B9422AD040F2884722E000BFAC
:102EB0004027C4F20207B94221D058271AE000BFC8
:102EC00040F24047C4F20207B94218D040F25847D6
:102ED00010E000BFA027C4F20207B9420FD0B82704
:102EE00008E000BF40F2A047C4F20207B94206D092
:102EF00040F2B847C4F20207B94240F09B810F6824
:102F0000BF0704D5AB60436D43F004034365102352
:102F100003FA02F2324200F0828051454FF008037A
:102F200010DC6F27C4F20207B9421DDC3F27C4F250
:102F30000207B94234DC1027C4F20207B94256D066
:102F400028274FE049451BDC40F23F47C4F2020707
:102F5000B9422DDC40F21047C4F20207B94246D014
:102F600040F228473EE000BF9F27C4F20207B94263
:102F700028DC7027C4F20207B94238D0882731E034
:102F800040F29F47C4F20207B94223DC40F2704787
:102F9000C4F20207B9422AD040F2884722E000BFBB
:102FA0004027C4F20207B94221D058271AE000BFD7
:102FB00040F24047C4F20207B94218D040F25847E5
:102FC00010E000BFA027C4F20207B9420FD0B82713
:102FD00008E000BF40F2A047C4F20207B94206D0A1
:102FE00040F2B847C4F20207B94218BF04230F6881
:102FF0001F4214D0AA600A6852030A6808D4D20596
:1030000008D40A6822F008020A60016C21B906E0BF
:10301000110351D4016C11B1044688472046C16D9B
:1030200001F01F02202101FA02F3334200F0AF80C9
:1030300001681027514511DC6F26C4F20206B14227
:103040001EDC3F26C4F20206B14239DC1026C4F26F
:103050000206B1425BD0282654E000BF49451BDC84
:1030600040F23F46C4F20206B14231DC40F2104663
:10307000C4F20206B1424AD040F2284642E000BF04
:103080009F26C4F20206B1422CDC7026C4F202066E
:10309000B1423CD0882635E040F29F46C4F2020699
:1030A000B14227DC40F27046C4F20206B1422ED093
:1030B00040F2884626E000BF816C0029ACD1AEE723
:1030C0004026C4F20206B14221D058261AE000BFC1
:1030D00040F24046C4F20206B14218D040F25846CF
:1030E00010E000BFA026C4F20206B1420FD0B826FD
:1030F00008E000BF40F2A046C4F20206B14206D08A
:1031000040F2B846C4F20206B14218BF02270E6868
:103110003E423CD0AB6090F83530042B0B681DD19B
:1031200023F016030B604B6923F080034B61036CA3
:103130000BB9836C1BB10B6823F008030B603F21B4
:103140009140A960012180F83510016D00294FF0F0
:10315000000280F8342057D15AE000BF5A030A68B1
:103160000CD4D2050ED40A6822F010020A600121A4
:1031700080F83510002180F8341003E0110301D4E9
:10318000416C00E0C16B11B1044688472046416D97
:1031900000293DD0416DC90734D0042180F8351095
:1031A00001684FEA98220B6823F001030B60019B32
:1031B0000133019393421AD80B68DB0717D0019BA8
:1031C00001330193934212D80B68DB070FD0019BA8
:1031D0000133019393420AD80B68DB0707D0019BA8
:1031E00001330193934202D80B68DB07DFD10968F2
:1031F000C9074FF0030108BF012180F835100021F5
:1032000080F83410C16C19B102B0BDE8F04708472E
:1032100002B0BDE8F08700BFD90301D4416CF2E7EA
:10322000C16BF0E70B680423934033427FF4FFAD9A
:103230006DE600BF0B686AE62DE9F041044600F038
:10324000D7FEFCB140F26F4805462068C4F2020880
:1032500040451BDC9F21C4F20201884232DC572129
:10326000C4F20201884259DC1021C4F202018842F2
:1032700000F083802821C4F20201884200F07D80A2
:10328000402175E00120BDE8F08100BF45F22F41EB
:10329000C5F60201884229DC40F2B741C4F20201BE
:1032A000884247DC40F27041C4F20201884264D097
:1032B00040F28841C4F2020188425ED040F2A0414F
:1032C00056E000BF40F22741C4F20201884241DCCF
:1032D000A021C4F2020188424FD0B821C4F20201F9
:1032E00088424AD040F2104142E000BF45F26B41B3
:1032F000C5F60201884200F3B38045F23041C5F6BD
:103300000201884200F0BF8045F24441C5F6020147
:10331000884200F0B88045F25841AFE05821C4F22D
:103320000201884229D07021C4F20201884224D0CF
:1033300088211DE040F2B841C4F2020188421CD04D
:1033400045F20841C5F60201884200F09C8045F232
:103350001C4193E040F22841C4F2020188420CD0A3
:1033600040F24041C4F20201884206D040F2584186
:10337000C4F20201884240F01B81022184F835101A
:10338000002184F83410016821F00101016000BFC0
:1033900020680168C9070DD000F02AFE401B0628EE
:1033A000F6D320206065032084F835000120BDE8B5
:1033B000F08100BF48F23F0204F108060168CFF631
:1033C0001062114065694CCE1143A2691943E3694B
:1033D0003143266A0D43616A2B43042943EA0603FD
:1033E00043EA020303D1D4E90B652E43334341F290
:1033F0000006C5F600463668B6F1005F0FD3656873
:10340000A5F129061F2E00F235820127B7403F267D
:10341000CCF2C036374200F02D8243F480130360B3
:103420000429436923F0070341EA030140F0DC80EB
:10343000D4E90A53002B41EA050100F0D580B2F52A
:10344000005F00F0B780002A40F0C080022D00F03D
:10345000C080012D00F0B480002D00F0BA80C3E0E0
:1034600045F26C41C5F6020188420CD045F280411C
:10347000C5F60201884206D045F29441C5F6020124
:10348000884240F0958004F1080E022184F835103E
:10349000002184F834100168A3699EE80450A2F169
:1034A0008005E769B5FA85F566696D09402A4FEA36
:1034B000853543EA07026FF3101142EA060208BF9E
:1034C000102541EADC0142EA0E02236A294341EA5F
:1034D000D20141EA131140F80819C0B2CD21484386
:1034E0003C2101EA9020E0652046FEF701F9E16DFC
:1034F000012201F01F0102FA01F1416020684045FC
:1035000000F381809F21C4F20201884214DC57211C
:10351000C4F20201884227DC1021C4F20201884271
:1035200000F0C7802821C4F20201884200F0C18067
:103530004021C4F20201B9E040F22741C4F2020185
:10354000884221DCA021C4F20201884200F0B1804F
:10355000B821C4F20201884200F0AB8040F2104171
:10356000C4F20201A2E000BF5821C4F20201884265
:1035700000F09F807021C4F20201884200F099801F
:103580008821C4F2020191E040F22841C4F2020114
:10359000884200F08E8040F24041C4F2020188422D
:1035A00000F0878040F25841C4F202017EE000BF83
:1035B0004020F7E6032D17D8DFE805F00E0B0E02CA
:1035C000A3F1C072B2FA82F2520904E0032D03D3D0
:1035D0000AD1C3F300623AB140206065012084F84B
:1035E0003500BDE8F08100BF41612046FEF780F85C
:1035F000E16D3F2201F01F0102FA01F181602068B4
:1036000040457FF77FAF45F22F41C5F60201884262
:1036100016DC40F2B741C4F20201884226DC40F2D7
:103620007041C4F20201884243D040F28841C4F2A2
:10363000020188423DD040F2A041C4F2020135E0CF
:1036400045F26B41C5F6020188421FDC45F230416C
:10365000C5F6020188422CD045F24441C5F602016C
:10366000884226D045F258411EE000BF40F2B841E2
:10367000C4F2020188421CD045F20841C5F602019D
:10368000884216D045F21C410EE000BF45F26C4165
:10369000C5F6020188420CD045F29441C5F60201FC
:1036A000884206D045F28041C5F60201884240F0CA
:1036B000D98045F2574C45F6FC0EC5F6020CC5F60E
:1036C000020E60450EDC45F22F41C5F6020188422C
:1036D00018DC45F20841C5F60201884228D045F2BF
:1036E0001C4121E045F27F41C5F60201884213DC0E
:1036F00045F25841C5F60201884219D045F26C41A5
:1037000012E000BF45F23041C5F6020188420FD0F9
:1037100045F2444108E000BF45F29441C5F602017C
:10372000884205D045F28041C5F60201884247D162
:1037300000F0FC014CF6CD420839CCF6CC42A1FB9E
:103740000212AEF1FC05AEF17C061309A26803F08B
:103750001F01802A4FF0010205EB8305256602FA5E
:1037600001F26666A26605D1002060602860726082
:103770001EE000BF6368D9B25F1E072F2960726028
:1037800016D84E1E082E19D260450EF1440237DCC1
:1037900045F22F41C5F60201884241DC45F208415D
:1037A000C5F60201884251D045F21C414AE000BFF3
:1037B00000206067C4E91B0054E000BFE06E4CE0ED
:1037C00000F0F8014AF6AB221039CAF6AA22A1FB92
:1037D000021240F20F43C4F2020308251109984275
:1037E00003F1AA060B4688BF05EB121340F600054D
:1037F000B042C4F2020505F1800628BF0B46A5E7DA
:1038000045F27F41C5F60201884213DC45F258417A
:10381000C5F60201884219D045F26C4112E000BFA2
:1038200045F23041C5F6020188420FD045F24441CD
:1038300008E000BF45F28041C5F60201884205D08C
:1038400045F29441C5F6020188421BD10EEB83007C
:103850000121E066B1402267616700210160D4E97F
:103860001C01416000206065012184F83510BDE82D
:10387000F08100BFA5F14F07042F38BF43F4801338
:10388000CDE500BF40F60000C4F2020000F1FC0EDE
:1038900000F5A072DAE7000030B110B590F83440BE
:1038A000012C03D1022010BD01207047012480F8B3
:1038B000344090F83540012C2CD1022480F835405A
:1038C00000244465D0F800C0DCF8004024F0010476
:1038D000CCF800400446FEF72FF840F20F4C206869
:1038E000C4F2020C40F26F416045C4F2020119DCDF
:1038F0006F23C4F20203984226DC3F23C4F2020382
:1039000098423DDC1023C4F2020398425FD0282382
:1039100058E000BF4FF400614165002180F8341089
:10392000012010BD88421BDC40F23F43C4F2020379
:1039300098422DDC40F21043C4F20203984246D074
:1039400040F228433EE000BF9F23C4F202039842A6
:1039500028DC7023C4F20203984238D0882331E077
:1039600040F29F43C4F20203984223DC40F27043CA
:10397000C4F2020398422AD040F2884322E000BFFA
:103980004023C4F20203984221D058231AE000BF1A
:1039900040F24043C4F20203984218D040F2584328
:1039A00010E000BFA023C4F2020398420FD0B82356
:1039B00008E000BF40F2B843C4F20203984206D0C8
:1039C00040F2A043C4F20203984240F02F81036802
:1039D0000B2262F344030360226C1AB108230268CD
:1039E0001A430260884219DC9F22C4F2020290420C
:1039F00032DC5722C4F20202904259DC1022C4F297
:103A00000202904200F096802822C4F20202904204
:103A100000F090804022C4F2020289E045F22F4279
:103A2000C5F6020290422DDC40F2B742C4F2020217
:103A300090424BDC40F27042C4F20202904279D0D4
:103A400040F28842C4F20202904273D040F2A04297
:103A5000C4F202026CE000BF40F22742C4F202024C
:103A6000904243DCA022C4F20202904262D0B8220B
:103A7000C4F2020290425DD040F21042C4F202024F
:103A800056E000BF45F26B42C5F6020290423FDCB1
:103A900045F23042C5F6020290424BD045F2444214
:103AA000C5F60202904245D045F258423EE000BFC2
:103AB0005822C4F2020290423CD07022C4F20202A8
:103AC000904237D08822C4F2020231E040F2B8427C
:103AD000C4F2020290422DD045F20842C5F602021D
:103AE000904227D045F21C4220E000BF40F228421D
:103AF000C4F2020290421DD040F24042C4F20202DF
:103B0000904217D040F25842C4F2020210E000BFC7
:103B100045F26C42C5F6020290420BD045F2944247
:103B2000C5F60202904205D045F28042C5F6020277
:103B3000904274D1236E1A68D20303D51A6842F4F6
:103B400080721A60E36E1BB11A6842F480721A60C8
:103B5000604511DC6F21C4F2020188421EDC3F2166
:103B6000C4F20201884235DC1021C4F2020188420D
:103B700055D0282150E000BF88421BDC40F23F4175
:103B8000C4F2020188422DDC40F21041C4F202016D
:103B9000884244D040F228413EE000BF9F21C4F259
:103BA0000201884228DC7021C4F20201884236D02A
:103BB000882131E040F29F41C4F20201884223DCB7
:103BC00040F27041C4F20201884228D040F288419C
:103BD00022E000BF4021C4F2020188421FD05821D8
:103BE0001AE000BF40F24041C4F20201884216D000
:103BF00040F2584110E000BFA021C4F20201884207
:103C00000DD0B82108E000BF40F2B841C4F2020173
:103C1000884204D040F2A041C4F202018842016807
:103C200041F001010160002010BD00BF02680523C2
:103C300063F343020260226C002A3FF4D3AE0423F4
:103C4000CDE6000000000000B0B5044600F0D0F959
:103C500040F200010546C2F20001621C097818BF5B
:103C60000C4400BF00F0C4F9401BA042FAD3B0BD21
:103C7000B0B500F0BDF940F290050446C2F200056F
:103C80002978022946D0012928D0002940F0B280A5
:103C900040F200400121C5F6020000F091F9E96808
:103CA0000128A4EB010040F28A2140F0898088427B
:103CB000C0F0A08000F09CF940F22C019FED4F1A5B
:103CC000C2F20001E860EA7C91ED000A687C30EE07
:103CD000010A2A7581ED000AA97C3AE040F2004011
:103CE0000121C5F6020000F06BF9E9680128A4EB98
:103CF000010040F2A32145D188427BD300F078F93E
:103D000095ED010A9FED3D1A30EE010AE86085ED60
:103D1000010A1AE040F200400121C5F6020000F05D
:103D20004FF9E9680128A4EB010040F2A32137D143
:103D300088425FD300F05CF995ED020A9FED2F1ADF
:103D400030EE010AE86085ED020AEA7CA97C2A755A
:103D5000687CE974002AA8744FF001026A7449D1A2
:103D6000012908BF002845D1287845F25651013075
:103D70004143090C01EB4101401A287000202861E1
:103D80002875B0BD884235D300F032F995ED010AAF
:103D90009FED191A30EE010AE86085ED010A20E076
:103DA000884238BFB0BD00F023F995ED020A9FEDBF
:103DB000121A30EE010AE86085ED020A11E000BF38
:103DC000884217D300F014F940F22C019FED0A1A33
:103DD000C2F20001E86091ED000A30EE010A81EDC7
:103DE000000AE87C2875B5F8110068820020687424
:103DF000B0BD00BFB0BD00BFCDCCCCBDCDCCCC3DA7
:103E00008821C5F600010A68024208BF70470860B1
:103E1000FFF72EBF000000002DE9F04F83B00F68C0
:103E2000002F00F0C98000F1264642F2004506F15D
:103E3000FF76C5F602050A22A8424FEAB62540F2EF
:103E4000040C08BF092200F120030093092DC5F6D8
:103E5000000C38BF4FEAB622002400264FF00008BD
:103E600001920AE008F101080F6837FA08F206F13A
:103E7000020604F1040400F09F80012202FA08FE09
:103E800017EA0E09EED0D1F804B003220BF00307B5
:103E9000B2407D1E6FEA020A012D11D88268CD68FA
:103EA00002EA0A02B5402A438260CBF30015426859
:103EB00022EA0E0205FA08F52A43426004E000BF38
:103EC000032F01D103271FE0C2688D6802EA0A02AE
:103ED000B540022F42EA0502C26015D16FF003021D
:103EE00004F01C0502EA580B009A0F2352F80BE06D
:103EF000AB400F692EEA0303AF403B4342F80B305F
:103F0000D1F804B00BF00307026807FA06F302EADF
:103F10000A021BF4403F42EA03020260A2D044F2CC
:103F2000F44340F2084EC5F60203C5F6000E0F2515
:103F30001A6842F002021A601A6802F00202029243
:103F400028F00302029B04F00C0352F80E709D400F
:103F5000AF43019D05FA03F33B4342F80E304FF0A7
:103F6000B04EDEF800204B6842EA0907DD0258BF78
:103F700022EA09079D02CEF80070DCF8002042EA30
:103F8000090758BF22EA09079D03CCF80070DCF846
:103F9000802042EA090758BF22EA0907DB03CCF870
:103FA0008070DCF87C2042EA090758BF22EA090742
:103FB000CCF87C7056E700BF03B0BDE8F08F00007E
:103FC0000069084018BF0120704700000000000091
:103FD000002A08BF0904816170470000000000004A
:103FE00041F20000C5F600400068000C7047000078
:103FF0004FF6BC60C2F2000000687047000000008D
:1040000090F84120202A03D190F84020012A01D1C4
:1040100002207047242280F841200268136823F0B0
:1040200001031360136823F480531360136819436A
:104030001160116841F001011160202180F84110E8
:10404000002180F8401000207047000000000000B0
:1040500090F84120202A03D190F84020012A01D174
:1040600002207047242280F841200268136823F060
:1040700001031360136823F4706343EA01211160A4
:10408000116841F001011160202180F841100021E8
:1040900080F840100020704710B310B590F8411020
:1040A00031B9002180F84010044600F055FA20464E
:1040B000242180F8411090E81210C3680A68012B8F
:1040C00022F001020A6024F070620A618A6822F418
:1040D00000428A6006D14CF400428A600CE000BFC6
:1040E00001207047022B4CF404428A6004D14A68D4
:1040F00042F4006203E000BF4A6822F400624A60B2
:1041000000F1100C4A6842F0007242F400424A602A
:10411000CA6822F40042CA609CE81C101A4342EAB2
:104120000422CA60026A42EA0C020A600A6842F08B
:1041300001020A6000214164202280F841200163CD
:1041400080F84210002010BD2DE9F04F81B00446E8
:1041500090F84100202803D194F84000012803D1B1
:10416000022001B0BDE8F08F0D46984617460120A9
:1041700084F84000FFF73CFF216806468A69120474
:104180001BD4212084F84100102084F84200002034
:104190006064676249F6000CA4F82A80CFF6004CF0
:1041A0006063608DB0F5807F22D3FF2222854FF0BF
:1041B000807324E088690004E3D519212046324643
:1041C00002F0C6FF002840F08580FFF711FF801B3A
:1041D00021681A28EED388690004EBD5606C40F0A2
:1041E00020006064202084F84100012083E000BFAB
:1041F000628D2285002A00F087804FF0007317F847
:10420000010B88626762608D01386085501E2085D1
:10421000D2B228466FF39F2040EA02404A68184312
:1042200002EA0C02104340F4005048600A9F608D7F
:10423000002849D06FF39F2540F2000B05F100786C
:104240004FF0FF090CF5806AC0F2FF1B0DE000BFC4
:10425000608D21682085C0B24A6848EA004002EAC1
:104260000A0210434860608D70B3204639463246DA
:1042700003F0D2F870BB606A216810F8012B8A62E3
:104280006062608D01386085208D01382085618DE8
:104290000029E8D00004E6D18021002220463B46D8
:1042A000009603F005F8A8B9608DB0F5807FCFD3F4
:1042B0002068A4F82890416801EA0A01294341EAEC
:1042C0000B014160CFE700BF20463946324603F07C
:1042D00063F818B1012001B0BDE8F08F20682021FB
:1042E0004EF60003C161CFF6006342681A40426097
:1042F000002084F84110002184F8421084F8401016
:1043000001B0BDE8F08F00BF486808222B4600EAE4
:104310000C0062F39F23184340F0007085E7000013
:104320002DE9F04F83B0044690F84100202807D1D2
:104330000C9F4FB10D9E3EB194F8400001280BD167
:10434000022003B0BDE8F08F4FF4007060640120DC
:1043500003B0BDE8F08F00BF9A469346884601201F
:1043600084F84000FFF744FE216805468A6912047C
:1043700049D4222084F84100402084F842005FFAAA
:104380008AF04FF000096FF39F28C4F844906762E9
:1043900048EA0040668549F60006C4F83490CFF636
:1043A00000464A68CDF808803240DDF83880104475
:1043B0002A4600F5005048602046414603F02CF89C
:1043C000C0B9BAF1010F206809D04FEA1B21816200
:1043D000204641462A4603F01FF858B920685FFA84
:1043E0008BF181624021002220464346009502F075
:1043F0005FFF48B384F84090012003B0BDE8F08F20
:1044000088690004B5D5192120462A4602F0A0FE8D
:1044100000289CD1FFF7ECFD401B21681A28EFD340
:1044200088690004ECD5606C40F0200060642020B6
:1044300084F84100002084F8420084F84000012004
:1044400003B0BDE8F08F00BF608D40F2000AC0F2FB
:10445000FF1AB0F5807F09D320680AF5105350F891
:10446000041F01EA0602FF210AE000BF618D2068F7
:10447000CAB250F8043F334043EA02420AF592338D
:10448000029F1A4307F100794FF0FF0B06F5806693
:104490003A43026021850BE0608D21682085C0B21F
:1044A0004A6849EA0040324010434860608DA8B332
:1044B0000421002220464346009502F0F9FE002820
:1044C0007FF445AF2068616A406A0870218D606A98
:1044D00001306062481E2085618D01396185618DE2
:1044E0000029E3D00004E1D1802100222046434688
:1044F000009502F0DDFE00287FF429AF608DB0F555
:10450000807FC9D32168A4F828B0486800EA060271
:104510000298104340EA0A00C7E700BF2046414620
:104520002A4602F039FF00287FF411AF20682021CD
:104530004EF60003C161CFF6006342681A40426044
:1045400084F84110002084F8420084F8400003B051
:10455000BDE8F08F00000000B0B5B8B0044602A876
:104560000830B82100253395CDE93655CDE93455CD
:10457000FCF778F945F600012068C4F20001884292
:1045800002D038B0B0BD00BF0820029002A8039549
:1045900000F026F908B1FDF75BFB44F2E04433A9D3
:1045A000C5F60204206840F002002060206800F098
:1045B0000200019001984FF4406033901220349033
:1045C0000020CDE935000420379040F20040C5F6C8
:1045D0000200FFF721FCA06840F48000A060A06802
:1045E00000F480000190019838B0B0BD00000000D8
:1045F00040F200004FF6BC61C2F20000C2F20001BE
:1046000000780A681044086070470000000000004D
:1046100080B5032000F0ACF800F096FF44F218419A
:1046200042F2C633C5F60201C0F601030A68C2F3BE
:1046300003229A5C096801F00F0102F01F02595C25
:10464000D04040F20C02C2F2000201F01F0120FA39
:1046500001F1116040F20801C2F2000108600F2070
:1046600000F00AF800281CBF012080BD00F02CF8E3
:10467000002080BD00000000B0B540F20005C2F28D
:1046800000052978F1B1044640F20800C2F20000AA
:104690004FF47A72B2FBF1F10068B0FBF1F001F077
:1046A00013FD0F2C01464FF001000AD8002918BF56
:1046B000B0BD4FF0FF300022214600F029F8002065
:1046C0006C60B0BD0120B0BD81B044F2F440C5F6CD
:1046D0000200016841F002010160006800F0020080
:1046E0000090009801B07047002848BF704700F064
:1046F0001F01012202FA01F14EF20012C0F34A102A
:10470000CEF2000242F820107047000000000000C6
:1047100070B54EF60C5C4FF0FF36CEF2000C00F197
:10472000604505F56445DCF80030C3F3022E8EF0D9
:104730000703042B28BF0423BEF1030406FA03F386
:1047400021EA030100F00F0338BF0024043B0028D6
:10475000634406FA04F048BF03F10C05A14022EAC5
:10476000000008430001287070BD00000000000038
:104770004EF60C514FF6FF03CEF200010A681A40C4
:1047800060F30A2242F0806040F0FD7008607047DC
:10479000B0B544F60C05C5F6020529684907296835
:1047A00006D401F00701081A18BF0120B0BD00BFF0
:1047B00021F0070108432860FFF71AFC044600BFF8
:1047C00055F8080C800407D4FFF712FC001BB0F565
:1047D0007A7FF5D90120B0BD0020B0BD00000000F7
:1047E0002DE9F0470446C07844F22C480007C5F68E
:1047F000020828D5A06E4FEA305103292AD8DFE8F5
:1048000001F0030B131B00BFD8F8001041F4003176
:10481000C8F8001010E000BF04F10800022104F005
:10482000C3FE064680B906E004F12800022104F028
:104830004FFF064640B9A06ED8F8241021F440116D
:104840000843C8F8240000266078C00706D1354622
:104850002FE000BF01266078C007F8D0A06D0428C3
:1048600058D83546DFE800F004140E0B0B0000BFEB
:10487000D8F80000354640F40030C8F800002F4654
:10488000C5B90DE004F12800002104F021FF04E087
:1048900004F10800002104F087FE05462F464DB9BB
:1048A000D8F82400A16D20F0070000250843C8F8BF
:1048B000240037466078800731D5E06D4FEAB010AC
:1048C00004285FD8DFE800F004140E0A0A0000BFD5
:1048D000D8F8000040F40030C8F800002E46FDB9BA
:1048E0000EE000BF04F12800002104F0F1FE04E016
:1048F00004F10800002104F057FE05462E467DB95C
:10490000D8F82400E16D20F4E07000250843C8F8D1
:10491000240004E00125012760788007CDD43E46BD
:104920006078400733D5D4F8A8004FEA70500428C7
:1049300060D8DFE800F003130D090900D8F8000083
:1049400040F40030C8F80000A9460DBB0EE000BFDF
:1049500004F12800002104F0BBFE04E004F108008B
:10496000002104F021FE0546A9468DB9D8F82C0097
:10497000D4F8A81020F4600000250843C8F82C00E3
:1049800005E000BF0125012660784007CBD4B14681
:104990006078000734D5D4F8AC004FEA30600428C2
:1049A0005ED8DFE800F003130D090900D8F8000015
:1049B00040F40030C8F800002F4615BB0EE000BFE1
:1049C00004F12800002104F083FE04E004F1080053
:1049D000002104F0E9FD05462F4695B9D8F82C00D2
:1049E000D4F8AC1020F0E06000250843C8F82C0093
:1049F00006E000BF01254FF0010960780007CAD426
:104A00004F46E078800730D5E06C4FEA301003283D
:104A100020D8DFE800F00903150900BFD8F800002E
:104A200040F40030C8F800002E46ADB9D8F8200098
:104A3000E16C20F0300000250843C8F8200014E0A5
:104A400004F10800022104F0AFFD05462E461DB911
:104A5000ECE700BF012501266078C00609D434E0E8
:104A600001250127E0788007CED43E466078C00655
:104A70002BD5206E4FEA3030042839D8DFE800F01B
:104A800004140E0A0A0000BFD8F8000040F40030F9
:104A9000C8F800002F46CDB90EE000BF04F1280091
:104AA000002104F015FE04E004F10800002104F0E8
:104AB0007BFD05462F464DB9D8F82400216E20F421
:104AC000E04000250843C8F8240037466078800697
:104AD00035D5606E4FEA3040052815D8DFE800F084
:104AE000041A0E04040400BF2E46DDB91EE000BF08
:104AF0000125012760788006EBD420E004F128002E
:104B0000012104F0E5FD0AE0012501266078400658
:104B100019D449E004F10800012104F045FD0546DF
:104B20002E461DB1607840060DD43DE0D8F8240033
:104B3000616E20F4E02000250843C8F824003E46BA
:104B40006078400630D5D4F8B0004FEA30700528C0
:104B50000ED8DFE800F00313070303032F46ADB9B7
:104B600018E000BF04F12800012104F0B1FD0AE0C3
:104B700001250127607800061AD43CE004F1080002
:104B8000012104F011FD05462F461DB16078000695
:104B90000ED430E0D8F82C00D4F8B01020F0E0406B
:104BA00000250843C8F82C0037466078000622D557
:104BB000206F58B1B0F1005F0CD0B0F1805F37D1F9
:104BC000D8F8000040F40030C8F800002E469DB927
:104BD00008E000BF04F10800012104F0E5FC0546EF
:104BE0002E464DB9D8F82400216F20F04050002502
:104BF0000843C8F824003E46E078C0071DD0A06CEA
:104C0000032855D8DFE800F008024A08D8F8000069
:104C100040F40030C8F80000A9467DB9D8F820005B
:104C2000A16C20F0030000250843C8F8200004E030
:104C300001250126E078C007E1D1B146A078400601
:104C400002D44F4618E000BFD8F8D40340F4807077
:104C5000C8F8D403FFF7CCF9064600BFD8F8D40350
:104C6000C00507D4FFF7C4F9801B6428F6D90325D3
:104C7000032701E02F46FDB12078C00700F06F80C8
:104C8000E06F4FEAF00005284ED8DFE800F003534C
:104C900047030303002D2E4654D157E004F10800CA
:104CA000022104F081FC0546002DA946C6D1B5E7D6
:104CB00001254FF00109C1E7D8F84410D4F8B40039
:104CC000414011F4407F11D0D8F84410D8F8442066
:104CD00042F48032C8F84420D8F8442021F44071CE
:104CE00022F48032C8F84420C8F84410B0F5807F20
:104CF00040F0E082FFF77CF9064641F2883A03254E
:104D0000032700BFD8F84400800700F1D182FFF7E5
:104D10006FF9801B5045F5D9AEE700BF04F12800BC
:104D2000012104F0D5FC0AE0012501262078800746
:104D300019D446E004F10800012104F035FC0546D1
:104D40002E461DB1207880070DD43AE0D8F828000F
:104D5000E16F20F0380000250843C8F828003E46DF
:104D6000207880072DD5A06F05280FD8DFE800F048
:104D700004140804040400BF2F46ADB918E000BFB6
:104D800004F12800012104F0A3FC0AE00125012719
:104D90002078400719D447E004F10800012104F00D
:104DA00003FC05462F461DB1207840070DD43BE09B
:104DB000D8F82800A16F20F0070000250843C8F8A4
:104DC00028003746207840072ED5D4F894000528CF
:104DD0000ED8DFE800F00313070303032E46ADB936
:104DE00018E000BF04F12800012104F071FC0AE082
:104DF00001250126207880061AD44BE004F1080032
:104E0000012104F0D1FB05462E461DB12078800615
:104E10000ED43FE0D8F82C00D4F8941020F007000E
:104E200000250843C8F82C003E462078800631D57E
:104E3000D4F890004FEA307005280FD8DFE800F072
:104E400004140804040400BF2F46ADB918E000BFE5
:104E500004F12800022104F03BFC0AE001250127AF
:104E6000207840061AD44BE004F10800002104F039
:104E70009BFB05462F461DB1207840060ED43FE02F
:104E8000D8F82800D4F8901020F0E040002508431E
:104E9000C8F8280037462078400631D5D4F89C0061
:104EA0004FEAB02005280FD8DFE800F0041408040A
:104EB000040400BF2E46ADB918E000BF04F128007D
:104EC000022104F005FC0AE00125012620780006F5
:104ED0001AD44EE004F10800002104F065FB0546F9
:104EE0002E461DB1207800060ED442E0D8F82C00E2
:104EF000D4F89C1020F4E05000250843C8F82C009A
:104F00003E462078000634D5D4F8A0004FEA703031
:104F1000052815D8DFE800F0041A0E04040400BFC9
:104F20002F46E5B12068010727D4C1063ED400030F
:104F300055D477E004F12800022104F0C9FB0AE00F
:104F40000125012720680107EFD516E004F10800CC
:104F5000002104F029FB0546002D2F46E2D1D8F8A8
:104F60002C00D4F8A01020F4604000250843C8F8B5
:104F70002C00374620680107D7D5D4F88400B0F557
:104F8000805F09D104F12800022104F0A1FB002870
:104F900018BF0127D4F88400D8F8281021F4405114
:104FA0000843C8F828002068C106C0D5D4F8980086
:104FB000B0F5807F09D104F12800022104F088FBBC
:104FC000002818BF0127D4F89800D8F82C1021F435
:104FD00040710843C8F82C002068000322D5D4F89B
:104FE000A400B0F5003F11D0B0F5803F08D00028F4
:104FF00044D104F10800002104F0D6FA05E000BF16
:1050000004F12800022104F063FB05462E4655B941
:10501000D8F82C00D4F8A41020F440300025084320
:10502000C8F82C003E46A07840072CD5D4F888005C
:10503000B0F5401F0BD0B0F5001F0BD0B0F5801FAE
:105040002AD1D8F8000040F40030C8F800002F46FC
:10505000D5B907E004F12800012104F039FB054629
:105060002F468DB9D8F82800D4F8881020F44010C5
:1050700000250843C8F8280005E000BF01250126E7
:10508000A0784007D2D43746A078C00709D13E4661
:105090002168880015D532E001250127A078C007D6
:1050A000F5D0206DB0F5803F10D018BBD8F80000C7
:1050B00040F40030C8F800002E4685B12168880011
:1050C0001DD460688A0326D469E000BF04F108009B
:1050D000022104F069FA0546002D2E46EED1D8F8DB
:1050E0002000216D20F4803000250843C8F82000FE
:1050F000CDE700BF0125012621688800E1D504F134
:105100002800022104F0E4FA002818BF0126D4E99F
:1051100000108A0343D5D4F880206FF0010303EB1D
:105120003223022B0BD34FEA322343B1012B40F041
:10513000B980D8F8003043F40033C8F800303DB3EC
:10514000CA022FD4CA0037D48A0240D44A0048D4B5
:10515000CA0F55D109025DD4C10766D181076FD44A
:10516000410779D4010700F18380C10600F18C80EA
:10517000800607D504F12800022104F0A9FA0028CE
:1051800018BF0125002D18BF01252846BDE8F0876E
:10519000D8F8283023F440731A43C8F8282035463D
:1051A000CA02CFD5D8F82420636F22F000421A43F8
:1051B000C8F82420CA00C7D558F81C2CD4F8B83039
:1051C00022F480421A4348F81C2C8A02BED5D8F833
:1051D0002420E36E22F080721A43C8F824204A008B
:1051E000B6D558F81C2C22F4004248F81C2CD4F8F0
:1051F000BC2058F81C3C1A4348F81C2CCA0FA9D0F4
:10520000D8F82020636D22F040521A43C8F82020BD
:105210000902A1D5D8F82810D4F88C2021F4400137
:105220001143C8F82810C10798D004F108000021E4
:1052300004F0BAF9002818BF0546606881078FD5C9
:1052400004F10800012104F0AFF9002818BF054659
:10525000606841077FF586AF04F10800022104F081
:10526000A3F9002818BF0546606801077FF57DAFE8
:1052700004F12800002104F02BFA002818BF05468D
:105280006068C1067FF574AF04F12800012104F0C5
:105290001FFA002818BF0546606880063FF56AAF10
:1052A00070E700BF0125CA027FF54CAF7AE700BF67
:1052B000D4F8B4004FF6CF7358F81C2CC0F2FF039B
:1052C00000F4407122F47C5203EA10136FF31F3094
:1052D000B1F5407F08BF1A43002548F81C2CD8F8C8
:1052E00044100843C8F84400FFF7ABBC00000000BE
:1052F0002DE9F04381B0002800F0208142F200093E
:105300000446C5F20029D9F8000000F00F008142E0
:105310000DD9D9F8000020F00F000843C9F80000AB
:10532000D9F8000000F00F00884240F007812068A3
:1053300044F218464207C5F602060AD522693368C8
:1053400003F070039A4204D9336823F070031A43C0
:10535000326002070AD56269736803F070039A42EB
:1053600004D9736823F070031A437260C2060AD529
:10537000A269736803F4E0639A4204D9736823F462
:10538000E0631A43726082060AD5E269B36803F0EB
:1053900070039A4204D9B36823F070031A43B260D1
:1053A00010F002020AD0E368376807F00F07BB422B
:1053B00004D9376827F00F073B433360C3073FD05A
:1053C000306820F47062D4E901031A433260012886
:1053D00056F8182C0AD0032804D002280AD19203C8
:1053E0000BD4ABE0920108D4A8E000BFD20504D4EE
:1053F000A4E000BF520740F1A180884656F8081C7F
:1054000021F00701084346F8080CFEF7F1FD0546B8
:1054100041F2883756F8080C616800F03800B0EBAC
:10542000C10F09D0FEF7E4FD401BB842F2D90320BA
:1054300001B0BDE8F08300BF2068414600F00202E1
:1054400052B1E268336803F00F039A4204D2336822
:1054500023F00F031A433260D9F8002002F00F0244
:1054600091420CD2D9F8002022F00F020A43C9F869
:105470000020D9F8002002F00F028A425ED14107D5
:105480000AD52169326802F07002914204D2326872
:1054900022F070021143316001070AD56169726818
:1054A00002F07002914204D2726822F0700211433D
:1054B0007160C1060AD5A169726802F4E062914286
:1054C00004D2726822F4E0621143716080060AD54A
:1054D000E069B16801F07001884204D2B16821F03E
:1054E00070010843B06000F02FF8316842F2C63214
:1054F000C0F60102C1F30321515C336803F00F03CE
:1055000001F01F01D25C20FA01F102F01F0040F20D
:105510000C02C2F2000221FA00F0106040F2040016
:1055200040F20802C2F20000C2F2000200681160FC
:1055300001B0BDE8F043FFF79FB800BF012001B004
:10554000BDE8F0830000000044F20041C5F602010E
:105550000869C0F3C200032816D002280ED0002824
:1055600032D10868800649F20000C0F2D03058BF3E
:1055700070470968C1F3C101C840704747F6400051
:10558000C0F27D10704700BF8B6A886AD1F82CC0CA
:105590004A6BC0F30510E8B1C2F3CC0203F0030379
:1055A00000EE102A9FED2A1AB8EE400A20EE010AFA
:1055B0009FED281ADFE803F0022110210A68920605
:1055C0000ED49FED261A18E040F60010C0F23D0000
:1055D000704700BF002070479FED1F1A0DE000BF0D
:1055E0000A6849F20003C0F2D033C2F3C10223FAC1
:1055F00002F201EE102AB8EE411A0A6B9FED183A3A
:105600006FF35F2202EE102A5FEACC7203FE000AFB
:1056100003EE100A086BB8EE422AC0F34620B8EE3B
:10562000433A013030EE020AB7EE002A81EE031A47
:1056300030EE020A21EE000A01EE100AB8EE411A1D
:1056400080EE010ABCEEC00A10EE100A704700BFDF
:10565000000000390024744A20BCBE4B0024744C66
:10566000000000000000000070B3F0B581B00446F7
:10567000007844F20046C007C5F6020626D120781D
:10568000800740F1C280306910F03801B06A3FD025
:10569000182908BF5FEA80703AD0E06831680028B6
:1056A00062D021F0190108433060FEF7A1FC0546E5
:1056B0003068400748D4FEF79BFC401B0228F7D90E
:1056C000032001B0F0BD00BF01207047306900F039
:1056D0003801B06A102905D018290BD100F0030059
:1056E000022807D130688003C9D560680028C6D178
:1056F0003CE100BF6168306800294FD0B1F5A02FB0
:1057000044D0B1F5803F5FD140F4803062E000BF0B
:1057100030684007E06802D5002800F02781316832
:1057200021F0190108433060FEF762FC054600BF16
:105730003068400708D4FEF75BFC401B02284FF09E
:105740000300F5D901B0F0BDFEF74AFC41F20301B8
:1057500088424FD820697168402821F47C3151D1AA
:1057600041F4003050E000BF21F001003060FEF74E
:105770003FFC05463068400747D5FEF739FC401B23
:1057800002284FF00300F5D9DCE700BF40F4802089
:105790003060306840F480301CE000BF20F480307E
:1057A0003060306820F480203060FEF721FC054630
:1057B000306880037FF563AFFEF71AFC401B642856
:1057C0004FF00300F4D9BDE720F48030306030683A
:1057D00020F480203060FEF70BFC05463068800323
:1057E0003FF54DAFFEF704FC401B6428F6D90320BB
:1057F00001B0F0BD7068216920F0FE4040EA016010
:1058000002E000BF41EA003070602078C00654D545
:10581000306900F03801B06A082905D0182919D17B
:1058200000F00300012815D13068C00503D5E069F8
:10583000802840F09B80FEF7D3FB41F203018842B1
:105840001ED8206A7168202821F0F84132D141F039
:10585000804031E0E0690028306819D040F08000D5
:105860003060FEF7C5FB05463068C005E3D4FEF79F
:10587000BFFB401B02284FF00300F5D962E700BFD1
:10588000F068216A20F07C5040EA0160F06014E08A
:1058900020F080003060FEF7ABFB05463068C005A5
:1058A0000BD5FEF7A5FB401B02284FF00300F5D9EE
:1058B00048E700BF41EA80607060207800073FD46D
:1058C0002078800656D42078400769D4656A9DB355
:1058D000306900F03800182840F0A880012DB16A26
:1058E000306B43D001F00302A36A9A423ED1C1F368
:1058F0000511E26A914239D10146226B6FF35F21B3
:10590000013A914232D1C0F34622616B01398A4299
:105910002CD1C0F30642A16B01398A4226D1C0F3D3
:105920000660E16B0139884220D1706BA16CC0F335
:10593000CC00814240F03481002001B0F0BD00BFB6
:1059400060690028706F41D040F001007067FEF779
:105950004FFB0546706F8007B2D4FEF749FB401B32
:105960000228F7D9032001B0F0BD00BF012001B02B
:10597000F0BD00BFA0690028306845D040F48050D9
:105980003060FEF735FB0546306880049BD4FEF797
:105990002FFB401B0228F7D9032001B0F0BD00BF48
:1059A000D6F8000440F48070C6F80004FEF720FB2F
:1059B000054600BFD6F80004C00519D4FEF718FB51
:1059C000401B6428F6D9032001B0F0BD20F001008F
:1059D0007067FEF70DFB0546706F80077FF570AFAF
:1059E000FEF706FB401B02284FF00300F4D9A9E69E
:1059F000A168306F002943D0052939D0012957D13A
:105A000040F001005AE000BF20F480503060FEF703
:105A1000EFFA0546306880047FF555AFFEF7E8FAE7
:105A2000401B02284FF00300F4D98BE6306820F0C9
:105A300080703060FEF7DCFA022D05460CD100BF05
:105A4000306880014CD5FEF7D3FA401B02284FF096
:105A50000300F5D976E600BF306880017FF56CAFB2
:105A6000FEF7C6FA401B02284FF00300F4D969E69E
:105A700040F004003067306F40F001001EE000BFCE
:105A800020F001003067306F20F004003067FEF72F
:105A9000AFFA054641F28837306F80077FF516AFC1
:105AA000FEF7A6FA401BB8424FF00300F4D949E6CE
:105AB00020F001003067306F20F004003067FEF7FF
:105AC00097FA054641F28837306F80073FF5FEAE02
:105AD000FEF78EFA401BB8424FF00300F4D931E6CE
:105AE00004F12807B06A40F2F33188438ECF0843AF
:105AF000591E40EA02104FF47E426FF35F21B062FC
:105B000002EB47204FF4FE0280B2E36B0844A16B26
:105B100002EB01414FF0FE4201F4FE0102EB036291
:105B2000084402F0FE4108443063F06A4FF6F87111
:105B300020F00100F062706BA26C884340EAC20062
:105B40007063F06A216C20F00C000843F062F06A88
:105B5000616C20F002000843F062F06A40F480308B
:105B6000F062F06A40F40030F062F06A40F48020A5
:105B7000F062F06A40F00100F062306840F080703E
:105B80003060FEF735FA0446306880013FF5D4AE48
:105B9000FEF72EFA001B02284FF00300F4D9D1E5DE
:105BA000F06A20F00100F062FEF722FA0546FEF7E7
:105BB0001FFAA842FBD0706B4FF6F871A26C8843B5
:105BC00040EAC2007063F06A40F00100F062002019
:105BD00001B0F0BD0000000000284DD02DE9F04FCD
:105BE00081B043F600040168C4F2000443F2000EE1
:105BF00043F6004CA142C4F2010EC4F2000C4FF077
:105C00000002826203D0614518BF714542D1C26B68
:105C10000125C368A14203F1080305EB52124FEAC4
:105C2000D30303FB02F218BF714527D1102A34D8E1
:105C300090F8811031B9002180F88010044600F0FE
:105C4000ABF82046022180F88110D0E90019D0F885
:105C500018800D68B8F1806F25F001050D608D6822
:105C600005F4F81E26D1B9F1000F1BD0B9F5800F4D
:105C700020D1856B25BB19E001207047614518BF15
:105C8000082A0AD80CF574439942CFD06145CDD08B
:105C9000CEE700BFC2680F2AB9D9012001B0BDE824
:105CA000F08F00BF856BB5F1805F06D10D6845F4BC
:105CB00080550D605FEA492502D44FF0010C0FE0DA
:105CC000C468072C0AD30D6825F4807C056D45EA6D
:105CD0000C050D604FF0000C07E000BF4FF0000C0A
:105CE0000C6824F480740C60C468C769836A47EA4E
:105CF0000E07C26B3B4387681A43B9F1000FD0E926
:105D000004BA42EA04028A60426B856B436A42EA43
:105D10000302036A42EA050242EA0B0242EA0A026D
:105D2000D0E9126442EA0302836D42EA040242EAC5
:105D3000070242EA060242EA030242EA080242EA93
:105D40000902CA600ED00A6DBCF1000F22F00102F8
:105D50000A6515D1CA68436D22F000421A43CA6031
:105D60000EE000BF8A68012363F3CC228A608A6850
:105D7000022363F34A228A600A6D22F001020A6557
:105D80000021C0F88410012180F88110002001B0AA
:105D9000BDE8F08F00000000B0B5B8B0044602A81E
:105DA0000830B82100253395CDE93655CDE9345575
:105DB000FAF758FD43F200412068C4F2010188421D
:105DC00002D038B0B0BD00BF4FF40050029002A81E
:105DD0000395FEF705FD08B1FBF73AFF44F2E040FA
:105DE000C5F60200016941F400510161016901F445
:105DF000005101910199016841F0100101600068B2
:105E000033A900F01000019001984FF4B040339096
:105E100002203490002035900320369005203790E2
:105E200041F20000C5F60200FDF7F6FF38B0B0BD44
:105E30002DE9F0471D4617460E460446D0F800905F
:105E4000FEF7D6F894F8811001290BD18046012085
:105E5000002E18BF002F01D1BDE8F08794F8800014
:105E6000012803D10220BDE8F08700BF012184F89A
:105E70008010032084F881000020C4F88400E665C7
:105E8000A4F86070A4F862706066A4F86800A4F8D2
:105E90006A00A2682067B2F5C02F6067206805D14C
:105EA000016841F40061016004E000BFC26861F371
:105EB0005242C26041684FF6FF72914339444160DB
:105EC000016841F0010101606168B1F5800F03D103
:105ED000016841F400710160E16810294ED3B4F803
:105EE0006200002800F0C680681C10D133E000BFBB
:105EF000E16D51F8042B0262E165B4F862000138EB
:105F0000A4F86200B4F86200002800F0B3802068B2
:105F100041698907ECD4FEF76BF8A0EB0800A842B2
:105F2000F0D3204607F034FDD4F8840040F48070AC
:105F3000C4F88400012084F88100002084F88000E7
:105F40000320BDE8F08700BFFEF752F8B4F8620006
:105F5000002800F08F80206841698907F4D5E16D41
:105F600051F8042B0262E165B4F862000138A4F82C
:105F70006200B4F862000028EDD17BE0B4F8620062
:105F8000072933D9002875D04FF6FE706E1C471CC8
:105F900013E000BFE06B0028E06D20D050F8042B28
:105FA0000A624FF6FE71E065B4F862000844A4F896
:105FB0006200B4F8620000285CD02168486980075C
:105FC00008D4FEF715F8002EF3D0A0EB0800A84285
:105FD000EFD3A6E7B4F862000128DBD8E06D30F813
:105FE000021BA9F820103946DDE700BF002841D088
:105FF0004FF6FE706E1CA0F1020A471C0EE000BFB7
:10600000E16D51F8042B02625046E165B4F862106C
:106010000844A4F86200B4F8620058B320684169EB
:10602000890709D4FDF7E4FF002EF4D0A0EB0800A7
:10603000A842F0D375E700BFB4F86210042902D378
:10604000E16B4129DCD2B4F8621001290AD9E16B75
:106050000029E16D07D031F8020BA9F820004FF6B6
:10606000FE70D2E7E16D097880F82010E06D411CE8
:106070003846CAE7681C13D020684069000713D46B
:10608000FDF7B6FFA0EB0800A842F5D3D4F88400D2
:1060900040F02000C4F8840006E000BFFDF7A8FF30
:1060A000206840690007F9D5204607F071FC0120FF
:1060B00084F88100002084F88000D4F8840000284F
:1060C00018BF0120BDE8F087411E0020B0EB116F22
:1060D00002D00120704700BF4EF21002F023CEF232
:1060E000000251604EF62351CEF200010B700721E1
:1060F00090601160704700007047000000000000D1
:106100007047000000000000704700000000000021
:1061100090F83C20012A01D102207047B0B5CB682D
:1061200048F2FF7ED1E901C223F47C5322F470527D
:10613000CFF6F07E42EA03040CEA0E030A6823431A
:1061400022F477220C691A4324F47623D0F800C095
:106150001A434B691A438B6A22F4742E23F470237A
:106160008A6940F200454CF48064C4F2010543EAB8
:106170000E03AC4243EA02430FD1002523F07C72A8
:106180004B6ACFF6F045CC6905EA03531A4324F075
:106190000073096A1A4342EA0103CCF84430002133
:1061A00080F83C100020B0BD90F83C20012A4FF050
:1061B00002025ED0B0B580F83D2040F2004C02688B
:1061C000C4F2010C42F4806363455368D2F808E0DE
:1061D00002BF23F470034C68234341F2FF740D683F
:1061E000C4F2000423F07003A24243EA05035360A3
:1061F0000CDC40F2FF73C4F200039A4216DCB2F1E9
:10620000804F29D040F2004318E000BF40F2FF3336
:10621000C4F201039A4217DC41F60003C4F2000302
:106220009A4219D00023C4F2010309E040F60003AA
:10623000C4F200039A420FD040F60043C4F20003B8
:106240009A4209D00DE000BF44F20003C4F20103FA
:106250009A4201D0624504D12EF080038968194327
:1062600091600022012180F83D1080F83C20BDE8BB
:10627000B04010467047000060B310B5044690F877
:106280003D0028B9002084F83C00204600F024F8A6
:10629000022084F83D002068211D07F07DFD0120CB
:1062A00084F8480084F83E0084F83F0084F84000F9
:1062B00084F8410084F8420084F8430084F84400E4
:1062C00084F8450084F8460084F8470084F83D00CF
:1062D000002010BD0120704780B584B041F200015C
:1062E0000068C4F20001884232D041F20041C4F299
:1062F0000001884214D00021C4F2010188420CD16F
:1063000044F2E840C5F60200816841F00101816075
:10631000806800F001000390039804B080BD00BFC6
:1063200044F2E8400022C5F60200016841F0200175
:1063300001600068082100F02000019001983720DA
:10634000FEF7E6F9372004B0BDE88040FEF7CCB98F
:1063500044F2E8400022C5F60200016841F0100155
:1063600001600068072100F01000029002983620BA
:10637000FEF7CEF9362004B0BDE88040FEF7B4B990
:1063800090F83D1001291BD1022180F83D100168D1
:1063900041F2FF70C4F200008142C86840F0010081
:1063A000C8600FDC40F2FF70C4F20000814217DCCD
:1063B000B1F1804F2CD040F20040C4F2000025E043
:1063C0000120704740F2FF30C4F20100814213DC2B
:1063D00041F60000C4F20000814219D0002013E011
:1063E00040F60000C4F20000814211D040F60040A7
:1063F000C4F200000AE000BF44F20000C4F2010051
:10640000814205D040F20040C4F2010081420BD12C
:1064100007228868C0F2010202400020062A18BF45
:10642000B2F5803F00D17047086840F00100086075
:10643000002070470000000090F83C20012A4FF037
:10644000020200F0AA8080B580F83D208822D0F8B2
:1064500000C0CFF6CE72DCF808301A40CCF8082025
:106460000B686F2B0EDDB3F1101F37DAB3F5005F49
:106470006EDA702B00F0B680B3F5805F00F0848098
:10648000D8E000BF2F2B33DD4F2B39DC302B6FD002
:10649000402B40F0CF80D1F804E0C968DCF8203010
:1064A000DCF8202022F00102CCF82020DCF81820B3
:1064B00022F0F00242EA011123F00A02CCF818108F
:1064C00042EA0E01CCF820104FF68872DCF8081072
:1064D000CFF6CF721140473154E000BF2F21C0F2F8
:1064E00010018B423ADCB3F1101F41D020213BE078
:1064F000002B18BF102B3BD0202B39D09AE000BFC7
:10650000502B4DD0602B40F09580D1F804E0C96845
:10651000DCF82030DCF8202022F01002CCF820201B
:10652000DCF8182022F4704242EA013123F0A00284
:10653000CCF8181042EA0E11CCF820104FF68872F1
:10654000DCF80810CFF6CF72114067311AE000BFB7
:106550005CD0B3F5801F0BD06CE000BF3021C0F2DF
:1065600010018B4204D04021C0F210018B4261D156
:106570004FF68872DCF80810CFF6CF72114019433D
:1065800041F00701CCF808100022012180F83D10ED
:10659000002180F83C10BDE880401046704700BFE5
:1065A000D1F804E0C968DCF82030DCF8202022F0C3
:1065B0000102CCF82020DCF8182022F0F00242EA98
:1065C000011123F00A02CCF8181042EA0E01CCF8AF
:1065D00020104FF68872DCF80810CFF6CF72114009
:1065E0005731CFE701F1040E9EE80C40DCF80810AB
:1065F0001A4321F47F4142EA0E221143CCF80810DD
:10660000DCF8081041F07701BCE700BF01F1040E8F
:106610009EE80C40DCF808101A4321F47F4142EA5E
:106620000E221143CCF80810DCF8081041F4804128
:10663000A8E700BF0122A8E7002857D02DE9F043C2
:1066400081B0044690F83D000D4628B9002084F83A
:106650003C00204600F04CF8022084F83D00206801
:106660004BF6F872CFF6FE72816811408160211DF1
:1066700007F092FB20684FF6FF79D0F80880836915
:10668000D0F820E0AF69D5E9026223EA090346EABF
:1066900007264FF6FC47BE43EF691A432B69324386
:1066A0002E6A42EA07226F69D5E9001C42EA03120A
:1066B0002EF0AA0341EA080181604CEA030142EA94
:1066C0000632826141EA07110162012084F8480024
:1066D00084F83E0084F83F0084F8440084F84500C4
:1066E00084F83D00002001B0BDE8F0830120704730
:1066F00010B586B040F200420068C4F200020021EA
:1067000090420591CDE90311029101912CD0B0F195
:10671000804F57D144F2E040C5F60200816841F055
:1067200001018160816801F0010100910099016817
:1067300041F001010160006801A900F00100009032
:10674000009803200190022002900020CDE9030070
:10675000012005900020C5F60200FDF75DFB1C201E
:106760000B2100221C2428E044F2E040C5F6020080
:10677000826842F002028260826802F002020092A5
:10678000009A026842F002020260006800F0020013
:1067900000900098302001900220CDE90201049180
:1067A0000021C5F60201059001F5806001A9FDF701
:1067B00033FB1D200C2100221D24FDF7A9FF2046DC
:1067C000FDF792FF06B010BD80B590F83E20042979
:1067D00090F83F3090F844E090F845C00AD0B9B93D
:1067E000012A4FF0010208BFBEF1010F34D010465C
:1067F00080BD00BF0122012B08BFBCF1010FF6D103
:10680000022180F83F1080F84510006820E000BFAA
:10681000012A4FF0010208BF012BE8D1BEF1010FA0
:1068200008BFBCF1010FE2D14FF0020280F83E2018
:1068300080F83F2080F8442080F8452089B1006826
:10684000016A21F001010162016A41F00101016266
:1068500010216FF0100208E0022180F83E1080F84D
:106860004410006801216FF00102036A1A400262BD
:10687000026A114301620168002241F001010160D6
:10688000104680BD000000007047000000000000BE
:10689000F0B581B004460068C5680669B10717D530
:1068A00015F0020114D06FF002010161012121777E
:1068B0008069800704D02046FFF7E6FF06E000BFAE
:1068C000204600F09DF8204600F02EFB00202077A7
:1068D000700719D515F0040016D020686FF0040178
:1068E000016102212177806910F4407F04D02046A5
:1068F000FFF7CAFF06E000BF204600F081F82046FF
:1069000000F012FB00202077300717D515F00800A3
:1069100014D020686FF00801016104212177C0695B
:10692000800703D02046FFF7AFFF05E0204600F0C8
:1069300067F8204600F0F8FA00202077F00619D515
:1069400015F0100016D020686FF0100101610821C9
:106950002177C06910F4407F04D02046FFF794FFF0
:1069600006E000BF204600F04BF8204600F0DCFABD
:1069700000202077F00718BF15F0010006D020682E
:106980006FF001010161204600F082FB05F08007F5
:1069900016F4025F18BF002F02D1F00509D410E0F1
:1069A00020686FF4025101612046FFF7A9FBF00552
:1069B00007D537B120686FF4807101612046FFF779
:1069C0009BFB700609D515F0400006D020686FF0DB
:1069D00040010161204600F0B3FBB0060CD515F074
:1069E000200009D020686FF020010161204601B02D
:1069F000BDE8F040FFF788BB01B0F0BD000000002B
:106A0000704700000000000090F83C30012B01D1DD
:106A1000022070474FEAB202052A00F223812DE9D5
:106A2000F041DFE812F00700BB005700950031008D
:106A3000F90000BF036843F6FF76C4F201061C6A42
:106A4000B3421A6A24F0020422F001021A621A46C2
:106A5000D3F804C052F818EF8D6844EA0504D1F861
:106A6000008040F3818144F20007C4F20107BB4279
:106A700000F0858144F60007C4F20107BB4200F034
:106A80007E8144F2004776E1036843F6FF77C4F263
:106A90000107D3F820C0BB421A6A22F480321A627E
:106AA0001A465C6852F8546F0D68D1F808E040F35C
:106AB000DF8044F20007C4F20107BB4200F0E3802C
:106AC00044F60007C4F20107BB4200F0DC8044F248
:106AD0000047D4E0036840F2004E43F48067C4F2FC
:106AE000010E1C6A77451A6A24F4007422F480723D
:106AF0001A621A465D6852F81CCF8E6844EA062472
:106B000007D1CE6840F2FF47360224F44064BE430A
:106B1000344343F6FF76D1F80080C4F20106B34255
:106B200040F3D28044F20007C4F20107BB4200F0F8
:106B3000D28044F60007C4F20107BB4200F0CB80CC
:106B400044F20047C4F20107BB4200F0C480C9E030
:106B5000036843F6FF77C4F20107D3F820C0BB42B5
:106B60001A6A22F480521A621A465C6852F81C6F44
:106B70000D68D1F808E040F3CD8044F20007C4F27C
:106B80000107BB4200F0D18044F60007C4F20107C0
:106B9000BB4200F0CA8044F20047C2E0036840F202
:106BA000004E43F48067C4F2010E1C6A77451A6AEE
:106BB00024F0200422F010021A621A465D6852F88E
:106BC00018CF8E6844EA061407D1CE686FF04007EC
:106BD00024F0C00407EA0616344343F6FF76D1F8E2
:106BE0000080C4F20106B34240F3E08044F20007A3
:106BF000C4F20107BB4200F0E08044F60007C4F293
:106C00000107BB4200F0D98044F20047C4F20107FB
:106C1000BB4200F0D280D7E0036843F6FF77C4F2AE
:106C20000107D3F820C0BB421A6A22F480121A620C
:106C30001A465C6852F8546F0D68D1F808E040F3CA
:106C4000058144F20007C4F20107BB4200F009814C
:106C500044F60007C4F20107BB4200F0028144F28F
:106C60000047FAE00121002280F83C2008467047E6
:106C70000027C4F20107BB4205D040F20047C4F22E
:106C80000107BB4204D14F6924F4803444EA07244D
:106C90004FF68C775C60CFF6FE7703373E402CF4DE
:106CA000003746EA05045C654E6809699E6547EA57
:106CB0000E471F625F6D47F008075F655F6D27F045
:106CC00004075F65EEE000BF0027C4F20107BB4286
:106CD00001D0734506D1D1E90576374325F44056F6
:106CE00046EA07154FF68C775D60CFF6FE7707EA28
:106CF0000C0747EA0807DF614F680969DF631C6218
:106D0000DF6947F00807DF61DF6927F00407DF610B
:106D1000C8E000BF0027C4F20107BB4205D040F223
:106D20000047C4F20107BB4204D14F6924F48044F8
:106D300044EA871448F6FF475C60CFF6FF673E40A1
:106D40002CF4005746EA0524DC614E6809691E648C
:106D500047EA0E371F62DF6947F40067DF61DF69CA
:106D600027F48067DF619CE00027C4F20107BB4283
:106D700005D040F20047C4F20107BB4205D1CF68FD
:106D800024F00C0427F004073C43B34234DD44F202
:106D90000006C4F20106B34239D044F60006C4F23C
:106DA0000106B34233D044F200462CE00027C4F27F
:106DB0000107BB4201D0734506D1D1E905763743BF
:106DC00025F4406646EA870548F6FF475D60CFF642
:106DD000FF6707EA0C0747EA08279F614F680969C0
:106DE0009F631C629F6947F400679F619F6927F456
:106DF00080679F6155E000BF0026C4F20106B342E0
:106E000005D040F20046C4F20106B34206D12CF48C
:106E10004077D1E90565374347EA050C4FF68C7595
:106E2000C3F804C0CFF6FE750EEA050747EA080767
:106E30009F614F6809695F631C629F6947F008079B
:106E40009F619F6927F004079F612BE00027C4F230
:106E50000107BB4205D040F20047C4F20107BB4224
:106E600004D14F6924F4802444EA872448F6FF477C
:106E70005C60CFF6FF6707F540773E402CF40017C3
:106E800046EA05245C654E680969DE6547EA0E57E7
:106E90001F625F6D47F400675F655F6D27F4806771
:106EA0005F6509021368194311600021BDE8F041D4
:106EB000002280F83C2008467047000000000000D7
:106EC00060B310B5044690F83D0028B9002084F85E
:106ED0003C00204600F024F8022084F83D002068A1
:106EE000211D06F059FF012084F8480084F83E0077
:106EF00084F83F0084F8400084F8410084F84200A0
:106F000084F8430084F8440084F8450084F846007F
:106F100084F8470084F83D00002010BD0120704730
:106F200070470000000000007047000000000000F3
:106F300080B5C9B10B1F4FF03F0C4FEAB30E43228F
:106F4000BEF1040F38BF0CEBB302825C012A13D1EF
:106F5000BEF1030F1ED8DFE80EF00319111500BFB4
:106F6000022280F83F2018E090F83E20012A03D149
:106F7000022280F83E2010E0012080BD022280F82D
:106F800041200AE0022280F8422006E0022280F836
:106F9000402002E0022280F84320026801F01F0036
:106FA000012101FA00F0116A814311624FF6FF716D
:106FB000C4F200018A42116A40EA0100106219DC41
:106FC00040F2FF70C4F2000082422FDD40F6000064
:106FD000C4F20000824243D040F60040C4F20000F8
:106FE00082423DD041F60000C4F20000824237D018
:106FF00048E000BF43F6FF700021C4F20100C4F274
:107000000101824244F20000C4F2010018DD824214
:107010001ED044F60003C4F201039A4218D044F291
:107020000043C4F201039A4212D02BE0B2F1804F28
:1070300016D040F20040C4F20000824210D021E09D
:107040008A4205D040F20043C4F201039A4219D1AA
:10705000536C8A4243F40041516418BF82420BD101
:1070600007219068C0F2010101400020062918BFE5
:10707000B1F5803F06D180BD40F20040C4F201006E
:107080008242EDD0106840F001001060002080BD09
:10709000B0B541F200050446C4F200050068A842FC
:1070A0000AD14FF6C0604BF6FC41C2F20000C2F2BA
:1070B000000100F0FDF9206805F58061884218BFE5
:1070C000B0BD4FF6C060C2F2000090F82410012954
:1070D00006D146F2F000C2F2000008F091FE0DE089
:1070E00090F82710012903D090F82900012805D134
:1070F00046F21810C2F2000008F016FC4FF6C0600D
:107100004BF6FC41C2F20000C2F2000106F0ACFCFA
:1071100008F08EFD40F2C800C2F20000B0F9000095
:1071200008F0B2FD4DF6FC20C2F2000090ED001A0E
:1071300030EE010A80ED000AB0BD00000000000042
:107140007047000000000000FEE7000000000000A3
:1071500070B5044600688369DB0603D40021002271
:1071600069E000BF0E461021C161816989065ED4C5
:10717000711C52D0154636BBFCF73AFF20684268B6
:1071800094F8421083691B040CD512F4804209D193
:10719000202907D0416841F480414160FCF728FF75
:1071A000054600BF20688169890605D4FCF720FFE9
:1071B000401B1A28F6D328E081698906DCD536E021
:1071C0008169890633D4FCF713FF401BB042206865
:1071D000F6D9426894F8421083691B040CD512F466
:1071E000804209D1202907D0416841F480414160A3
:1071F000FCF7FEFE054600BF206881698906DFD4E2
:10720000FCF7F6FE401B1A28F6D32068012281699C
:10721000242110E08169890609D48169890606D490
:10722000816989065CBF81695FEA8161F2D52021AD
:10723000C161012204218369DE0505D541F0010108
:107240004FF48072C26101225E0505D49B050AD409
:1072500072B9002070BD00BF41F008019A054FF4DB
:107260008062C26104D541F002014FF40072C26134
:107270008269920701D5002282628269D20703D116
:10728000826942F0010282614EF600034268CFF645
:1072900000631A404260606C08436064202084F8F8
:1072A0004100002084F8420084F84000012070BDB5
:1072B0002DE9F0410446006880690840401AB0FAA0
:1072C00080F04009824221D10D4616461F46581CC7
:1072D000DDF8188027D0CFBB002120464246FFF7BB
:1072E00037FF002853D1FCF783FE206881692940CD
:1072F000491BB1FA81F149098E423CD0806928408E
:10730000401BB0FA80F040098642E5D00020BDE87D
:10731000F08100BF206880692840401BB0FA80F0EF
:1073200040098642F2D14FF0FF3120464246FFF736
:107330000FFF0028EED00120BDE8F08180692840D1
:10734000401BB0FA80F040098642DFD12046394622
:107350004246FFF7FDFED0B9FCF74AFEA0EB08005D
:10736000B8422068EAD981692940491BB1FA81F104
:1073700049098E42E2D1606C40F020006064202018
:1073800084F84100002084F8420084F84000012085
:10739000BDE8F0810000000070B504460068806917
:1073A000800635D415460E4619B928E08069800656
:1073B0002ED4204631462A46FFF7CAFE30BBFCF7E2
:1073C00017FE401BB0422068F0D981698906EDD4D0
:1073D000606C40F020006064202084F841000020B0
:1073E00084F8420084F84000012070BDFCF700FEE4
:1073F000206881698906EBD58069800608D4002160
:1074000020462A46FFF7A4FE0028EFD0012070BDD9
:10741000002070BD0000000070B50446006880695F
:10742000800714D415460E46481C17D01EBB00BF5B
:10743000002120462A46FFF78BFEB8BBFCF7D8FD9B
:1074400020688169890725D580698007F0D50020EB
:1074500070BD00BF206880698007F8D44FF0FF310D
:1074600020462A46FFF774FE0028F3D0012070BDA5
:1074700080698007EBD4204631462A46FFF768FE34
:10748000A0B9FCF7B5FD401BB0422068F0D9816976
:107490008907EDD4606C40F020006064202084F8FF
:1074A0004100002084F8420084F84000012070BDB3
:1074B00090F8271049B990F8281031B990F82410A5
:1074C000B1FA81F1490980F8271090F8291090F855
:1074D0002A20114301290BD190F82B1090F82C2071
:1074E0001143012918BF704740F20221A0F829106A
:1074F00070470000000000002DE9F04F83B040F21B
:10750000B007C2F20007CDE901013B681D89002DDB
:1075100000F09680203A45F6F00E5FFA82F918687E
:10752000D7E901BA0027C2F2000E00224FF000088E
:1075300005FB0904E55D1FFA88F4EE075E4608BF07
:1075400056462EF81460561C1FFA86FC9C88A445EB
:1075500008F1010454D0A6B2AC075C4658BF5446AB
:107560002EF81640961CB1B29C88A14208F1020484
:1075700046D0A1B26E075E4658BF56462EF811603F
:10758000D61CB4B299888C4208F1030438D0A1B259
:107590002E075E4658BF56462EF81160161DB4B22F
:1075A00099888C4208F104042AD0A1B2EE065E4606
:1075B00058BF56462EF81160561DB4B299888C42B9
:1075C00008F105041CD0A1B2AE065E4658BF56466F
:1075D0002EF81160961DB4B299888C4208F1060409
:1075E0000ED0A1B26E065E4658BF56462EF8116008
:1075F000D61DB4B299888C4208F1070408D100BFA7
:107600000022A0461D890137AF4291D319E000BF87
:1076100069B208F10808A6B20029594658BF514678
:107620002EF8161002F108018AB29E88921B18BF2C
:107630000A461D890137AF42FFF47AAF01E000BF6F
:107640009E88DB880198029982190B44013A92B214
:10765000013B9BB200F0D0FE40F2B0000122C2F22A
:10766000000000688188C08800FB01F541F200003D
:10767000C5F602004FF40041FCF7AAFC46F2D824FC
:107680000F20C2F20004E0602046FEF7A5FAAAB27D
:1076900045F6F001C2F200014FF47A732046FEF77E
:1076A000C7FB0720E060204603B0BDE8F04FFEF7BF
:1076B00093BA000000000000F0B587B040F2B006B9
:1076C0000FF2480EC2F200060FF2480C0C460546B7
:1076D000377B02A8002F08BFF4468DED000B6146F2
:1076E000F8F796FEF08985420ED202AF3A785AB189
:1076F000A8B22146FFF700FF3068013780880544B3
:10770000F089A9B28142F1D307B0F0BD25302A2E0D
:107710002A6C6600252A2E2A6C66000000000000F4
:10772000F0B585B040F2B0070FF24C0EC2F2000780
:1077300013A4944605463E7B0DF105001A466346A8
:10774000002E0E4608BF74462146F8F761FEF88900
:1077500085420FD20DF1050422785AB1A8B2314604
:10776000FFF7CAFE3868013480880544F889A9B259
:107770008142F1D305B0F0BD25302E2A640000000F
:10778000252A6400000000002DE9F04F81B00A2096
:10779000FCF75AFA41F200043620C5F602048DF8CF
:1077A00003004FF40041002220460026FCF710FCA5
:1077B00046F2D8250DF10301C2F2000501224FF473
:1077C0007A7328464FF00108FEF732FB4FF4004170
:1077D000012220468DF803600026FCF7F9FB0DF12D
:1077E000030101224FF47A732846FEF721FB3A2069
:1077F0008DF803004FF4004100222046FCF7E8FB1F
:107800000DF1030101224FF47A732846FEF710FBB5
:1078100005208DF803004FF4004101222046FCF7BB
:10782000D7FB0DF1030101224FF47A732846FEF7CE
:10783000FFFAB2208DF803004FF4004100222046E9
:10784000FCF7C6FB0DF1030101224FF47A732846C1
:10785000FEF7EEFA0C208DF803004FF400410122F0
:1078600020460C27FCF7B4FB0DF1030101224FF475
:107870007A732846FEF7DCFA4FF4004101222046D5
:107880008DF80370FCF7A4FB0DF1030101224FF406
:107890007A732846FEF7CCFA4FF4004101222046C5
:1078A0008DF80360FCF794FB0DF1030101224FF406
:1078B0007A732846FEF7BCFA4FF4004101222046B5
:1078C00033268DF80360FCF783FB0DF103010122E1
:1078D0004FF47A732846FEF7ABFA4FF400410122C9
:1078E00020468DF80360FCF773FB0DF103010122C4
:1078F0004FF47A732846FEF79BFAB7208DF8030001
:107900004FF4004100222046FCF762FB0DF1030119
:1079100001224FF47A732846FEF78AFA35208DF853
:1079200003004FF4004101222046FCF751FB0DF10A
:10793000030101224FF47A732846FEF779FABB203F
:107940008DF803004FF4004100222046FCF740FB75
:107950000DF1030101224FF47A732846FEF768FA0D
:1079600019208DF803004FF4004101222046FCF756
:107970002FFB0DF1030101224FF47A732846FEF725
:1079800057FAC0208DF803004FF400410022204632
:10799000FCF71EFB0DF1030101224FF47A73284618
:1079A000FEF746FA2C208DF803004FF40041012227
:1079B0002046FCF70DFB0DF1030101224FF47A7311
:1079C0002846FEF735FAC2208DF803004FF4004137
:1079D00000222046FCF7FCFA0DF1030101224FF4CE
:1079E0007A732846FEF724FA4FF40041012220461C
:1079F0008DF80380FCF7ECFA0DF1030101224FF43E
:107A00007A732846FEF714FAC3208DF803004FF46A
:107A1000004100222046FCF7DBFA0DF103010122B0
:107A20004FF47A732846FEF703FA12208DF803000C
:107A30004FF4004101222046FCF7CAFA0DF1030180
:107A400001224FF47A732846FEF7F2F9C4208DF82C
:107A500003004FF4004100222046FCF7B9FA0DF173
:107A6000030101224FF47A732846FEF7E1F9202042
:107A70008DF803004FF4004101222046FCF7A8FADC
:107A80000DF1030101224FF47A732846FEF7D0F975
:107A9000C6208DF803004FF4004100222046FCF779
:107AA00097FA0DF1030101224FF47A732846FEF78D
:107AB000BFF90F208DF803004FF40041012220464A
:107AC000FCF786FA0DF1030101224FF47A73284680
:107AD000FEF7AEF94FF40041002220464FF0D009E6
:107AE0008DF80390FCF774FA0DF1030101224FF4B5
:107AF0007A732846FEF79CF9A4208DF803004FF412
:107B0000004101222046FCF763FA0DF10301012236
:107B10004FF47A732846FEF78BF9A1208DF8030005
:107B20004FF4004101222046FCF752FA0DF1030107
:107B300001224FF47A732846FEF77AF9E0208DF897
:107B400003004FF4004100222046FCF741FA0DF1FA
:107B5000030101224FF47A732846FEF769F94FF4C6
:107B60000041012220468DF80390FCF731FA0DF117
:107B7000030101224FF47A732846FEF759F94FF4B6
:107B800000410122204604278DF80370FCF720FAFB
:107B90000DF1030101224FF47A732846FEF748F9EC
:107BA0004FF40041012220460D268DF80360FCF7BA
:107BB0000FFA0DF1030101224FF47A732846FEF704
:107BC00037F911208DF803004FF4004101222046BF
:107BD000FCF7FEF90DF1030101224FF47A732846F8
:107BE000FEF726F94FF40041012220464FF0130B17
:107BF0008DF803B0FCF7ECF90DF1030101224FF40D
:107C00007A732846FEF714F92B208DF803004FF401
:107C1000004101222046FCF7DBF90DF103010122AE
:107C20004FF47A732846FEF703F94FF4004101221E
:107C300020464FF03F0A8DF803A0FCF7C9F90DF17B
:107C4000030101224FF47A732846FEF7F1F854201D
:107C50008DF803004FF4004101222046FCF7B8F9EB
:107C60000DF1030101224FF47A732846FEF7E0F884
:107C70004C208DF803004FF4004101222046FCF710
:107C8000A7F90DF1030101224FF47A732846FEF79C
:107C9000CFF818208DF803004FF400410122204650
:107CA000FCF796F90DF1030101224FF47A7328468F
:107CB000FEF7BEF84FF40041012220468DF8036024
:107CC000FCF786F90DF1030101224FF47A7328467F
:107CD000FEF7AEF80B208DF803004FF400410122AF
:107CE0002046FCF775F90DF1030101224FF47A7378
:107CF0002846FEF79DF84FF40041012220464FF040
:107D00001F088DF80380FCF763F90DF103010122D0
:107D10004FF47A732846FEF78BF84FF400410122A6
:107D2000204623268DF80360FCF752F90DF103017C
:107D300001224FF47A732846FEF77AF8E1208DF895
:107D400003004FF4004100222046FCF741F90DF1F9
:107D5000030101224FF47A732846FEF769F84FF4C5
:107D60000041012220468DF80390FCF731F90DF116
:107D7000030101224FF47A732846FEF759F84FF4B5
:107D80000041012220468DF80370FCF721F90DF126
:107D9000030101224FF47A732846FEF749F80C20BC
:107DA0008DF803004FF4004101222046FCF710F942
:107DB0000DF1030101224FF47A732846FEF738F8DB
:107DC00011208DF803004FF40041012220461127B5
:107DD000FCF7FEF80DF1030101224FF47A732846F7
:107DE000FEF726F84FF40041012220468DF803B03B
:107DF000FCF7EEF80DF1030101224FF47A732846E7
:107E0000FEF716F82C208DF803004FF400410122F4
:107E10002046FCF7DDF80DF1030101224FF47A73DF
:107E20002846FEF705F84FF40041012220468DF860
:107E300003A0FCF7CDF80DF1030101224FF47A7392
:107E40002846FDF7F5FF44208DF803004FF400416C
:107E500001222046FCF7BCF80DF1030101224FF48A
:107E60007A732846FDF7E4FF51208DF803004FF4A4
:107E7000004101222046FCF7ABF80DF1030101227D
:107E80004FF47A732846FDF7D3FF2F208DF80300B7
:107E90004FF4004101222046FCF79AF80DF103014E
:107EA00001224FF47A732846FDF7C2FF4FF40041D8
:107EB000012220468DF80380FCF78AF80DF10301BA
:107EC00001224FF47A732846FDF7B2FF4FF40041C8
:107ED000012220468DF80380FCF77AF80DF10301AA
:107EE00001224FF47A732846FDF7A2FF20208DF877
:107EF00003004FF4004101222046FCF769F80DF120
:107F0000030101224FF47A732846FDF791FF4FF4E5
:107F10000041012220468DF80360FCF759F80DF16D
:107F2000030101224FF47A732846FDF781FF2120D7
:107F30008DF803004FF4004100222046FCF748F87A
:107F40000DF1030101224FF47A732846FDF770FF0B
:107F50004FF40041002220468DF80370FCF738F8FA
:107F60000DF1030101224FF47A732846FDF760FFFB
:107F70007820FBF769FE29208DF803004FF40041BB
:107F800000222046FCF724F80DF1030101224FF4F2
:107F90007A732846FDF74CFF40F2B0060020C2F28B
:107FA00000064FF400410022707336208DF8030064
:107FB0002046FCF70DF80DF1030101224FF47A730E
:107FC0002846FDF735FF70208DF803004FF400417F
:107FD00001222046FBF7FCFF0DF1030101224FF4C3
:107FE0007A732846FDF724FF0020B074F074002156
:107FF0004FF4A070F081F02030824FF6FF7040F215
:108000003F12C6E901100020EF2300F0F5F94FF40C
:10801000004101222046FBF7DBFF0F20E8602846E5
:10802000FDF7DAFDF089328A31894243284600F0B3
:1080300077F80720E8602846FDF7CEFDA4F58060BC
:108040004FF400410122FBF7C3FF01B0BDE8F08F00
:10805000016840F26F32D1F814C08B6943F0080315
:108060008B618B6943F010038B610B6823F0010374
:108070000B600B6923EA02020A618A6822F440421B
:108080008A6090F88120042A18BF1CF0200209D0D1
:10809000D0F8842042F08002C0F884208A6942F03F
:1080A00020028A6190F88120032A18BF1CF0400248
:1080B0000CD15FEA8C5216D45FEACC5220D4002156
:1080C000A0F86210A0F86A10704700BFD0F88420B2
:1080D00042F00402C0F884208A6942F040028A61BA
:1080E0005FEA8C52E8D5D0F8842042F00102C0F853
:1080F00084208A6942F400728A615FEACC52DED53C
:10810000D0F8842042F00802C0F884208A6942F442
:1081100080728A610021A0F86210A0F86A1070478E
:108120002DE9F041044690F88000012802D1022098
:10813000BDE8F08116460F46012084F88000FBF769
:1081400057FF94F88110012952D1002E56D00546D0
:10815000032084F881000020C4F884006066A4F83D
:108160006800A4F86A00A168B1F5C02FC4E91C003A
:10817000206803D1016841F40061016041684FF655
:10818000FF7291434160016847EA074841F00101ED
:1081900001606168B1F5800F0BD1016841F4007195
:1081A000016006E0FBF724FF401BB0F57A7F2BD27D
:1081B000C6B1206841698907F4D5B4F86210022974
:1081C00006D3E16B21B1C0F82080023EF0E700BF8A
:1081D000013E0784ECE700BFFBF70AFF401BB0F548
:1081E0007A7F23D220684169C904F5D525E000BF14
:1081F000002084F880000220BDE8F081002084F88F
:1082000080000120BDE8F0812046FFF721FF00201B
:1082100084F88000D4F8840040F48070C4F88400AE
:10822000012084F88100BDE8F08100BF2068D4F807
:10823000841041F02001C4F88410016841F4806189
:10824000016000BF2068406900050BD4FBF7D0FE39
:10825000401BB0F57A7FF5D3D4F8840040F02000BD
:10826000C4F884002046FFF7F3FE2068816941F4DA
:1082700000618161002084F88000012084F8810081
:10828000D4F88400002818BF0120BDE8F081000068
:10829000F0B581B0044690F8800001285FD0164602
:1082A0000F46012084F88000FBF7A2FE94F88110AD
:1082B000012951D1002E55D00546032084F88100B4
:1082C0000020C4F884006066A4F86800A4F86A007E
:1082D000A168B1F5C02FC4E91C00206803D1016872
:1082E00041F40061016041684FF6FF7291434160C3
:1082F000016841F0010101606168B1F5800F0CD1A6
:10830000016841F40071016007E000BFFBF770FEF7
:10831000401BB0F57A7F2BD2C6B12068416989072E
:10832000F4D5012E06D0E16B21B157F8041B016290
:10833000023EF1E737F8021B013E0184ECE700BF83
:10834000FBF756FE401BB0F57A7F23D220684169C7
:10835000C904F5D525E000BF002084F88000022084
:1083600001B0F0BD002084F88000012001B0F0BD14
:108370002046FFF76DFE002084F88000D4F88400CA
:1083800040F48070C4F88400012084F8810001B0BA
:10839000F0BD00BF2068D4F8841041F02001C4F87B
:1083A0008410016841F48061016000BF2068406969
:1083B00000050BD4FBF71CFE401BB0F57A7FF5D30C
:1083C000D4F8840040F02000C4F884002046FFF771
:1083D0003FFE2068816941F400618161002084F8DA
:1083E0008000012084F88100D4F88400002818BFA0
:1083F000012001B0F0BD00002DE9F04784B041F24A
:1084000000041646C5F60204894607462A208DF860
:1084100005004FF40041002220469846FBF7D8FDA6
:1084200046F2D8250DF10501C2F2000501224FF4F4
:108430007A732846FDF7FCFC40F2B00A4FF4004185
:10844000C2F2000A01229AF8120007442046FBF704
:10845000BFFD38BA0DF10601000CADF8060002228E
:108460004FF47A732846FDF7E3FC9AF812004FF4B4
:108470000041012206442046FBF7AAFD30BA02A9BA
:10848000000CADF8080002224FF47A732846FDF77D
:10849000CFFC2B208DF80A004FF40041002220462B
:1084A000FBF796FD0DF10A0101224FF47A7328467D
:1084B000FDF7BEFC9AF813004FF40041012209EBCE
:1084C00000062046FBF784FD30BA0DF10B01000CCD
:1084D000ADF80B0002224FF47A732846FDF7A8FC92
:1084E0009AF813004FF40041012208EB00062046E1
:1084F000FBF76EFD30BA0DF10D01000CADF80D006B
:1085000002224FF47A732846FDF792FC2C208DF856
:108510000F004FF4004100222046FBF759FD0DF1FA
:108520000F0101224FF47A732846FDF781FC04B055
:10853000BDE8F0870000000040F2B001C2F2000187
:10854000086070470000000040F2B001C2F2000174
:10855000087370470000000080B546F2BC1000218F
:10856000C2F20000C4F6020101600021C0E901115D
:10857000C0E90311C0E90511C0E90811C0E90A11F9
:108580000163F9F71DFC002808BF80BDBDE88040ED
:10859000F9F75EBB0000000080B582B044F2D8401D
:1085A0000022C5F60200016841F002010160006886
:1085B000002100F00200019001984620FCF7A8F885
:1085C000462002B0BDE88040FCF78EB800000000F5
:1085D0002DE9F04F87B044F2E0400024C5F60200D8
:1085E0000694CDE90444CDE90244016840F2004913
:1085F00041F0100101600168C5F6020901F01001A7
:1086000001910199016841F004010160016809F5D7
:10861000806701F0040101910199016841F0800136
:1086200001600168012201F0800101910199016856
:1086300041F00101016001680F2601F00101019183
:108640000199016841F00201016001684FF0010ADF
:1086500001F0020101910199016841F008010160F6
:1086600000680F2100F00800019001983846FBF7E0
:10867000AFFC09F540684FF40041002240464FF43A
:10868000004BFBF7A5FC4FF4405100224846FBF796
:108690009FFC09F500654FF4404100222846FBF796
:1086A00097FC4FF4407101224846FBF791FCCDE95D
:1086B000026A02AE38463146CDE90444FBF7ACFB12
:1086C00002A9102081E8110438463146FBF7A4FBCB
:1086D000202002904FF488103146CDE9030438463B
:1086E000FBF79AFB48463146CDE902A40494FBF718
:1086F00093FB40463146CDE902BACDE90444FBF78D
:108700008BFB4FF440503146CDE9020A4846CDE993
:108710000444FBF781FB4FF480403146CDE9020A67
:108720002846CDE904A4FBF777FB28463146CDE97E
:1087300002BACDE90444FBF76FFB4FF4807002905E
:108740004846314611250594CDE90354FBF764FBF7
:1087500002A94FF40070059481E82104484631468F
:10876000FBF75AFB172000210022FBF7D1FF17204F
:10877000FBF7BAFF07B0BDE8F08F00000000000073
:1087800080B546F2842045F60001C2F2000047F2AF
:10879000B152C4F20001C3F27002C0E9001200211C
:1087A00081600122C0E90321C0E90511C0E9071178
:1087B000FBF772FC08B1F9F74BFA46F2842000216E
:1087C000C2F20000FBF71CFC08B1F9F741FA46F2CF
:1087D00084200021C2F20000FBF73AFC002808BF09
:1087E00080BDBDE88040F9F733BA0000000000000A
:1087F00010B546F2D82443F20040C2F20004C4F29D
:1088000001004FF0005120604FF4800060604FF491
:108810000030A0600720E0600020C4E90400C4E943
:108820000610C4E90800C4E90A004FF08040606304
:1088300004F138002421F8F715F82046FDF7CCF9AB
:10884000002808BF10BDBDE81040F9F701BA0000CC
:1088500070B5A0B0002501A82C2100241994C4F201
:108860000105CDE917441594CDE91344CDE9114430
:10887000CDE90F44CDE90D440C94F7F7F3FF46F230
:108880006030EF21C2F200000560C0E9011440F23F
:10889000E731C0E90314C0E90544FDF7EDFC08B178
:1088A000F9F7D6F94FF48050169046F2603016A9C9
:1088B000C2F20000FDF7C0FD08B1F9F7C9F946F2B0
:1088C0006030C2F20000FEF7FBFA08B1F9F7C0F918
:1088D00046F2603013A9C2F200000024CDE913442F
:1088E0001594FDF761FC08B1F9F7B2F960200CA905
:1088F000CDE90C0446F260300022C2F2000012946E
:10890000CDE90E44CDE91044FEF77EF808B1F9F741
:108910009FF946F260300CA9C2F200000822FEF76F
:1089200073F808B1F9F794F946F260340026C2F200
:1089300000044FF40050CDE906064FF0007001A985
:10894000CDE9090620460596CDE90366CDE9016625
:1089500008960B96FDF7DCFB08B1F9F779F920686A
:108960001F96A8421C96CDE91D661B9602D020B02A
:1089700070BD00BF44F2E040C5F60200016841F05E
:108980001001016000681BA900F010001A901A98ED
:108990004FF408501B9002201C900020CDE91D00D0
:1089A00001201F9041F20000C5F60200FBF734FAE7
:1089B00020B070BD0000000010B58CB046F2AC30A5
:1089C0000024C2F200004FF080410194C0E900147D
:1089D0004FF6FF718460C0E9031403218461CDE97F
:1089E000031401210B94CDE90514CDE9091403A961
:1089F000CDE90744FDF720FE08B1F9F729F946F261
:108A0000AC306946C2F2000000940294FDF7CCFB42
:108A100008B1F9F71DF90CB010BD0000000000000E
:108A200010B58CB046F2F83040F20041C2F20000BE
:108A30000024C4F200010194C0E900144FF6FF7154
:108A40008460C0E9031403218461CDE9031401218A
:108A50000B94CDE90514CDE9091403A9CDE9074428
:108A6000FDF7EAFD08B1F9F7F3F846F2F830694688
:108A7000C2F2000000940294FDF796FB08B1F9F7EA
:108A8000E7F80CB010BD000010B584B046F24440C9
:108A900041F20001C2F2000000240294C4F200017D
:108AA000016046F2A711C0E901146321C160802171
:108AB0008161FDF7E1FB08B1F9F7CAF846F24440DD
:108AC00001A9C2F2000001940394FDF76DFB08B107
:108AD000F9F7BEF804B010BD10B584B046F290406E
:108AE00041F20041C2F2000000240294C4F20001ED
:108AF000016045F6BF51C0E9011440F2F311C160B5
:108B000080218161FDF7B8FB08B1F9F7A1F846F2C1
:108B1000904001A9C2F2000001940394FDF744FBC8
:108B200008B1F9F795F804B010BD0000000000008E
:108B3000FEE7000000000000FEE70000000000006B
:108B4000B0B5054646F20C20C2F200000C464FF4C8
:108B50008071C161FAF770FB46F2BC100021C2F2CD
:108B600000002A462346BDE8B040F9F745BA0000A8
:108B70002DE9F04F83B001F0D7FB00F005F9FF209D
:108B8000012104F0EDFE0A2002F06EFC02900B20A1
:108B900002F06AFC4FF620624FF01051CFF6FF72E0
:108BA00041F2183941F2904A41F2086B41F6F80E51
:108BB00042F2B84442F2A87542F6982642F61047AF
:108BC000019000BF4DF6003001F53C73C2F2000089
:108BD00000EB020801F5BC707832C8F8E40101F539
:108BE0008D60C8F8EC0101F5EB60C8F8F40101F6FE
:108BF0004820C8F8E83101F5BC63C8F8F03101F548
:108C00000D63C8E97E3000F5BC60C8F80C0241F67F
:108C1000702001F53C6301EB000CC8F8003201F64E
:108C20003853C8F8043201F56B63C8F8083201F50F
:108C30008D5301EB0900C8F8140201EB0A00C8F8D3
:108C4000180201EB0B00C8F81C0201F5BC50C8F873
:108C5000200201EB0E00C8F824020CF5BC70C8F825
:108C60002C0201F5EB50C8F830020CF58D60C8F805
:108C700034020CF5BC60C8F838020CF5EB60C8F89B
:108C80003C0201F50D50C8F8400201EB0400C8F8A1
:108C900044020CF53C60C8F8480201EB0500C8F836
:108CA0004C020CF56B60C8F8500201EB0600C8F8E6
:108CB000E0113944C8F81032C8F828C2C8F8540284
:108CC0007FF480AF0198029900F0FD0040EA012096
:108CD000B0F5195F52D142F2D630FF25C0F601003F
:108CE000841E00BFE8B2E178257904F039FE002D3A
:108CF00004F10204F6D1FF200021002504F030FE2B
:108D00007C20002104F02CFE7D20182104F028FE98
:108D10007C20052104F024FE7D20802104F020FE2B
:108D20007D20802104F01CFEFF20002104F018FEAD
:108D30005A20782104F014FE5B205A2104F010FE22
:108D40005C20002104F00CFEE020002104F008FE6D
:108D500046F2BC144FF49271C2F20004772240F242
:108D60007713772000902046F8F77AFF2046F8F72F
:108D70009BFF68B203B0BDE8F08F00BFFF2568B26B
:108D800003B0BDE8F08F000070B582B005250195F5
:108D9000019849F640440028A0F10100019030D02C
:108DA000002000BFADF8020005E000BFBDF80210D2
:108DB0000131ADF80210BDF80210A1421BD2BDF87E
:108DC00002100131ADF80210BDF80210A14212D21A
:108DD000BDF802100131ADF80210BDF80210A14239
:108DE0003FBFBDF802100131ADF80210BDF802100E
:108DF00038BFA142DAD301990029A1F10101019103
:108E0000D0D140F600404FF48041C5F60200002268
:108E10000026FBF7DDF8019501980028A0F101007C
:108E2000019029D0ADF8026005E000BFBDF8020056
:108E30000130ADF80200BDF80200A042ECD2BDF84E
:108E400002000130ADF80200BDF80200A042E3D2FA
:108E5000BDF802000130ADF80200BDF80200A042EA
:108E60003FBFBDF802000130ADF80200BDF80200BE
:108E700038BFA042D0D2D9E7FF20012104F070FD15
:108E80001220802104F06CFD0A2001900198002836
:108E9000A0F10100019030D0002000BFADF8020029
:108EA00005E000BFBDF802100131ADF80210BDF8B9
:108EB0000210A1421BD2BDF802100131ADF8021020
:108EC000BDF80210A14212D2BDF802100131ADF876
:108ED0000210BDF80210A1423FBFBDF802100131DF
:108EE000ADF80210BDF8021038BFA142DAD30199E3
:108EF0000029A1F101010191D0D102B070BD0000A3
:108F00007047000000000000002818BF002901D1B0
:108F1000704700BF80B54FF6C06CB3F1010EC2F2CE
:108F2000000CACF836E028DB90ED000A90ED011A59
:108F300090ED022A01F1080030F908EC03EE10EA86
:108F4000B8EEC33A20EE034A21EE035AA4EE035AC8
:108F500032EE053ABCFEC33A13EE101A0129A8BF3F
:108F60008A4205DD013B20F8401BE5D105E000BF4A
:108F70001FFA8EF00138ACF83600BDE8804070472B
:108F8000B0B52DED108B82B046F2401EC2F2000E3D
:108F9000DEF8782012B1D8BBD2E000BF4DF20A74DF
:108FA00000224FF07E53C3F62344CEE90332CEE9CC
:108FB0000732CEE90B344CF6CD4349F69A14C3F68A
:108FC000CC53CEF80820CEE910320023CEF83C2056
:108FD000CEE90022CEE90522CEE90922CEE90D2212
:108FE000CEF84820C4F22013CEF84C20C3F6996482
:108FF000CEE91434CEE91622CEE91824CEE91A229D
:10900000CEE91C240122CEF87820002800F09880B8
:109010000329C0F295808A0801F0030C4FF0000389
:1090200000F096809FEDA84A22F06042B0EE446ABC
:10903000B0EE445AB0EE443AB0EE442AB0EE441AD0
:10904000B0EE440AA0F58074A3EB8202B4F900519B
:10905000043B9A4207EE105AB4F9065101EE905AB9
:10906000B4F94051B8EEC77AF8EEE11A67EE070A94
:1090700036EE076AA1EE871AA0EE873A07EE105A7D
:10908000B4F9465134EE214AA1EEA00AB8EEC77AEF
:1090900001EE905A35EE205AB4F98051A0EEA02A84
:1090A00067EE070AF8EEE11A36EE076AA0EE873A95
:1090B000A1EE871A07EE105AB4F9865134EE214A10
:1090C000A1EEA00AB8EEC77A01EE905A35EE205A0A
:1090D000B4F9C051A0EEA02A67EE070AF8EEE11A33
:1090E00036EE076AA0EE873AA1EE871A07EE105A0D
:1090F000B4F9C651A1EEA00A35EE205A04F58074E9
:10910000B8EEC77AA0EEA02A00EE905A34EE214ABB
:1091100067EE071AF8EEE00A36EE076AA1EE873A24
:10912000A1EEA12AA0EE871AA0EEA10A34EE204AF1
:1091300035EE215A8AD15B42BCF1000F19D174E09F
:10914000DEED005ADEED01BADEED026AC4E000BFDA
:109150009FED5D4AB0EE446AB0EE445AB0EE443A38
:10916000B0EE442AB0EE441AB0EE440ABCF1000F4F
:109170005BD09A01BCF1010F825E00EB831007EE19
:10918000102AB0F9062001EE902AB8EEC77AF8EE60
:10919000E11A67EE070A36EE076AA1EE871AA0EE1B
:1091A000873AA0EEA02AA1EEA00A34EE214A35EEBD
:1091B000205A3AD0B0F94020BCF1020F07EE102A35
:1091C000B0F9462001EE902AB8EEC77AF8EEE11A1F
:1091D00067EE070A36EE076AA1EE871AA0EE873A15
:1091E000A0EEA02AA1EEA00A34EE214A35EE205AC4
:1091F0001BD0B0F98020B0F9860007EE102A01EEEE
:10920000900AB8EEC77AF8EEE11A67EE070AA1EE07
:10921000871A34EE214AA0EE873AA0EEA02AA1EEEA
:10922000A00A36EE076A35EE205A07EE101A65EEF0
:10923000462A65EE454A9FEDD89BF8EE475AF0EE78
:10924000620A26EE467AF0EE643AE3EE250AA5EECF
:10925000257AE3EE063A60EEC31AE2EE071AE5EE6F
:10926000231AF0EEE16AB7EEE68AB4EE498BF1EE2E
:1092700010FA2BDD63EE456AD3EE652AE2EE254A4D
:10928000E2EE066A23EE433AA2EE053A21EE222AE6
:1092900024EEC15A26EEC11AA0EE072AA0EE205AEB
:1092A000A0EE231AB7EE000AA4EE232AA4EE265A53
:1092B000A4EE031A80EE210A62EE005A65EE40BA6F
:1092C00061EE006A08E000BF00000000DFEDB46A54
:1092D000F0EE66BAF0EE665A9EED030A9EED0C2A99
:1092E0009EED041A30EE022A9EED0D0A9EED065AFE
:1092F0009EED054A31EE003A9EED0E0A9EED076A9C
:1093000074EE00EA9EED0F0A75EE001A9EED100A4B
:109310009EED111A76EE003A9EED080A9EED137A44
:109320009EED125A70EE012A9EED090ADEED140A36
:1093300030EE055A9EED0A0A30EE076A9EED0B0AE2
:1093400030EE207A9EED180A9EED1A1A31EE808AD0
:109350009EED1B0A72EE817A35EE00AA9EED1C1A74
:109360009EED1D0A76EE019A37EE009A9EED190ADF
:109370002AEE671A33EE80BA9EED160A29EEE7CA86
:10938000A8EE091A33EE00DA9EED150AABEE09CA13
:109390002AEE4BFA32EE00EA9EED170A61EE4D8A94
:1093A000A8EE29FA7EEE80AAEEEE0C8A9FED7A4BAB
:1093B000EAEE8F8AB0EEE80AB7EEC00AB4EE440BCC
:1093C000F1EE10FA9EEC030A40F3E0806BEE6A4A7D
:1093D000CDED016AF0EE6B6A69EE48BA29EE4D4AAE
:1093E000F1EE4ACAEDEE274AE7EE8ABA67EECEFA08
:1093F000F7EE007AAAEEA94A6AEEACCAF1EE699AD3
:10940000EAEE88FA28EE4D8AC7EEA8DAEEEE09CA2F
:109410006EEE299AAEEE0B8A24EE2DEA2BEEAD4AC3
:10942000EDEE0A9A2CEE2DBA6CEEADAA23EE04AA4C
:109430006FEEAD8AF0EE66FA6FEE2DCAA2EE0BAAC1
:1094400023EE2A9A24EEADDA69EEAD9A28EE2DFAD3
:10945000AEEEACAA23EE288AA2EE0E9A75EEC04AB2
:10946000A2EE0D8AAEEEA99AAAEE240A76EEE04AA2
:10947000AEEE8F8A63EE84BA26EE04CA9DED014AF1
:10948000A9EE240A74EE416AE1EE8BBA23EEAA4AF1
:10949000A8EE260AA5EE0BCA23EEA8BAE2EEACBAF5
:1094A000A1EE8E4A75EEC0DAA1EE8DBAA2EEA94AFF
:1094B000EBEEAD0AA2EE8FBA66EE2AAAA7EE2CCA90
:1094C000E4EE240AE5EE0EAA66EE285AEBEE260A32
:1094D000E7EE29AAACEE2D1AE5EE0D5A37EEC44A96
:1094E0007FEEE04A29EE63DAE7EE0F5AAAEEA41AFD
:1094F00077EECA4A29EE61AA29EE629AA4EE83DACF
:10950000A4EE82AAA4EEAE9A64EE214A24EE23EAE7
:1095100024EE224A61EEAA1A63EEAA3A62EEAA2A61
:10952000EBEEC24AABEEC3EAABEEEE4AECEE021A49
:10953000ECEE033AECEE2E2A37EEE52AA5EEA61A5B
:10954000A8EE45AAA8EE46DAA8EE479AEBEE454A01
:109550008EED03AAABEE46EA8EED04DAABEE474A97
:109560008EED059AD2EE051ACEED064AD2EE063AF7
:109570008EED07EAD2EE072A8EED084ACEED091AE3
:10958000CEED0A3ACEED0B2A8EEC030A02B0BDEC0A
:10959000108BB0BD00BF00BF8DEDB5A0F7C6B03ECB
:1095A0000000000000000000F0B581B044F22C473C
:1095B000C5F6020757F8042C02F00302032A03D170
:1095C000012001B0F0BD00BF054657F82C0C0C4639
:1095D00020F0806047F82C0CFAF70AFD064600BF21
:1095E00057F82C0C000105D5FAF702FD801B022864
:1095F000F6D964E057F8040CEE6895E80E0020F404
:109600007C30012C40EA0130A2F101016FF35F21AF
:109610004FF47E4202EB432247F8040C92B24FF023
:10962000FE4302EB01004FF4FE012A6901EB064103
:1096300001F4FE0103EB0262084402F0FE4108441B
:10964000F8603868696920F0C00040EA01003860BD
:109650003868A96920F0200040EA010038603868C5
:109660004FF6F87120F0100038603869EA6920EA96
:1096700001004FF4001140EAC2003861386808BFA9
:109680004FF4801140F01000002C386008BF4FF4F8
:10969000002138680843386057F82C0C40F080608F
:1096A00047F82C0CFAF7A4FC044600BF57F82C0C22
:1096B000000107D4FAF79CFC001B0328F6D3032013
:1096C00001B0F0BD002001B0F0BD000000000000BE
:1096D000F0B581B044F22C47C5F6020757F8042CC8
:1096E00002F00302032A03D1012001B0F0BD00BF44
:1096F000054657F82C0C0C4620F0805047F82C0CEF
:10970000FAF776FC064600BF57F82C0C800005D50A
:10971000FAF76EFC801B0228F6D964E057F8040CB7
:10972000EE6895E80E0020F07C70012C40EA0150B4
:10973000A2F101016FF35F214FF47E4202EB43225D
:1097400047F8040C92B24FF0FE4302EB01004FF4D5
:10975000FE012A6901EB064101F4FE0103EB0262FE
:10976000084402F0FE41084478613868696920F4D1
:10977000406040EA010038603868A96920F4007050
:1097800040EA0100386038684FF6F87120F48070C4
:109790003860B869EA6920EA01004FF0807140EA58
:1097A000C200B861386808BF4FF4000140F480700F
:1097B000002C386008BF4FF48001386808433860D7
:1097C00057F82C0C40F0805047F82C0CFAF710FC9E
:1097D000044600BF57F82C0C800007D4FAF708FCA9
:1097E000001B0328F6D3032001B0F0BD002001B018
:1097F000F0BD000000000000B0B582B040F20044AF
:109800004FF48071C5F60204002220460025FAF7C5
:10981000DFFBADF80050BDF80000052824D8BDF8E6
:1098200000000130ADF80000BDF8000005281BD88D
:10983000BDF800000130ADF80000BDF800000528BB
:109840009FBFBDF800000130ADF80000BDF800007A
:1098500098BF052808D8BDF800000130ADF8000019
:10986000BDF800000628DAD3ADF80050BDF80000BE
:10987000052824D8BDF800000130ADF80000BDF87F
:10988000000005281BD8BDF800000130ADF800002D
:10989000BDF8000005289FBFBDF800000130ADF8FD
:1098A0000000BDF8000098BF052808D8BDF80000EA
:1098B0000130ADF80000BDF800000628DAD3002022
:1098C000ADF80000BDF80010052924D8BDF800103F
:1098D0000131ADF80010BDF8001005291BD8BDF806
:1098E00000100131ADF80010BDF8001005299FBF30
:1098F000BDF800100131ADF80010BDF8001098BFA0
:10990000052908D8BDF800100131ADF80010BDF8E8
:1099100000100629DAD3ADF80000BDF800000528D4
:1099200024D8BDF800000130ADF80000BDF80000FB
:1099300005281BD8BDF800000130ADF80000BDF8C7
:10994000000005289FBFBDF800000130ADF8000001
:10995000BDF8000098BF052808D8BDF80000013008
:10996000ADF80000BDF800000628DAD30020ADF8FD
:109970000000BDF80010052924D8BDF80010013101
:10998000ADF80010BDF8001005291BD8BDF8001077
:109990000131ADF80010BDF8001005299FBFBDF8DA
:1099A00000100131ADF80010BDF8001098BF052976
:1099B00008D8BDF800100131ADF80010BDF8001056
:1099C0000629DAD3ADF80000BDF80000052824D838
:1099D000BDF800000130ADF80000BDF8000005281A
:1099E0001BD8BDF800000130ADF80000BDF8000044
:1099F00005289FBFBDF800000130ADF80000BDF89C
:109A0000000098BF052808D8BDF800000130ADF867
:109A10000000BDF800000628DAD30020ADF80000F1
:109A2000BDF80010052924D8BDF800100131ADF8AB
:109A30000010BDF8001005291BD8BDF80010013139
:109A4000ADF80010BDF8001005299FBFBDF800104B
:109A50000131ADF80010BDF8001098BF052908D8F5
:109A6000BDF800100131ADF80010BDF80010062956
:109A7000DAD3ADF80000BDF80000052824D8BDF801
:109A800000000130ADF80000BDF8000005281BD82B
:109A9000BDF800000130ADF80000BDF80000052859
:109AA0009FBFBDF800000130ADF80000BDF8000018
:109AB00098BF052808D8BDF800000130ADF80000B7
:109AC000BDF800000628DAD34FF4007100222046CA
:109AD0000025FAF77DFAADF80250BDF8020005281E
:109AE00024D8BDF802000130ADF80200BDF8020034
:109AF00005281BD8BDF802000130ADF80200BDF802
:109B0000020005289FBFBDF802000130ADF8020039
:109B1000BDF8020098BF052808D8BDF80200013042
:109B2000ADF80200BDF802000628DAD3ADF8025005
:109B3000BDF80200052824D8BDF802000130ADF8B8
:109B40000200BDF8020005281BD8BDF80200013054
:109B5000ADF80200BDF8020005289FBFBDF8020065
:109B60000130ADF80200BDF8020098BF052808D802
:109B7000BDF802000130ADF80200BDF80200062871
:109B8000DAD30020ADF80200BDF80210052924D870
:109B9000BDF802100131ADF80210BDF80210052920
:109BA0001BD8BDF802100131ADF80210BDF802104B
:109BB00005299FBFBDF802100131ADF80210BDF8B4
:109BC000021098BF052908D8BDF802100131ADF880
:109BD0000210BDF802100629DAD3ADF80200BDF874
:109BE0000200052824D8BDF802000130ADF80200BB
:109BF000BDF8020005281BD8BDF802000130ADF801
:109C00000200BDF8020005289FBFBDF80200013028
:109C1000ADF80200BDF8020098BF052808D8BDF8CD
:109C200002000130ADF80200BDF802000628DAD3C8
:109C30000020ADF80200BDF80210052924D8BDF8B7
:109C400002100131ADF80210BDF8021005291BD831
:109C5000BDF802100131ADF80210BDF8021005295F
:109C60009FBFBDF802100131ADF80210BDF802101F
:109C700098BF052908D8BDF802100131ADF80210CF
:109C8000BDF802100629DAD3ADF80200BDF80200D3
:109C9000052824D8BDF802000130ADF80200BDF857
:109CA000020005281BD8BDF802000130ADF8020003
:109CB000BDF8020005289FBFBDF802000130ADF8D5
:109CC0000200BDF8020098BF052808D8BDF80200C0
:109CD0000130ADF80200BDF802000628DAD30020FA
:109CE000ADF80200BDF80210052924D8BDF8021015
:109CF0000131ADF80210BDF8021005291BD8BDF8DE
:109D000002100131ADF80210BDF8021005299FBF05
:109D1000BDF802100131ADF80210BDF8021098BF75
:109D2000052908D8BDF802100131ADF80210BDF8C0
:109D300002100629DAD3ADF80200BDF802000528AA
:109D400024D8BDF802000130ADF80200BDF80200D1
:109D500005281BD8BDF802000130ADF80200BDF89F
:109D6000020005289FBFBDF802000130ADF80200D7
:109D7000BDF8020098BF052808D8BDF802000130E0
:109D8000ADF80200BDF802000628DAD34FF4807166
:109D900001222046FAF71CF90020ADF80400BDF8B6
:109DA0000410052924D8BDF804100131ADF80410C1
:109DB000BDF8041005291BD8BDF804100131ADF819
:109DC0000410BDF8041005299FBFBDF8041001312F
:109DD000ADF80410BDF8041098BF052908D8BDF8E7
:109DE00004100131ADF80410BDF804100629DAD3CF
:109DF000ADF80400BDF80400052824D8BDF804001F
:109E00000130ADF80400BDF8040005281BD8BDF8EA
:109E100004000130ADF80400BDF8040005289FBF20
:109E2000BDF804000130ADF80400BDF8040098BF8F
:109E3000052808D8BDF804000130ADF80400BDF8CD
:109E400004000628DAD30020ADF80400BDF80410A1
:109E5000052924D8BDF804100131ADF80410BDF86F
:109E6000041005291BD8BDF804100131ADF8041009
:109E7000BDF8041005299FBFBDF804100131ADF8ED
:109E80000410BDF8041098BF052908D8BDF80410C7
:109E90000131ADF80410BDF804100629DAD3ADF88D
:109EA0000400BDF80400052824D8BDF804000130E2
:109EB000ADF80400BDF8040005281BD8BDF8040067
:109EC0000130ADF80400BDF8040005289FBFBDF8BF
:109ED00004000130ADF80400BDF8040098BF052867
:109EE00008D8BDF804000130ADF80400BDF8040046
:109EF0000628DAD30020ADF80400BDF804100529C7
:109F000024D8BDF804100131ADF80410BDF80410D8
:109F100005291BD8BDF804100131ADF80410BDF8B7
:109F2000041005299FBFBDF804100131ADF80410DD
:109F3000BDF8041098BF052908D8BDF804100131F8
:109F4000ADF80410BDF804100629DAD3ADF804000A
:109F5000BDF80400052824D8BDF804000130ADF890
:109F60000400BDF8040005281BD8BDF8040001302A
:109F7000ADF80400BDF8040005289FBFBDF804003B
:109F80000130ADF80400BDF8040098BF052808D8DA
:109F9000BDF804000130ADF80400BDF80400062847
:109FA000DAD30020ADF80400BDF80410052924D848
:109FB000BDF804100131ADF80410BDF804100529F6
:109FC0001BD8BDF804100131ADF80410BDF8041021
:109FD00005299FBFBDF804100131ADF80410BDF88C
:109FE000041098BF052908D8BDF804100131ADF858
:109FF0000410BDF804100629DAD3ADF80400BDF84A
:10A000000400052824D8BDF804000130ADF8040090
:10A01000BDF8040005281BD8BDF804000130ADF8D8
:10A020000400BDF8040005289FBFBDF804000130FE
:10A03000ADF80400BDF8040098BF052808D8BDF8A5
:10A0400004000130ADF80400BDF804000628DAD39E
:10A050004FF48071002220460025F9F7B9FF4FF434
:10A06000007101222046F9F7B3FFADF80650BDF8A4
:10A070000600052824D8BDF806000130ADF806001A
:10A08000BDF8060005281BD8BDF806000130ADF864
:10A090000600BDF8060005289FBFBDF80600013088
:10A0A000ADF80600BDF8060098BF052808D8BDF831
:10A0B00006000130ADF80600BDF806000628DAD328
:10A0C000ADF80650BDF80600052824D8BDF80600F6
:10A0D0000130ADF80600BDF8060005281BD8BDF814
:10A0E00006000130ADF80600BDF8060005289FBF48
:10A0F000BDF806000130ADF80600BDF8060098BFB7
:10A10000052808D8BDF806000130ADF80600BDF8F6
:10A1100006000628DAD30020ADF80600BDF80610C8
:10A12000052924D8BDF806100131ADF80610BDF898
:10A13000061005291BD8BDF806100131ADF8061030
:10A14000BDF8061005299FBFBDF806100131ADF816
:10A150000610BDF8061098BF052908D8BDF80610EE
:10A160000131ADF80610BDF806100629DAD3ADF8B6
:10A170000600BDF80600052824D8BDF80600013009
:10A18000ADF80600BDF8060005281BD8BDF806008E
:10A190000130ADF80600BDF8060005289FBFBDF8E8
:10A1A00006000130ADF80600BDF8060098BF05288E
:10A1B00008D8BDF806000130ADF80600BDF806006D
:10A1C0000628DAD30020ADF80600BDF806100529F0
:10A1D00024D8BDF806100131ADF80610BDF8061000
:10A1E00005291BD8BDF806100131ADF80610BDF8E1
:10A1F000061005299FBFBDF806100131ADF8061005
:10A20000BDF8061098BF052908D8BDF80610013121
:10A21000ADF80610BDF806100629DAD3ADF8060031
:10A22000BDF80600052824D8BDF806000130ADF8B9
:10A230000600BDF8060005281BD8BDF80600013051
:10A24000ADF80600BDF8060005289FBFBDF8060062
:10A250000130ADF80600BDF8060098BF052808D803
:10A26000BDF806000130ADF80600BDF8060006286E
:10A27000DAD30020ADF80600BDF80610052924D871
:10A28000BDF806100131ADF80610BDF8061005291D
:10A290001BD8BDF806100131ADF80610BDF8061048
:10A2A00005299FBFBDF806100131ADF80610BDF8B5
:10A2B000061098BF052908D8BDF806100131ADF881
:10A2C0000610BDF806100629DAD3ADF80600BDF871
:10A2D0000600052824D8BDF806000130ADF80600B8
:10A2E000BDF8060005281BD8BDF806000130ADF802
:10A2F0000600BDF8060005289FBFBDF80600013026
:10A30000ADF80600BDF8060098BF052808D8BDF8CE
:10A3100006000130ADF80600BDF806000628DAD3C5
:10A3200002B0B0BD0000000010B540F200444FF490
:10A330008071C5F6020401222046F9F749FE4FF468
:10A34000007101222046BDE81040F9F741BE00002F
:10A35000B0B582B040F200444FF48071C5F60204FB
:10A36000002220460025F9F733FEADF80050BDF875
:10A370000000052824D8BDF800000130ADF8000029
:10A38000BDF8000005281BD8BDF800000130ADF86D
:10A390000000BDF8000005289FBFBDF80000013097
:10A3A000ADF80000BDF8000098BF052808D8BDF83A
:10A3B00000000130ADF80000BDF800000628DAD337
:10A3C000ADF80050BDF80000052824D8BDF8000005
:10A3D0000130ADF80000BDF8000005281BD8BDF81D
:10A3E00000000130ADF80000BDF8000005289FBF57
:10A3F000BDF800000130ADF80000BDF8000098BFC6
:10A40000052808D8BDF800000130ADF80000BDF8FF
:10A4100000000628DAD30020ADF80000BDF80010D7
:10A42000052924D8BDF800100131ADF80010BDF8A1
:10A43000001005291BD8BDF800100131ADF800103F
:10A44000BDF8001005299FBFBDF800100131ADF81F
:10A450000010BDF8001098BF052908D8BDF80010FD
:10A460000131ADF80010BDF800100629DAD3ADF8BF
:10A470000000BDF80000052824D8BDF80000013018
:10A48000ADF80000BDF8000005281BD8BDF800009D
:10A490000130ADF80000BDF8000005289FBFBDF8F1
:10A4A00000000130ADF80000BDF8000098BF05289D
:10A4B00008D8BDF800000130ADF80000BDF800007C
:10A4C0000628DAD30020ADF80000BDF800100529F9
:10A4D00024D8BDF800100131ADF80010BDF800100F
:10A4E00005291BD8BDF800100131ADF80010BDF8EA
:10A4F000001005299FBFBDF800100131ADF8001014
:10A50000BDF8001098BF052908D8BDF8001001312A
:10A51000ADF80010BDF800100629DAD3ADF8000040
:10A52000BDF80000052824D8BDF800000130ADF8C2
:10A530000000BDF8000005281BD8BDF80000013060
:10A54000ADF80000BDF8000005289FBFBDF8000071
:10A550000130ADF80000BDF8000098BF052808D80C
:10A56000BDF800000130ADF80000BDF8000006287D
:10A57000DAD30020ADF80000BDF80010052924D87A
:10A58000BDF800100131ADF80010BDF8001005292C
:10A590001BD8BDF800100131ADF80010BDF8001057
:10A5A00005299FBFBDF800100131ADF80010BDF8BE
:10A5B000001098BF052908D8BDF800100131ADF88A
:10A5C0000010BDF800100629DAD3ADF80000BDF880
:10A5D0000000052824D8BDF800000130ADF80000C7
:10A5E000BDF8000005281BD8BDF800000130ADF80B
:10A5F0000000BDF8000005289FBFBDF80000013035
:10A60000ADF80000BDF8000098BF052808D8BDF8D7
:10A6100000000130ADF80000BDF800000628DAD3D4
:10A620004FF4007101222046F9F7D2FC0020ADF86A
:10A630000200BDF80210052924D8BDF8021001312E
:10A64000ADF80210BDF8021005291BD8BDF80210A4
:10A650000131ADF80210BDF8021005299FBFBDF809
:10A6600002100131ADF80210BDF8021098BF0529A3
:10A6700008D8BDF802100131ADF80210BDF8021083
:10A680000629DAD3ADF80200BDF80200052824D867
:10A69000BDF802000130ADF80200BDF80200052847
:10A6A0001BD8BDF802000130ADF80200BDF8020071
:10A6B00005289FBFBDF802000130ADF80200BDF8CB
:10A6C000020098BF052808D8BDF802000130ADF897
:10A6D0000200BDF802000628DAD30020ADF802001F
:10A6E000BDF80210052924D8BDF802100131ADF8DB
:10A6F0000210BDF8021005291BD8BDF80210013167
:10A70000ADF80210BDF8021005299FBFBDF8021078
:10A710000131ADF80210BDF8021098BF052908D824
:10A72000BDF802100131ADF80210BDF80210062983
:10A73000DAD3ADF80200BDF80200052824D8BDF830
:10A7400002000130ADF80200BDF8020005281BD858
:10A75000BDF802000130ADF80200BDF80200052886
:10A760009FBFBDF802000130ADF80200BDF8020045
:10A7700098BF052808D8BDF802000130ADF80200E6
:10A78000BDF802000628DAD30020ADF80200BDF8BB
:10A790000210052924D8BDF802100131ADF80210CD
:10A7A000BDF8021005291BD8BDF802100131ADF823
:10A7B0000210BDF8021005299FBFBDF8021001313B
:10A7C000ADF80210BDF8021098BF052908D8BDF8F1
:10A7D00002100131ADF80210BDF802100629DAD3DB
:10A7E000ADF80200BDF80200052824D8BDF802002B
:10A7F0000130ADF80200BDF8020005281BD8BDF8F5
:10A8000002000130ADF80200BDF8020005289FBF2C
:10A81000BDF802000130ADF80200BDF8020098BF9B
:10A82000052808D8BDF802000130ADF80200BDF8D7
:10A8300002000628DAD30020ADF80200BDF80210AD
:10A84000052924D8BDF802100131ADF80210BDF879
:10A85000021005291BD8BDF802100131ADF8021015
:10A86000BDF8021005299FBFBDF802100131ADF8F7
:10A870000210BDF8021098BF052908D8BDF80210D3
:10A880000131ADF80210BDF802100629DAD3ADF897
:10A890000200BDF80200052824D8BDF802000130EE
:10A8A000ADF80200BDF8020005281BD8BDF8020073
:10A8B0000130ADF80200BDF8020005289FBFBDF8C9
:10A8C00002000130ADF80200BDF8020098BF052873
:10A8D00008D8BDF802000130ADF80200BDF8020052
:10A8E0000628DAD34FF4807101222046F9F770FB75
:10A8F0000020ADF80400BDF80410052924D8BDF8E7
:10A9000004100131ADF80410BDF8041005291BD85E
:10A91000BDF804100131ADF80410BDF8041005298C
:10A920009FBFBDF804100131ADF80410BDF804104C
:10A9300098BF052908D8BDF804100131ADF80410FE
:10A94000BDF804100629DAD3ADF80400BDF8040000
:10A95000052824D8BDF804000130ADF80400BDF886
:10A96000040005281BD8BDF804000130ADF8040030
:10A97000BDF8040005289FBFBDF804000130ADF804
:10A980000400BDF8040098BF052808D8BDF80400ED
:10A990000130ADF80400BDF804000628DAD3002029
:10A9A000ADF80400BDF80410052924D8BDF8041042
:10A9B0000131ADF80410BDF8041005291BD8BDF80D
:10A9C00004100131ADF80410BDF8041005299FBF33
:10A9D000BDF804100131ADF80410BDF8041098BFA3
:10A9E000052908D8BDF804100131ADF80410BDF8F0
:10A9F00004100629DAD3ADF80400BDF804000528D8
:10AA000024D8BDF804000130ADF80400BDF80400FE
:10AA100005281BD8BDF804000130ADF80400BDF8CE
:10AA2000040005289FBFBDF804000130ADF8040004
:10AA3000BDF8040098BF052808D8BDF8040001300F
:10AA4000ADF80400BDF804000628DAD30020ADF804
:10AA50000400BDF80410052924D8BDF80410013104
:10AA6000ADF80410BDF8041005291BD8BDF804107A
:10AA70000131ADF80410BDF8041005299FBFBDF8E1
:10AA800004100131ADF80410BDF8041098BF052979
:10AA900008D8BDF804100131ADF80410BDF8041059
:10AAA0000629DAD3ADF80400BDF80400052824D83F
:10AAB000BDF804000130ADF80400BDF8040005281D
:10AAC0001BD8BDF804000130ADF80400BDF8040047
:10AAD00005289FBFBDF804000130ADF80400BDF8A3
:10AAE000040098BF052808D8BDF804000130ADF86F
:10AAF0000400BDF804000628DAD30020ADF80400F5
:10AB0000BDF80410052924D8BDF804100131ADF8B2
:10AB10000410BDF8041005291BD8BDF8041001313C
:10AB2000ADF80410BDF8041005299FBFBDF804104E
:10AB30000131ADF80410BDF8041098BF052908D8FC
:10AB4000BDF804100131ADF80410BDF80410062959
:10AB5000DAD3ADF80400BDF80400052824D8BDF808
:10AB600004000130ADF80400BDF8040005281BD82E
:10AB7000BDF804000130ADF80400BDF8040005285C
:10AB80009FBFBDF804000130ADF80400BDF804001B
:10AB900098BF052808D8BDF804000130ADF80400BE
:10ABA000BDF804000628DAD34FF480710022204655
:10ABB0000025F9F70DFAADF80650BDF80600052896
:10ABC00024D8BDF806000130ADF80600BDF8060037
:10ABD00005281BD8BDF806000130ADF80600BDF809
:10ABE000060005289FBFBDF806000130ADF806003D
:10ABF000BDF8060098BF052808D8BDF8060001304A
:10AC0000ADF80600BDF806000628DAD3ADF8065008
:10AC1000BDF80600052824D8BDF806000130ADF8BF
:10AC20000600BDF8060005281BD8BDF80600013057
:10AC3000ADF80600BDF8060005289FBFBDF8060068
:10AC40000130ADF80600BDF8060098BF052808D809
:10AC5000BDF806000130ADF80600BDF80600062874
:10AC6000DAD30020ADF80600BDF80610052924D877
:10AC7000BDF806100131ADF80610BDF80610052923
:10AC80001BD8BDF806100131ADF80610BDF806104E
:10AC900005299FBFBDF806100131ADF80610BDF8BB
:10ACA000061098BF052908D8BDF806100131ADF887
:10ACB0000610BDF806100629DAD3ADF80600BDF877
:10ACC0000600052824D8BDF806000130ADF80600BE
:10ACD000BDF8060005281BD8BDF806000130ADF808
:10ACE0000600BDF8060005289FBFBDF8060001302C
:10ACF000ADF80600BDF8060098BF052808D8BDF8D5
:10AD000006000130ADF80600BDF806000628DAD3CB
:10AD10000020ADF80600BDF80610052924D8BDF8BE
:10AD200006100131ADF80610BDF8061005291BD834
:10AD3000BDF806100131ADF80610BDF80610052962
:10AD40009FBFBDF806100131ADF80610BDF8061022
:10AD500098BF052908D8BDF806100131ADF80610D6
:10AD6000BDF806100629DAD3ADF80600BDF80600D6
:10AD7000052824D8BDF806000130ADF80600BDF85E
:10AD8000060005281BD8BDF806000130ADF8060006
:10AD9000BDF8060005289FBFBDF806000130ADF8DC
:10ADA0000600BDF8060098BF052808D8BDF80600C3
:10ADB0000130ADF80600BDF806000628DAD3002001
:10ADC000ADF80600BDF80610052924D8BDF8061018
:10ADD0000131ADF80610BDF8061005291BD8BDF8E5
:10ADE00006100131ADF80610BDF8061005299FBF09
:10ADF000BDF806100131ADF80610BDF8061098BF79
:10AE0000052908D8BDF806100131ADF80610BDF8C7
:10AE100006100629DAD3ADF80600BDF806000528AD
:10AE200024D8BDF806000130ADF80600BDF80600D4
:10AE300005281BD8BDF806000130ADF80600BDF8A6
:10AE4000060005289FBFBDF806000130ADF80600DA
:10AE5000BDF8060098BF052808D8BDF806000130E7
:10AE6000ADF80600BDF806000628DAD302B0B0BD82
:10AE70002DE9F04381B040F200498046C5F6020951
:10AE800000240025002708E006F00100072D05F149
:10AE9000010540EA470780F0D5824FF48071012216
:10AEA0004846F9F795F8ADF80040BDF800000528D0
:10AEB00024D8BDF800000130ADF80000BDF8000056
:10AEC00005281BD8BDF800000130ADF80000BDF822
:10AED000000005289FBFBDF800000130ADF800005C
:10AEE000BDF8000098BF052808D8BDF80000013063
:10AEF000ADF80000BDF800000628DAD3ADF8004038
:10AF0000BDF80000052825D8BDF800000130ADF8D7
:10AF10000000BDF8000005281CD8BDF80000013075
:10AF2000ADF80000BDF8000005289FBFBDF8000087
:10AF30000130ADF80000BDF8000098BF052809D821
:10AF4000BDF800000130ADF80000BDF80000062893
:10AF5000DAD300BFADF80040BDF80000052825D8C1
:10AF6000BDF800000130ADF80000BDF80000052874
:10AF70001CD8BDF800000130ADF80000BDF800009D
:10AF800005289FBFBDF800000130ADF80000BDF8F6
:10AF9000000098BF052809D8BDF800000130ADF8C1
:10AFA0000000BDF800000628DAD300BFADF800406D
:10AFB000BDF80000052825D8BDF800000130ADF827
:10AFC0000000BDF8000005281CD8BDF800000130C5
:10AFD000ADF80000BDF8000005289FBFBDF80000D7
:10AFE0000130ADF80000BDF8000098BF052809D871
:10AFF000BDF800000130ADF80000BDF800000628E3
:10B00000DAD300BFADF80040BDF80000052825D810
:10B01000BDF800000130ADF80000BDF800000528C3
:10B020001CD8BDF800000130ADF80000BDF80000EC
:10B0300005289FBFBDF800000130ADF80000BDF845
:10B04000000098BF052809D8BDF800000130ADF810
:10B050000000BDF800000628DAD300BFADF80040BC
:10B06000BDF80000052825D8BDF800000130ADF876
:10B070000000BDF8000005281CD8BDF80000013014
:10B08000ADF80000BDF8000005289FBFBDF8000026
:10B090000130ADF80000BDF8000098BF052809D8C0
:10B0A000BDF800000130ADF80000BDF80000062832
:10B0B000DAD300BFADF80040BDF80000052825D860
:10B0C000BDF800000130ADF80000BDF80000052813
:10B0D0001CD8BDF800000130ADF80000BDF800003C
:10B0E00005289FBFBDF800000130ADF80000BDF895
:10B0F000000098BF052809D8BDF800000130ADF860
:10B100000000BDF800000628DAD300BFADF800400B
:10B11000BDF80000052825D8BDF800000130ADF8C5
:10B120000000BDF8000005281CD8BDF80000013063
:10B13000ADF80000BDF8000005289FBFBDF8000075
:10B140000130ADF80000BDF8000098BF052809D80F
:10B15000BDF800000130ADF80000BDF80000062881
:10B16000DAD300BF4FF400714846F8F729FF0646CE
:10B170004FF4807100224846F8F72AFFADF80240EC
:10B18000BDF80200052825D8BDF802000130ADF851
:10B190000200BDF8020005281CD8BDF802000130ED
:10B1A000ADF80200BDF8020005289FBFBDF80200FF
:10B1B0000130ADF80200BDF8020098BF052809D89B
:10B1C000BDF802000130ADF80200BDF8020006280B
:10B1D000DAD300BFADF80240BDF80200052825D83B
:10B1E000BDF802000130ADF80200BDF802000528EC
:10B1F0001CD8BDF802000130ADF80200BDF8020015
:10B2000005289FBFBDF802000130ADF80200BDF86F
:10B21000020098BF052809D8BDF802000130ADF83A
:10B220000200BDF802000628DAD300BFADF80240E4
:10B23000BDF80200052825D8BDF802000130ADF8A0
:10B240000200BDF8020005281CD8BDF8020001303C
:10B25000ADF80200BDF8020005289FBFBDF802004E
:10B260000130ADF80200BDF8020098BF052809D8EA
:10B27000BDF802000130ADF80200BDF8020006285A
:10B28000DAD300BFADF80240BDF80200052825D88A
:10B29000BDF802000130ADF80200BDF8020005283B
:10B2A0001CD8BDF802000130ADF80200BDF8020064
:10B2B00005289FBFBDF802000130ADF80200BDF8BF
:10B2C000020098BF052809D8BDF802000130ADF88A
:10B2D0000200BDF802000628DAD300BFADF8024034
:10B2E000BDF80200052825D8BDF802000130ADF8F0
:10B2F0000200BDF8020005281CD8BDF8020001308C
:10B30000ADF80200BDF8020005289FBFBDF802009D
:10B310000130ADF80200BDF8020098BF052809D839
:10B32000BDF802000130ADF80200BDF802000628A9
:10B33000DAD300BFADF80240BDF80200052825D8D9
:10B34000BDF802000130ADF80200BDF8020005288A
:10B350001CD8BDF802000130ADF80200BDF80200B3
:10B3600005289FBFBDF802000130ADF80200BDF80E
:10B37000020098BF052809D8BDF802000130ADF8D9
:10B380000200BDF802000628DAD300BFADF8024083
:10B39000BDF80200052825D8BDF802000130ADF83F
:10B3A0000200BDF8020005281CD8BDF802000130DB
:10B3B000ADF80200BDF8020005289FBFBDF80200ED
:10B3C0000130ADF80200BDF8020098BF052809D889
:10B3D000BDF802000130ADF80200BDF802000628F9
:10B3E000DAD300BFADF80240BDF8020005283FF6F1
:10B3F0004BADBDF802000130ADF80200BDF802000F
:10B4000005283FF641ADBDF802000130ADF802005D
:10B41000BDF8020005289FBFBDF802000130ADF85D
:10B420000200BDF8020098BF05283FF62DADBDF81B
:10B4300002000130ADF80200BDF802000628D8D3A2
:10B4400022E500BFB8F1010F06D1FEF7D5F9F8B239
:10B4500001B0BDE8F08300BFFEF77AFFF8B201B09B
:10B46000BDE8F0830000000010B5044600F020F8AD
:10B4700000F01EF8602001F07BFF10B1204601F0C3
:10B4800077FF00F049FC00F013F8612001F070FF35
:10B4900040B10020FFF7ECFC044600F03DFC2046E4
:10B4A00010BD00BF002400F037FC204610BD000096
:10B4B000B0B582B040F200444FF40071C5F602040A
:10B4C00001222046F8F784FD4FF4807101222046C6
:10B4D000F8F77EFD0020ADF80200BDF80210052946
:10B4E00024D8BDF802100131ADF80210BDF80210E9
:10B4F00005291BD8BDF802100131ADF80210BDF8C6
:10B50000021005299FBFBDF802100131ADF80210ED
:10B51000BDF8021098BF052908D8BDF80210013106
:10B52000ADF80210BDF802100629DAD3ADF802001A
:10B53000BDF80200052824D8BDF802000130ADF89E
:10B540000200BDF8020005281BD8BDF8020001303A
:10B55000ADF80200BDF8020005289FBFBDF802004B
:10B560000130ADF80200BDF8020098BF052808D8E8
:10B57000BDF802000130ADF80200BDF80200062857
:10B58000DAD30020ADF80200BDF80210052924D856
:10B59000BDF802100131ADF80210BDF80210052906
:10B5A0001BD8BDF802100131ADF80210BDF8021031
:10B5B00005299FBFBDF802100131ADF80210BDF89A
:10B5C000021098BF052908D8BDF802100131ADF866
:10B5D0000210BDF802100629DAD3ADF80200BDF85A
:10B5E0000200052824D8BDF802000130ADF80200A1
:10B5F000BDF8020005281BD8BDF802000130ADF8E7
:10B600000200BDF8020005289FBFBDF8020001300E
:10B61000ADF80200BDF8020098BF052808D8BDF8B3
:10B6200002000130ADF80200BDF802000628DAD3AE
:10B630000020ADF80200BDF80210052924D8BDF89D
:10B6400002100131ADF80210BDF8021005291BD817
:10B65000BDF802100131ADF80210BDF80210052945
:10B660009FBFBDF802100131ADF80210BDF8021005
:10B6700098BF052908D8BDF802100131ADF80210B5
:10B68000BDF802100629DAD3ADF80200BDF80200B9
:10B69000052824D8BDF802000130ADF80200BDF83D
:10B6A000020005281BD8BDF802000130ADF80200E9
:10B6B000BDF8020005289FBFBDF802000130ADF8BB
:10B6C0000200BDF8020098BF052808D8BDF80200A6
:10B6D0000130ADF80200BDF802000628DAD30020E0
:10B6E000ADF80200BDF80210052924D8BDF80210FB
:10B6F0000131ADF80210BDF8021005291BD8BDF8C4
:10B7000002100131ADF80210BDF8021005299FBFEB
:10B71000BDF802100131ADF80210BDF8021098BF5B
:10B72000052908D8BDF802100131ADF80210BDF8A6
:10B7300002100629DAD3ADF80200BDF80200052890
:10B7400024D8BDF802000130ADF80200BDF80200B7
:10B7500005281BD8BDF802000130ADF80200BDF885
:10B76000020005289FBFBDF802000130ADF80200BD
:10B77000BDF8020098BF052808D8BDF802000130C6
:10B78000ADF80200BDF802000628DAD34FF40071CC
:10B79000002220460025F8F71BFCADF80450BDF848
:10B7A0000400052824D8BDF804000130ADF80400D9
:10B7B000BDF8040005281BD8BDF804000130ADF821
:10B7C0000400BDF8040005289FBFBDF80400013047
:10B7D000ADF80400BDF8040098BF052808D8BDF8EE
:10B7E00004000130ADF80400BDF804000628DAD3E7
:10B7F000ADF80450BDF80400052824D8BDF80400B5
:10B800000130ADF80400BDF8040005281BD8BDF8D0
:10B8100004000130ADF80400BDF8040005289FBF06
:10B82000BDF804000130ADF80400BDF8040098BF75
:10B83000052808D8BDF804000130ADF80400BDF8B3
:10B8400004000628DAD30020ADF80400BDF8041087
:10B85000052924D8BDF804100131ADF80410BDF855
:10B86000041005291BD8BDF804100131ADF80410EF
:10B87000BDF8041005299FBFBDF804100131ADF8D3
:10B880000410BDF8041098BF052908D8BDF80410AD
:10B890000131ADF80410BDF804100629DAD3ADF873
:10B8A0000400BDF80400052824D8BDF804000130C8
:10B8B000ADF80400BDF8040005281BD8BDF804004D
:10B8C0000130ADF80400BDF8040005289FBFBDF8A5
:10B8D00004000130ADF80400BDF8040098BF05284D
:10B8E00008D8BDF804000130ADF80400BDF804002C
:10B8F0000628DAD30020ADF80400BDF804100529AD
:10B9000024D8BDF804100131ADF80410BDF80410BE
:10B9100005291BD8BDF804100131ADF80410BDF89D
:10B92000041005299FBFBDF804100131ADF80410C3
:10B93000BDF8041098BF052908D8BDF804100131DE
:10B94000ADF80410BDF804100629DAD3ADF80400F0
:10B95000BDF80400052824D8BDF804000130ADF876
:10B960000400BDF8040005281BD8BDF80400013010
:10B97000ADF80400BDF8040005289FBFBDF8040021
:10B980000130ADF80400BDF8040098BF052808D8C0
:10B99000BDF804000130ADF80400BDF8040006282D
:10B9A000DAD30020ADF80400BDF80410052924D82E
:10B9B000BDF804100131ADF80410BDF804100529DC
:10B9C0001BD8BDF804100131ADF80410BDF8041007
:10B9D00005299FBFBDF804100131ADF80410BDF872
:10B9E000041098BF052908D8BDF804100131ADF83E
:10B9F0000410BDF804100629DAD3ADF80400BDF830
:10BA00000400052824D8BDF804000130ADF8040076
:10BA1000BDF8040005281BD8BDF804000130ADF8BE
:10BA20000400BDF8040005289FBFBDF804000130E4
:10BA3000ADF80400BDF8040098BF052808D8BDF88B
:10BA400004000130ADF80400BDF804000628DAD384
:10BA50004FF48071002220460025F8F7B9FAADF8BE
:10BA60000650BDF80600052824D8BDF806000130B0
:10BA7000ADF80600BDF8060005281BD8BDF8060085
:10BA80000130ADF80600BDF8060005289FBFBDF8DF
:10BA900006000130ADF80600BDF8060098BF052885
:10BAA00008D8BDF806000130ADF80600BDF8060064
:10BAB0000628DAD3ADF80650BDF80600052824D8CC
:10BAC000BDF806000130ADF80600BDF806000528F7
:10BAD0001BD8BDF806000130ADF80600BDF8060021
:10BAE00005289FBFBDF806000130ADF80600BDF87F
:10BAF000060098BF052808D8BDF806000130ADF84B
:10BB00000600BDF806000628DAD30020ADF80600CE
:10BB1000BDF80610052924D8BDF806100131ADF88E
:10BB20000610BDF8061005291BD8BDF80610013116
:10BB3000ADF80610BDF8061005299FBFBDF8061028
:10BB40000131ADF80610BDF8061098BF052908D8D8
:10BB5000BDF806100131ADF80610BDF80610062933
:10BB6000DAD3ADF80600BDF80600052824D8BDF8E4
:10BB700006000130ADF80600BDF8060005281BD808
:10BB8000BDF806000130ADF80600BDF80600052836
:10BB90009FBFBDF806000130ADF80600BDF80600F5
:10BBA00098BF052808D8BDF806000130ADF806009A
:10BBB000BDF806000628DAD30020ADF80600BDF86F
:10BBC0000610052924D8BDF806100131ADF806107D
:10BBD000BDF8061005291BD8BDF806100131ADF8D7
:10BBE0000610BDF8061005299FBFBDF806100131EB
:10BBF000ADF80610BDF8061098BF052908D8BDF8A5
:10BC000006100131ADF80610BDF806100629DAD38A
:10BC1000ADF80600BDF80600052824D8BDF80600DA
:10BC20000130ADF80600BDF8060005281BD8BDF8A8
:10BC300006000130ADF80600BDF8060005289FBFDC
:10BC4000BDF806000130ADF80600BDF8060098BF4B
:10BC5000052808D8BDF806000130ADF80600BDF88B
:10BC600006000628DAD30020ADF80600BDF806105D
:10BC7000052924D8BDF806100131ADF80610BDF82D
:10BC8000061005291BD8BDF806100131ADF80610C5
:10BC9000BDF8061005299FBFBDF806100131ADF8AB
:10BCA0000610BDF8061098BF052908D8BDF8061083
:10BCB0000131ADF80610BDF806100629DAD3ADF84B
:10BCC0000600BDF80600052824D8BDF8060001309E
:10BCD000ADF80600BDF8060005281BD8BDF8060023
:10BCE0000130ADF80600BDF8060005289FBFBDF87D
:10BCF00006000130ADF80600BDF8060098BF052823
:10BD000008D8BDF806000130ADF80600BDF8060001
:10BD10000628DAD302B0B0BDB0B582B040F200441C
:10BD20004FF48071C5F60204002220460025F8F782
:10BD30004FF9ADF80050BDF80000052824D8BDF833
:10BD400000000130ADF80000BDF8000005281BD848
:10BD5000BDF800000130ADF80000BDF80000052876
:10BD60009FBFBDF800000130ADF80000BDF8000035
:10BD700098BF052808D8BDF800000130ADF80000D4
:10BD8000BDF800000628DAD3ADF80050BDF8000079
:10BD9000052824D8BDF800000130ADF80000BDF83A
:10BDA000000005281BD8BDF800000130ADF80000E8
:10BDB000BDF8000005289FBFBDF800000130ADF8B8
:10BDC0000000BDF8000098BF052808D8BDF80000A5
:10BDD0000130ADF80000BDF800000628DAD30020DD
:10BDE000ADF80000BDF80010052924D8BDF80010FA
:10BDF0000131ADF80010BDF8001005291BD8BDF8C1
:10BE000000100131ADF80010BDF8001005299FBFEA
:10BE1000BDF800100131ADF80010BDF8001098BF5A
:10BE2000052908D8BDF800100131ADF80010BDF8A3
:10BE300000100629DAD3ADF80000BDF8000005288F
:10BE400024D8BDF800000130ADF80000BDF80000B6
:10BE500005281BD8BDF800000130ADF80000BDF882
:10BE6000000005289FBFBDF800000130ADF80000BC
:10BE7000BDF8000098BF052808D8BDF800000130C3
:10BE8000ADF80000BDF800000628DAD30020ADF8B8
:10BE90000000BDF80010052924D8BDF800100131BC
:10BEA000ADF80010BDF8001005291BD8BDF8001032
:10BEB0000131ADF80010BDF8001005299FBFBDF895
:10BEC00000100131ADF80010BDF8001098BF052931
:10BED00008D8BDF800100131ADF80010BDF8001011
:10BEE0000629DAD3ADF80000BDF80000052824D8F3
:10BEF000BDF800000130ADF80000BDF800000528D5
:10BF00001BD8BDF800000130ADF80000BDF80000FE
:10BF100005289FBFBDF800000130ADF80000BDF856
:10BF2000000098BF052808D8BDF800000130ADF822
:10BF30000000BDF800000628DAD30020ADF80000AC
:10BF4000BDF80010052924D8BDF800100131ADF866
:10BF50000010BDF8001005291BD8BDF800100131F4
:10BF6000ADF80010BDF8001005299FBFBDF8001006
:10BF70000131ADF80010BDF8001098BF052908D8B0
:10BF8000BDF800100131ADF80010BDF80010062911
:10BF9000DAD3ADF80000BDF80000052824D8BDF8BC
:10BFA00000000130ADF80000BDF8000005281BD8E6
:10BFB000BDF800000130ADF80000BDF80000052814
:10BFC0009FBFBDF800000130ADF80000BDF80000D3
:10BFD00098BF052808D8BDF800000130ADF8000072
:10BFE000BDF800000628DAD34FF400710022204685
:10BFF0000025F7F7EDFFADF80250BDF80200052867
:10C0000024D8BDF802000130ADF80200BDF80200EE
:10C0100005281BD8BDF802000130ADF80200BDF8BC
:10C02000020005289FBFBDF802000130ADF80200F4
:10C03000BDF8020098BF052808D8BDF802000130FD
:10C04000ADF80200BDF802000628DAD3ADF80250C0
:10C05000BDF80200052824D8BDF802000130ADF873
:10C060000200BDF8020005281BD8BDF8020001300F
:10C07000ADF80200BDF8020005289FBFBDF8020020
:10C080000130ADF80200BDF8020098BF052808D8BD
:10C09000BDF802000130ADF80200BDF8020006282C
:10C0A000DAD30020ADF80200BDF80210052924D82B
:10C0B000BDF802100131ADF80210BDF802100529DB
:10C0C0001BD8BDF802100131ADF80210BDF8021006
:10C0D00005299FBFBDF802100131ADF80210BDF86F
:10C0E000021098BF052908D8BDF802100131ADF83B
:10C0F0000210BDF802100629DAD3ADF80200BDF82F
:10C100000200052824D8BDF802000130ADF8020075
:10C11000BDF8020005281BD8BDF802000130ADF8BB
:10C120000200BDF8020005289FBFBDF802000130E3
:10C13000ADF80200BDF8020098BF052808D8BDF888
:10C1400002000130ADF80200BDF802000628DAD383
:10C150000020ADF80200BDF80210052924D8BDF872
:10C1600002100131ADF80210BDF8021005291BD8EC
:10C17000BDF802100131ADF80210BDF8021005291A
:10C180009FBFBDF802100131ADF80210BDF80210DA
:10C1900098BF052908D8BDF802100131ADF802108A
:10C1A000BDF802100629DAD3ADF80200BDF802008E
:10C1B000052824D8BDF802000130ADF80200BDF812
:10C1C000020005281BD8BDF802000130ADF80200BE
:10C1D000BDF8020005289FBFBDF802000130ADF890
:10C1E0000200BDF8020098BF052808D8BDF802007B
:10C1F0000130ADF80200BDF802000628DAD30020B5
:10C20000ADF80200BDF80210052924D8BDF80210CF
:10C210000131ADF80210BDF8021005291BD8BDF898
:10C2200002100131ADF80210BDF8021005299FBFC0
:10C23000BDF802100131ADF80210BDF8021098BF30
:10C24000052908D8BDF802100131ADF80210BDF87B
:10C2500002100629DAD3ADF80200BDF80200052865
:10C2600024D8BDF802000130ADF80200BDF802008C
:10C2700005281BD8BDF802000130ADF80200BDF85A
:10C28000020005289FBFBDF802000130ADF8020092
:10C29000BDF8020098BF052808D8BDF8020001309B
:10C2A000ADF80200BDF802000628DAD34FF4807121
:10C2B00001222046F7F78CFE0020ADF80400BDF8FF
:10C2C0000410052924D8BDF804100131ADF804107C
:10C2D000BDF8041005291BD8BDF804100131ADF8D4
:10C2E0000410BDF8041005299FBFBDF804100131EA
:10C2F000ADF80410BDF8041098BF052908D8BDF8A2
:10C3000004100131ADF80410BDF804100629DAD389
:10C31000ADF80400BDF80400052824D8BDF80400D9
:10C320000130ADF80400BDF8040005281BD8BDF8A5
:10C3300004000130ADF80400BDF8040005289FBFDB
:10C34000BDF804000130ADF80400BDF8040098BF4A
:10C35000052808D8BDF804000130ADF80400BDF888
:10C3600004000628DAD30020ADF80400BDF804105C
:10C37000052924D8BDF804100131ADF80410BDF82A
:10C38000041005291BD8BDF804100131ADF80410C4
:10C39000BDF8041005299FBFBDF804100131ADF8A8
:10C3A0000410BDF8041098BF052908D8BDF8041082
:10C3B0000131ADF80410BDF804100629DAD3ADF848
:10C3C0000400BDF80400052824D8BDF8040001309D
:10C3D000ADF80400BDF8040005281BD8BDF8040022
:10C3E0000130ADF80400BDF8040005289FBFBDF87A
:10C3F00004000130ADF80400BDF8040098BF052822
:10C4000008D8BDF804000130ADF80400BDF8040000
:10C410000628DAD30020ADF80400BDF80410052981
:10C4200024D8BDF804100131ADF80410BDF8041093
:10C4300005291BD8BDF804100131ADF80410BDF872
:10C44000041005299FBFBDF804100131ADF8041098
:10C45000BDF8041098BF052908D8BDF804100131B3
:10C46000ADF80410BDF804100629DAD3ADF80400C5
:10C47000BDF80400052824D8BDF804000130ADF84B
:10C480000400BDF8040005281BD8BDF804000130E5
:10C49000ADF80400BDF8040005289FBFBDF80400F6
:10C4A0000130ADF80400BDF8040098BF052808D895
:10C4B000BDF804000130ADF80400BDF80400062802
:10C4C000DAD30020ADF80400BDF80410052924D803
:10C4D000BDF804100131ADF80410BDF804100529B1
:10C4E0001BD8BDF804100131ADF80410BDF80410DC
:10C4F00005299FBFBDF804100131ADF80410BDF847
:10C50000041098BF052908D8BDF804100131ADF812
:10C510000410BDF804100629DAD3ADF80400BDF804
:10C520000400052824D8BDF804000130ADF804004B
:10C53000BDF8040005281BD8BDF804000130ADF893
:10C540000400BDF8040005289FBFBDF804000130B9
:10C55000ADF80400BDF8040098BF052808D8BDF860
:10C5600004000130ADF80400BDF804000628DAD359
:10C570004FF4007101222046F7F72AFD0020ADF8A4
:10C580000600BDF80610052924D8BDF806100131B3
:10C59000ADF80610BDF8061005291BD8BDF8061029
:10C5A0000131ADF80610BDF8061005299FBFBDF892
:10C5B00006100131ADF80610BDF8061098BF052928
:10C5C00008D8BDF806100131ADF80610BDF8061008
:10C5D0000629DAD3ADF80600BDF80600052824D8F0
:10C5E000BDF806000130ADF80600BDF806000528CC
:10C5F0001BD8BDF806000130ADF80600BDF80600F6
:10C6000005289FBFBDF806000130ADF80600BDF853
:10C61000060098BF052808D8BDF806000130ADF81F
:10C620000600BDF806000628DAD30020ADF80600A3
:10C63000BDF80610052924D8BDF806100131ADF863
:10C640000610BDF8061005291BD8BDF806100131EB
:10C65000ADF80610BDF8061005299FBFBDF80610FD
:10C660000131ADF80610BDF8061098BF052908D8AD
:10C67000BDF806100131ADF80610BDF80610062908
:10C68000DAD3ADF80600BDF80600052824D8BDF8B9
:10C6900006000130ADF80600BDF8060005281BD8DD
:10C6A000BDF806000130ADF80600BDF8060005280B
:10C6B0009FBFBDF806000130ADF80600BDF80600CA
:10C6C00098BF052808D8BDF806000130ADF806006F
:10C6D000BDF806000628DAD30020ADF80600BDF844
:10C6E0000610052924D8BDF806100131ADF8061052
:10C6F000BDF8061005291BD8BDF806100131ADF8AC
:10C700000610BDF8061005299FBFBDF806100131BF
:10C71000ADF80610BDF8061098BF052908D8BDF879
:10C7200006100131ADF80610BDF806100629DAD35F
:10C73000ADF80600BDF80600052824D8BDF80600AF
:10C740000130ADF80600BDF8060005281BD8BDF87D
:10C7500006000130ADF80600BDF8060005289FBFB1
:10C76000BDF806000130ADF80600BDF8060098BF20
:10C77000052808D8BDF806000130ADF80600BDF860
:10C7800006000628DAD30020ADF80600BDF8061032
:10C79000052924D8BDF806100131ADF80610BDF802
:10C7A000061005291BD8BDF806100131ADF806109A
:10C7B000BDF8061005299FBFBDF806100131ADF880
:10C7C0000610BDF8061098BF052908D8BDF8061058
:10C7D0000131ADF80610BDF806100629DAD3ADF820
:10C7E0000600BDF80600052824D8BDF80600013073
:10C7F000ADF80600BDF8060005281BD8BDF80600F8
:10C800000130ADF80600BDF8060005289FBFBDF851
:10C8100006000130ADF80600BDF8060098BF0528F7
:10C8200008D8BDF806000130ADF80600BDF80600D6
:10C830000628DAD302B0B0BD70B582B040F2004431
:10C840004FF40071C5F6020401222046F7F7C0FB41
:10C850000020ADF80000BDF80010052924D8BDF86F
:10C8600000100131ADF80010BDF8001005291BD8EB
:10C87000BDF800100131ADF80010BDF80010052919
:10C880009FBFBDF800100131ADF80010BDF80010D9
:10C8900098BF052908D8BDF800100131ADF8001087
:10C8A000BDF800100629DAD3ADF80000BDF800008D
:10C8B000052824D8BDF800000130ADF80000BDF80F
:10C8C000000005281BD8BDF800000130ADF80000BD
:10C8D000BDF8000005289FBFBDF800000130ADF88D
:10C8E0000000BDF8000098BF052808D8BDF800007A
:10C8F0000130ADF80000BDF800000628DAD30020B2
:10C90000ADF80000BDF80010052924D8BDF80010CE
:10C910000131ADF80010BDF8001005291BD8BDF895
:10C9200000100131ADF80010BDF8001005299FBFBF
:10C93000BDF800100131ADF80010BDF8001098BF2F
:10C94000052908D8BDF800100131ADF80010BDF878
:10C9500000100629DAD3ADF80000BDF80000052864
:10C9600024D8BDF800000130ADF80000BDF800008B
:10C9700005281BD8BDF800000130ADF80000BDF857
:10C98000000005289FBFBDF800000130ADF8000091
:10C99000BDF8000098BF052808D8BDF80000013098
:10C9A000ADF80000BDF800000628DAD30020ADF88D
:10C9B0000000BDF80010052924D8BDF80010013191
:10C9C000ADF80010BDF8001005291BD8BDF8001007
:10C9D0000131ADF80010BDF8001005299FBFBDF86A
:10C9E00000100131ADF80010BDF8001098BF052906
:10C9F00008D8BDF800100131ADF80010BDF80010E6
:10CA00000629DAD3ADF80000BDF80000052824D8C7
:10CA1000BDF800000130ADF80000BDF800000528A9
:10CA20001BD8BDF800000130ADF80000BDF80000D3
:10CA300005289FBFBDF800000130ADF80000BDF82B
:10CA4000000098BF052808D8BDF800000130ADF8F7
:10CA50000000BDF800000628DAD30020ADF8000081
:10CA6000BDF80010052924D8BDF800100131ADF83B
:10CA70000010BDF8001005291BD8BDF800100131C9
:10CA8000ADF80010BDF8001005299FBFBDF80010DB
:10CA90000131ADF80010BDF8001098BF052908D885
:10CAA000BDF800100131ADF80010BDF800100629E6
:10CAB000DAD3ADF80000BDF80000052824D8BDF891
:10CAC00000000130ADF80000BDF8000005281BD8BB
:10CAD000BDF800000130ADF80000BDF800000528E9
:10CAE0009FBFBDF800000130ADF80000BDF80000A8
:10CAF00098BF052808D8BDF800000130ADF8000047
:10CB0000BDF800000628DAD34FF4807101222046D8
:10CB1000F7F75EFA0020ADF80200BDF80210052913
:10CB200024D8BDF802100131ADF80210BDF8021092
:10CB300005291BD8BDF802100131ADF80210BDF86F
:10CB4000021005299FBFBDF802100131ADF8021097
:10CB5000BDF8021098BF052908D8BDF802100131B0
:10CB6000ADF80210BDF802100629DAD3ADF80200C4
:10CB7000BDF80200052824D8BDF802000130ADF848
:10CB80000200BDF8020005281BD8BDF802000130E4
:10CB9000ADF80200BDF8020005289FBFBDF80200F5
:10CBA0000130ADF80200BDF8020098BF052808D892
:10CBB000BDF802000130ADF80200BDF80200062801
:10CBC000DAD30020ADF80200BDF80210052924D800
:10CBD000BDF802100131ADF80210BDF802100529B0
:10CBE0001BD8BDF802100131ADF80210BDF80210DB
:10CBF00005299FBFBDF802100131ADF80210BDF844
:10CC0000021098BF052908D8BDF802100131ADF80F
:10CC10000210BDF802100629DAD3ADF80200BDF803
:10CC20000200052824D8BDF802000130ADF802004A
:10CC3000BDF8020005281BD8BDF802000130ADF890
:10CC40000200BDF8020005289FBFBDF802000130B8
:10CC5000ADF80200BDF8020098BF052808D8BDF85D
:10CC600002000130ADF80200BDF802000628DAD358
:10CC70000020ADF80200BDF80210052924D8BDF847
:10CC800002100131ADF80210BDF8021005291BD8C1
:10CC9000BDF802100131ADF80210BDF802100529EF
:10CCA0009FBFBDF802100131ADF80210BDF80210AF
:10CCB00098BF052908D8BDF802100131ADF802105F
:10CCC000BDF802100629DAD3ADF80200BDF8020063
:10CCD000052824D8BDF802000130ADF80200BDF8E7
:10CCE000020005281BD8BDF802000130ADF8020093
:10CCF000BDF8020005289FBFBDF802000130ADF865
:10CD00000200BDF8020098BF052808D8BDF802004F
:10CD10000130ADF80200BDF802000628DAD3002089
:10CD2000ADF80200BDF80210052924D8BDF80210A4
:10CD30000131ADF80210BDF8021005291BD8BDF86D
:10CD400002100131ADF80210BDF8021005299FBF95
:10CD5000BDF802100131ADF80210BDF8021098BF05
:10CD6000052908D8BDF802100131ADF80210BDF850
:10CD700002100629DAD3ADF80200BDF8020005283A
:10CD800024D8BDF802000130ADF80200BDF8020061
:10CD900005281BD8BDF802000130ADF80200BDF82F
:10CDA000020005289FBFBDF802000130ADF8020067
:10CDB000BDF8020098BF052808D8BDF80200013070
:10CDC000ADF80200BDF802000628DAD34FF4007176
:10CDD0002046F7F7F5F805464FF48071002220460B
:10CDE0000026F7F7F5F8002D00F06081ADF804603B
:10CDF000BDF80400052824D8BDF804000130ADF8C2
:10CE00000400BDF8040005281BD8BDF8040001305B
:10CE1000ADF80400BDF8040005289FBFBDF804006C
:10CE20000130ADF80400BDF8040098BF052808D80B
:10CE3000BDF804000130ADF80400BDF80400062878
:10CE4000DAD30020ADF80400BDF80410052924D879
:10CE5000BDF804100131ADF80410BDF80410052927
:10CE60001BD8BDF804100131ADF80410BDF8041052
:10CE700005299FBFBDF804100131ADF80410BDF8BD
:10CE8000041098BF052908D8BDF804100131ADF889
:10CE90000410BDF804100629DAD3ADF80400BDF87B
:10CEA0000400052824D8BDF804000130ADF80400C2
:10CEB000BDF8040005281BD8BDF804000130ADF80A
:10CEC0000400BDF8040005289FBFBDF80400013030
:10CED000ADF80400BDF8040098BF052808D8BDF8D7
:10CEE00004000130ADF80400BDF804000628DAD3D0
:10CEF0000020ADF80400BDF80410052924D8BDF8C1
:10CF000004100131ADF80410BDF8041005291BD838
:10CF1000BDF804100131ADF80410BDF80410052966
:10CF20009FBFBDF804100131ADF80410BDF8041026
:10CF300098BF052908D8BDF804100131ADF80410D8
:10CF4000BDF804100629DAD3ADF80400BDF80400DA
:10CF5000052824D8BDF804000130ADF80400BDF860
:10CF6000040005281BD8BDF804000130ADF804000A
:10CF7000BDF8040005289FBFBDF804000130ADF8DE
:10CF80000400BDF8040098BF052808D8BDF80400C7
:10CF90000130ADF80400BDF804000628DAD3002003
:10CFA000ADF80400BDF80410052924D8BDF804101C
:10CFB0000131ADF80410BDF8041005291BD8BDF8E7
:10CFC00004100131ADF80410BDF8041005299FBF0D
:10CFD000BDF804100131ADF80410BDF8041098BF7D
:10CFE000052908D8BDF804100131ADF80410BDF8CA
:10CFF00004100629DAD3ADF80400BDF804000528B2
:10D0000024D8BDF804000130ADF80400BDF80400D8
:10D0100005281BD8BDF804000130ADF80400BDF8A8
:10D02000040005289FBFBDF804000130ADF80400DE
:10D03000BDF8040098BF052808D8BDF804000130E9
:10D04000ADF80400BDF804000628DAD30020ADF8DE
:10D050000400BDF80400052824D8BDF80400013000
:10D06000ADF80400BDF8040005281BD8BDF8040085
:10D070000130ADF80400BDF8040005289FBFBDF8DD
:10D0800004000130ADF80400BDF8040098BF052885
:10D0900008D8BDF804000130ADF80400BDF8040064
:10D0A0000628DAD3002002B070BD00BFADF80660DC
:10D0B000BDF80600052824D8BDF806000130ADF8FB
:10D0C0000600BDF8060005281BD8BDF80600013093
:10D0D000ADF80600BDF8060005289FBFBDF80600A4
:10D0E0000130ADF80600BDF8060098BF052808D845
:10D0F000BDF806000130ADF80600BDF806000628B0
:10D10000DAD30020ADF80600BDF80610052924D8B2
:10D11000BDF806100131ADF80610BDF8061005295E
:10D120001BD8BDF806100131ADF80610BDF8061089
:10D1300005299FBFBDF806100131ADF80610BDF8F6
:10D14000061098BF052908D8BDF806100131ADF8C2
:10D150000610BDF806100629DAD3ADF80600BDF8B2
:10D160000600052824D8BDF806000130ADF80600F9
:10D17000BDF8060005281BD8BDF806000130ADF843
:10D180000600BDF8060005289FBFBDF80600013067
:10D19000ADF80600BDF8060098BF052808D8BDF810
:10D1A00006000130ADF80600BDF806000628DAD307
:10D1B0000020ADF80600BDF80610052924D8BDF8FA
:10D1C00006100131ADF80610BDF8061005291BD870
:10D1D000BDF806100131ADF80610BDF8061005299E
:10D1E0009FBFBDF806100131ADF80610BDF806105E
:10D1F00098BF052908D8BDF806100131ADF8061012
:10D20000BDF806100629DAD3ADF80600BDF8060011
:10D21000052824D8BDF806000130ADF80600BDF899
:10D22000060005281BD8BDF806000130ADF8060041
:10D23000BDF8060005289FBFBDF806000130ADF817
:10D240000600BDF8060098BF052808D8BDF80600FE
:10D250000130ADF80600BDF806000628DAD300203C
:10D26000ADF80600BDF80610052924D8BDF8061053
:10D270000131ADF80610BDF8061005291BD8BDF820
:10D2800006100131ADF80610BDF8061005299FBF44
:10D29000BDF806100131ADF80610BDF8061098BFB4
:10D2A000052908D8BDF806100131ADF80610BDF803
:10D2B00006100629DAD3ADF80600BDF806000528E9
:10D2C00024D8BDF806000130ADF80600BDF8060010
:10D2D00005281BD8BDF806000130ADF80600BDF8E2
:10D2E000060005289FBFBDF806000130ADF8060016
:10D2F000BDF8060098BF052808D8BDF80600013023
:10D30000ADF80600BDF806000628DAD30020ADF817
:10D310000600BDF80600052824D8BDF80600013037
:10D32000ADF80600BDF8060005281BD8BDF80600BC
:10D330000130ADF80600BDF8060005289FBFBDF816
:10D3400006000130ADF80600BDF8060098BF0528BC
:10D3500008D8BDF806000130ADF80600BDF806009B
:10D360000628DAD3012002B070BD000000000000E2
:10D37000F0B581B040F200440546C5F6020400262F
:10D38000002700BFE8B24FF40071C2092046F6F74B
:10D390001FFEADF80060BDF80000052824D8BDF8D8
:10D3A00000000130ADF80000BDF8000005281BD8D2
:10D3B000BDF800000130ADF80000BDF80000052800
:10D3C0009FBFBDF800000130ADF80000BDF80000BF
:10D3D00098BF052808D8BDF800000130ADF800005E
:10D3E000BDF800000628DAD3ADF80060BDF80000F3
:10D3F000052825D8BDF800000130ADF80000BDF8C3
:10D40000000005281CD8BDF800000130ADF8000070
:10D41000BDF8000005289FBFBDF800000130ADF841
:10D420000000BDF8000098BF052809D8BDF800002D
:10D430000130ADF80000BDF800000628DAD300BFC7
:10D44000ADF80060BDF80000052825D8BDF8000043
:10D450000130ADF80000BDF8000005281CD8BDF86B
:10D4600000000130ADF80000BDF8000005289FBFA6
:10D47000BDF800000130ADF80000BDF8000098BF15
:10D48000052809D8BDF800000130ADF80000BDF84E
:10D4900000000628DAD300BFADF80060BDF8000038
:10D4A000052825D8BDF800000130ADF80000BDF812
:10D4B000000005281CD8BDF800000130ADF80000C0
:10D4C000BDF8000005289FBFBDF800000130ADF891
:10D4D0000000BDF8000098BF052809D8BDF800007D
:10D4E0000130ADF80000BDF800000628DAD300BF17
:10D4F000ADF80060BDF80000052825D8BDF8000093
:10D500000130ADF80000BDF8000005281CD8BDF8BA
:10D5100000000130ADF80000BDF8000005289FBFF5
:10D52000BDF800000130ADF80000BDF8000098BF64
:10D53000052809D8BDF800000130ADF80000BDF89D
:10D5400000000628DAD300BFADF80060BDF8000087
:10D55000052825D8BDF800000130ADF80000BDF861
:10D56000000005281CD8BDF800000130ADF800000F
:10D57000BDF8000005289FBFBDF800000130ADF8E0
:10D580000000BDF8000098BF052809D8BDF80000CC
:10D590000130ADF80000BDF800000628DAD300BF66
:10D5A000ADF80060BDF80000052825D8BDF80000E2
:10D5B0000130ADF80000BDF8000005281CD8BDF80A
:10D5C00000000130ADF80000BDF8000005289FBF45
:10D5D000BDF800000130ADF80000BDF8000098BFB4
:10D5E000052809D8BDF800000130ADF80000BDF8ED
:10D5F00000000628DAD300BFADF80060BDF80000D7
:10D60000052825D8BDF800000130ADF80000BDF8B0
:10D61000000005281CD8BDF800000130ADF800005E
:10D62000BDF8000005289FBFBDF800000130ADF82F
:10D630000000BDF8000098BF052809D8BDF800001B
:10D640000130ADF80000BDF800000628DAD300BFB5
:10D650004FF4807101222046F6F7BAFCADF8026063
:10D66000BDF80200052825D8BDF802000130ADF84C
:10D670000200BDF8020005281CD8BDF802000130E8
:10D68000ADF80200BDF8020005289FBFBDF80200FA
:10D690000130ADF80200BDF8020098BF052809D896
:10D6A000BDF802000130ADF80200BDF80200062806
:10D6B000DAD300BFADF80260BDF80200052825D816
:10D6C000BDF802000130ADF80200BDF802000528E7
:10D6D0001CD8BDF802000130ADF80200BDF8020010
:10D6E00005289FBFBDF802000130ADF80200BDF86B
:10D6F000020098BF052809D8BDF802000130ADF836
:10D700000200BDF802000628DAD300BFADF80260BF
:10D71000BDF80200052825D8BDF802000130ADF89B
:10D720000200BDF8020005281CD8BDF80200013037
:10D73000ADF80200BDF8020005289FBFBDF8020049
:10D740000130ADF80200BDF8020098BF052809D8E5
:10D75000BDF802000130ADF80200BDF80200062855
:10D76000DAD300BFADF80260BDF80200052825D865
:10D77000BDF802000130ADF80200BDF80200052836
:10D780001CD8BDF802000130ADF80200BDF802005F
:10D7900005289FBFBDF802000130ADF80200BDF8BA
:10D7A000020098BF052809D8BDF802000130ADF885
:10D7B0000200BDF802000628DAD300BFADF802600F
:10D7C000BDF80200052825D8BDF802000130ADF8EB
:10D7D0000200BDF8020005281CD8BDF80200013087
:10D7E000ADF80200BDF8020005289FBFBDF8020099
:10D7F0000130ADF80200BDF8020098BF052809D835
:10D80000BDF802000130ADF80200BDF802000628A4
:10D81000DAD300BFADF80260BDF80200052825D8B4
:10D82000BDF802000130ADF80200BDF80200052885
:10D830001CD8BDF802000130ADF80200BDF80200AE
:10D8400005289FBFBDF802000130ADF80200BDF809
:10D85000020098BF052809D8BDF802000130ADF8D4
:10D860000200BDF802000628DAD300BFADF802605E
:10D87000BDF80200052825D8BDF802000130ADF83A
:10D880000200BDF8020005281CD8BDF802000130D6
:10D89000ADF80200BDF8020005289FBFBDF80200E8
:10D8A0000130ADF80200BDF8020098BF052809D884
:10D8B000BDF802000130ADF80200BDF802000628F4
:10D8C000DAD300BFADF80260BDF80200052825D804
:10D8D000BDF802000130ADF80200BDF802000528D5
:10D8E0001CD8BDF802000130ADF80200BDF80200FE
:10D8F00005289FBFBDF802000130ADF80200BDF859
:10D90000020098BF052809D8BDF802000130ADF823
:10D910000200BDF802000628DAD300BF4FF4807180
:10D9200000222046F6F754FB072F0BD0072F07F1F4
:10D9300001074FEA4505FFF425AD01B0BDE8F04011
:10D94000FEF77ABF4FF4007101222046F6F740FB44
:10D9500001B0BDE8F040FEF76FBF0000000000001E
:10D96000B0B50C460546FDF7A3FDFDF7A1FD60200F
:10D97000FFF7FEFC10B12846FFF7FAFC2046FFF740
:10D98000F7FCFEF7C9F90020B0BD00000000000060
:10D99000016840F26F32D1F814C08B6943F008037C
:10D9A0008B618B6943F010038B610B6823F00103DB
:10D9B0000B600B6923EA02020A618A6822F4404282
:10D9C0008A6090F88120042A18BF1CF0200209D038
:10D9D000D0F8842042F08002C0F884208A6942F0A6
:10D9E00020028A6190F88120032A18BF1CF04002AF
:10D9F0000CD15FEA8C5216D45FEACC5220D40021BD
:10DA0000A0F86210A0F86A10704700BFD0F8842018
:10DA100042F00402C0F884208A6942F040028A6120
:10DA20005FEA8C52E8D5D0F8842042F00102C0F8B9
:10DA300084208A6942F400728A615FEACC52DED5A2
:10DA4000D0F8842042F00802C0F884208A6942F4A9
:10DA500080728A610021A0F86210A0F86A107047F5
:10DA6000704700000000000070B540F60005044655
:10DA70000020C5F602050A18D2F8283F012B1CBF6A
:10DA8000D2F82C2F012A05D04030B0F5706FF2D1BA
:10DA900014E000BF4FF6B0609FED281AC2F20000FC
:10DAA00090ED000AB0EEC00AB4EE410AF1EE10FAB1
:10DAB00004DD002084F824001CE000BF012084F86D
:10DAC0002400042101222846F6F782FA01210022CF
:10DAD00028460026F6F77CFA022100222846F6F7AF
:10DAE00077FA082100222846F6F772FAA4F829608E
:10DAF000C4F825600421002228460026F6F768FABB
:10DB000094F82400012818BF70BD04210122284682
:10DB1000F6F75EFA012100222846F6F759FA0221AB
:10DB200000222846F6F754FA082100222846F6F784
:10DB30004FFAA4F82960C4F8256070BDA69B443B49
:10DB4000F6F756BD0000000070B59CB044F618040E
:10DB500040F22C4509A84C21C5F60204C5F6000583
:10DB6000F2F780FE02200026CDE90766CDE90566C2
:10DB7000CDE90366CDE90166F6F70AFE009628684E
:10DB800020F001002860286800F001000090206863
:10DB900040F440402060206800F44040009000982D
:10DBA0002068800409D4206880045CBF20685FEA94
:10DBB000804002D420688004F2D54FF6DC40CFF6D6
:10DBC000FF70215841F002012150205800F002005E
:10DBD0000090009800200090206840F440402060B1
:10DBE000206800F440400090286840F00100286060
:10DBF000286800F00100009000982068800409D493
:10DC0000206880045CBF20685FEA804002D42068FE
:10DC10008004F2D5012009904FF480300A90022050
:10DC20000521CDE912001491C021CDE91510CDE9EF
:10DC3000170009A8082419940025CDE91A55F7F70B
:10DC400013FD28B1EFF3108072B600BFFEE700BFEE
:10DC50003F20019003204FF48061CDE90205402070
:10DC60000494CDE90500CDE9071001A80421F7F7D8
:10DC70003FFB28B1EFF3108072B600BFFEE700BF94
:10DC80001CB070BD000000004EF6885042F2000C3F
:10DC9000CEF20000C5F2002C016841F47001016071
:10DCA000DCF8000000F00F00062806D8DCF80000C1
:10DCB000072161F30300CCF8000044F200404EF667
:10DCC0007F52C5F60200CEF6F622016841F001014E
:10DCD00001600021016103681A400260DCF8002045
:10DCE000120706D5DCF80020072363F30302CCF803
:10DCF000002040F200228161C161C0F20222016273
:10DD000082620022C0F2FF12C26240F28022C0F2A0
:10DD10000112026341638263C16302644164026869
:10DD200022F480220260016641F20000C5F6004044
:10DD30000068B1EB507F05D148F208100121C5F20F
:10DD40000010016044F2000043F2D201C5F200204D
:10DD5000016070470000000046F2AC30C2F20000E3
:10DD6000F8F796BD0000000046F2F830C2F200005D
:10DD7000F8F78EBD0000000046F24440C2F20000F9
:10DD8000F8F786BD0000000046F29040C2F20000A5
:10DD9000F8F77EBD0000000040F6FF32C4F200023A
:10DDA0009042026810DCB0F1804F1ED040F2004378
:10DDB000C4F20003984218D040F60003C4F20003F6
:10DDC000984212D015E000BF40F60043C4F20003B1
:10DDD00098420AD040F20043C4F20103984204D0B2
:10DDE0000023C4F20103984203D122F070024B6871
:10DDF0001A434FF6FF7343F6FF7CC4F20003C4F2EC
:10DE0000010C984210DD604528DD44F20003C4F2A5
:10DE1000010398422DD044F60003C4F20103984256
:10DE200027D044F2004320E040F2FF73C4F2000325
:10DE3000984207DCB0F1804F1BD040F20043C4F29F
:10DE4000000314E040F60003C4F20003984210D02F
:10DE500040F60043C4F2000309E000BF0023C4F20F
:10DE60000103984205D040F20043C4F201039842F6
:10DE700003D122F44072CB681A4310B522F080021D
:10DE8000D1F800E04C698B6822430260C3626045B0
:10DE9000C0F828E0BDE8104012DD44F20002C4F2F0
:10DEA0000102904217D044F60002C4F201029042EF
:10DEB00011D044F20042C4F2010290420BD00CE0B7
:10DEC0000022C4F20102904205D040F20042C4F2A6
:10DED0000102904201D10969016301214161016997
:10DEE000C90708BF7047016921F00101016170474E
:10DEF000FEE70000000000002DE9F04F93B012F0A3
:10DF00001F074FF0FF3606FA07F76FEA070708BF4B
:10DF10004FF0FF37012B0D97CDE90401C0F21282BB
:10DF200002F11F0001214FEA601800F01F00A3F169
:10DF3000010B01FA00F0B8F1000F4FEA88066FEA12
:10DF4000000002900896CDE9063B40F31D81B8F130
:10DF5000010001904FF0FF310D9808BF0146059870
:10DF6000CDF83C8003910021043012900498119068
:10DF700019E000BF0A9A099921F00101089D02EBFE
:10DF800088001160029A50F8041C114040F8041CEB
:10DF9000069B0C9912989942284412901198284493
:10DFA000119000F0CF81481E4E1C00FB08F54FF089
:10DFB000FF329E4201FB08FCB8BF3246049F8842F4
:10DFC00002FB08F007EB850428BF00240B91002119
:10DFD0000C969E42B8BF07EB800107EB8C021091B4
:10DFE00041465CB10129216820D1166800204FF01C
:10DFF000000E0025109B73B920E000BF16680020BA
:10E0000001294FF000014FF0000E4FF00005109B6A
:10E010000FD100BF93B1B3FA83F280F0010052092F
:10E02000104318680BD15B680AE000BF606816688F
:10E03000109B864655680120002BECD10020002360
:10E040004FEACE72DDF83C8042EA51023143EF07DD
:10E05000B8F1010F47EA560742EA41024FEAC37698
:10E0600042EA070246EA5006059B42EA400242EABB
:10E07000060203EB8C0341EA020140EA0100039926
:10E0800000EA01001860CDE909030DD10B9907984A
:10E09000002918BF81427FF46DAF089D0A98294678
:10E0A000F2F7E0FB74E700BF00260221DDF804B0C0
:10E0B0000E943CE04FF000084FF0000900274FEAB3
:10E0C0004A02BBF1010F42EAD37201F101014FEAAA
:10E0D000C07343EA5A034FEA4E0042EA030240EAA1
:10E0E000DC704FEAC57540EA020045EA5E054FEA7A
:10E0F000480440EA050044EAD9734FEAC77240EA8F
:10E10000030042EA580240EA02000D9A40EA0A007F
:10E1100040EA0E0040EA080008BF1040129ABBF126
:10E12000010BDDE90E48905106F10406AED03CB17A
:10E13000A0194145A359D0F804A004DA806803E08F
:10E140004FF0000A00230020119F414507EB060213
:10E1500057F806C0D2F804E004DA9568109F2FB98A
:10E16000A8E700BF0025109F002FA3D0BA1944468E
:10E1700057F80690002FD2F804804FF000079ED089
:10E18000A142B8BF97689AE7059831461F46F2F753
:10E1900069FB012F00F0D680B81E3A4603280BF029
:10E1A000030405D20127002C40F09680CAE000BF8E
:10E1B00008EB88006FF003010D944FEA081401EB9F
:10E1C00080000E9008EB4800CDF83C8085004FF0B1
:10E1D00001094FEAC8034FF000084FF0020A059FFB
:10E1E0002BF0030111911095129313E058460899F2
:10E1F000F2F738FB08F104081198129B80450AF1E8
:10E20000040A09F104095F46089EDDE9062B2C4645
:10E21000109D5BD0524507EB060027D13146F2F73F
:10E2200021FB129B09F10100584507EB03002ED09A
:10E2300001687A1921F00101016052F8040C029979
:10E24000084042F8040C09F10200584507EB0500AC
:10E2500026D001683A1921F00101016052F8040C3E
:10E260000299084042F8040C1DE000BF0168FA184A
:10E2700021F00101016052F8040C0299084042F8B3
:10E28000040C09F10100584507EB0300D0D13146D9
:10E29000F2F7E8FA09F10200584507EB0500D8D17A
:10E2A0003146F2F7DFFA09F103002546584507EB3E
:10E2B000040B9BD00E9ADBF8000020F00100CBF895
:10E2C00000000299B8580840B85093E7AAF1010736
:10E2D000DDF83C800D9CACB307FB08F005995F4569
:10E2E00001EB800006D13146F2F7BCFA012C29D0AF
:10E2F0000EE000BF016800EB880221F0010101601F
:10E3000052F8040C0299084042F8040C012C19D070
:10E31000781C00FB08F15845059800EB810003D1FB
:10E320003146F2F79FFA0BE0016800EB880221F01A
:10E330000101016052F8040C0299084042F8040CF3
:10E34000022C03D113B0BDE8F08F00BFB81C00FB56
:10E3500008F15845059800EB810005D13146F2F7E8
:10E3600081FA13B0BDE8F08F016800EB880221F05C
:10E370000101016052F8040C0299084042F8040CB3
:10E3800013B0BDE8F08F00002DE9F04346F2DC4009
:10E3900045F24021C2F200004BF6FC4C08444FF617
:10E3A0000061CFF6FF71C2F2000C4FF0010E4FF08A
:10E3B00002084FF0030904240CEB010501F500717C
:10E3C000B1F5E05FB5F90262B5F90472B5F906225C
:10E3D000B5F90832064407440244034486F824E5AC
:10E3E000B5F9426287F8248582F82495B5F944226C
:10E3F00083F8244500EB06030244B5F9466283F82E
:10E4000068E4B5F9483282F8688400EB06020344F8
:10E41000B5F9826282F86894B5F9842283F8684479
:10E4200000EB06030244B5F9866283F8ACE3B5F964
:10E43000883282F8AC8300EB06020344B5F9C2626D
:10E4400082F8AC93B5F9C42283F8AC4300EB060321
:10E450000244B5F9C66283F8F0E2B5F9C83282F831
:10E46000F08200EB06020344B5F9026382F8F092F1
:10E47000B5F9042383F8F04200EB06030244B5F932
:10E48000066383F834E2B5F9083382F8348200EB8E
:10E4900006020344B5F9426382F83492B5F9442385
:10E4A00083F8344200EB06030244B5F9466383F86F
:10E4B00078E1B5F9483382F8788100EB060203442D
:10E4C000B5F9826382F87891B5F9842383F87841AD
:10E4D00000EB06030244B5F9866383F8BCE0B5F9A6
:10E4E000883382F8BC8000EB06020344B5F9C263AE
:10E4F00082F8BC90B5F9C42383F8BC40B5F9C633A3
:10E50000B5F9C85300F806E000F8028000F803905F
:10E510004455A0F5BC607FF44FAFBDE8F083000028
:10E520002DE9F04F93B012F01F074FF0FF3606FAB7
:10E5300007F76FEA070708BF4FF0FF37012B0D976A
:10E54000CDE90501C0F2128202F11F0001214FEA5C
:10E55000601800F01F005C1E01FA00F0B8F1000F17
:10E560004FEA880B6FEA00000290CDF84880CDE9B1
:10E57000073B40F31D81B8F1010001900D984FF069
:10E58000000118BF6FF00100049403900698043056
:10E5900011900598109018E00A9A099921F001014C
:10E5A000089C02EB88001160029A50F8041C11408C
:10E5B00040F8041C079B0C99119899422044119033
:10E5C00010982044109000F0D181481E4D1C00FB93
:10E5D00008F42A469D4201FB08FCA8BF4FF0FF3219
:10E5E000059E884202FB08F006EB840728BF00273F
:10E5F0000B9100210C959D42B8BF06EB800106EB04
:10E600008C020F9157B1B8F1010F3E681ED111680D
:10E610000020002400250F9B73B91FE01168002023
:10E62000B8F1010F4FF000064FF000044FF0000565
:10E630000ED100BF0F9B8BB1B3FA83F280F00100C3
:10E640005209104318680AD15B6809E078681168BC
:10E650000446556801200F9B002BEDD100200023BC
:10E66000E207039C42EA5602B8F1010F04EA4604AD
:10E670004FEAC57502EA040245EA510502EA410281
:10E680004FEAC37302EA050243EA500302EA40027A
:10E6900002EA0302069B02EA060203EB8C0301EA8C
:10E6A000020100EA0100CDE9090318600CD10B99C1
:10E6B0000498002918BF81427FF46EAF089C0A9825
:10E6C0002146F2F7CFF875E700260221DDF804B005
:10E6D0000E973DE04FF000084FF0000E00274FEA84
:10E6E0004A02BBF1010F42EAD37201F101014FEA84
:10E6F000C4730D9C08BF224043EA5A03BBF1010BCF
:10E700004FEA490002EA030240EAD5704FEACC75AD
:10E7100000EA020045EA59054FEA480400EA05000C
:10E7200044EADE734FEAC77200EA030042EA580285
:10E730000E9F00EA0200119A00EA0A0000EA0900AE
:10E7400000EA0800905106F10406DDF84880AED0DA
:10E7500047B1B8194145BB59D0F804A005DA84681F
:10E7600004E000BF4FF0000A00230024109A414546
:10E7700002EB06009559D0F8049005DAD0F808C0ED
:10E780000F9830B9A6E700BF4FF0000C0F98002893
:10E79000A0D0821950F806E000284FF00007D2F808
:10E7A00004809CD012988142B8BF976897E700BF59
:10E7B000069859461E46F2F755F8012E00F0D6800D
:10E7C000B01E3246032804F0030705D20126002FAD
:10E7D00040F09680CAE000BF08EB88006FF00301AC
:10E7E0000D974FEA081601EB80000E9008EB4800E9
:10E7F0004FF0010985004FF0020A4FEAC8034FF0BD
:10E800000008069F24F0030110910F95119313E067
:10E8100058460899F2F726F808F104081098119B59
:10E8200080450AF1040A09F104095F462646DDE93C
:10E83000072B2C460F9D5DD0524507EB0B0027D1CF
:10E840005946F2F70FF8119B09F10100A04207EBBE
:10E8500003002ED001687A1921F00101016052F8FD
:10E86000040C0299084042F8040C09F10200A0428D
:10E8700007EB050026D00168BA1921F001010160FB
:10E8800052F8040C0299084042F8040C1DE000BF45
:10E890000168FA1821F00101016052F8040C029994
:10E8A000084042F8040C09F10100A04207EB030004
:10E8B000D0D15946F1F7D6FF09F10200A04207EB8B
:10E8C0000500D8D15946F1F7CDFF09F103002546DF
:10E8D000A042344607EB060B9AD00E9ADBF80000F4
:10E8E00020F00100CBF800000299B8580840B85059
:10E8F00092E700BFAAF10106DDF848800D9FAFB393
:10E9000006FB08F00699A64201EB800006D15946A5
:10E91000F1F7A8FF012F29D00EE000BF016800EB3E
:10E92000880221F00101016052F8040C02990840AC
:10E9300042F8040C012F19D0701C00FB08F1A04212
:10E94000069800EB810003D15946F1F78BFF0BE0ED
:10E95000016800EB880221F00101016052F8040C0B
:10E960000299084042F8040C022F03D113B0BDE80D
:10E97000F08F00BFB01C00FB08F1A042069800EB2E
:10E98000810005D15946F1F76DFF13B0BDE8F08F56
:10E99000016800EB880221F00101016052F8040CCB
:10E9A0000299084042F8040C13B0BDE8F08F000053
:10E9B0002DE9F047B0F90A808446B8F1010F55DB24
:10E9C000B2F902E000274FF4BC7000250023CF5DB0
:10E9D000BEEB070448BF64428442B8BF2046B8BFBC
:10E9E0002B4600EB0E04BC423CDB45F00207FCB2B8
:10E9F000444537DA0E5DBEEB060448BF64428442EC
:10EA0000B8BF2046B8BF3B4600EB0E04B44229DB3A
:10EA100045F00407FCB2444524D20E5DBEEB06046B
:10EA200048BF64428442B8BF2046B8BF3B4600EBB3
:10EA30000E04B44216DB45F00607FCB2444511D281
:10EA40000E5DBEEB060448BF64428442B8BF204658
:10EA5000B8BF3B4600EB0E04B44203DB0835EFB20F
:10EA60004745B4D35FFA83F902E000BF4FF00009D5
:10EA700009F1010E5FFA8EF77446474545DAB2F99F
:10EA800004204FF4BC7075467446CE5D931B48BF9E
:10EA90005B428342B8BF1846B8BF2C468318B342C6
:10EAA00033DBAF1CFBB243452FD2CE5C931B48BF78
:10EAB0005B428342B8BF1846B8BF3C468318B34296
:10EAC00023DB2F1DFBB243451FD2CE5C931B48BFF7
:10EAD0005B428342B8BF1846B8BF3C468318B34276
:10EAE00013DBAF1DFBB243450FD2CE5C931B48BF77
:10EAF0005B428342B8BF1846B8BF3C468318B34256
:10EB000003DB0835EFB24745BFD35FFA84FAB8F1AB
:10EB1000020F4FF0010011DBBCF90030152B0DDBAB
:10EB200011F80A0011F80930C01A052856DB4FF613
:10EB3000C060C2F20000436883600020D645ACF894
:10EB40003E0050D200204D464F19EA1C5245BB787A
:10EB50007E781844A0EB060019D23A79FB786E1D36
:10EB600010445645A0EB030011D2BA79EE1D7B7913
:10EB700056451044A0EB030009D23A7AFB791044C1
:10EB800005F1090208355245A0EB0300DCD311F86A
:10EB90000A3011F809505B1BB3EBC00F80F2808084
:10EBA000D64526D248460AE001EB0E020EF1020ECF
:10EBB00094709B78D370C21C0230524566D20B18F9
:10EBC0005C789A78121B132AEEDCDA7801F80E20B2
:10EBD000BCF80A20023AACF80A20ECE70120D6453E
:10EBE000ACF83E00AED311F80A0011F80950A84263
:10EBF00056D2A8F1010ECE454EDDBC26484600BFD8
:10EC000001EB090511F809706B783B4409F1020723
:10EC1000B3F1BC0448BF6442B442B8BF484677452C
:10EC20003BDAAB78B442EA78B8BF26461A44BB1C3C
:10EC3000B2F1BC0448BF6442B442B8BF3846734521
:10EC40002BDA2A79B4426F79B8BF26463A449F1C22
:10EC5000B2F1BC0448BF6442B442B8BF184677451D
:10EC60001BDAAA79B442EB7907F10209B8BF26464C
:10EC70001A44B2F1BC0348BF5B42B342B8BF1E4660
:10EC8000B8BF3846F145BBDB07E000BFBCF90A80DE
:10EC9000A8F1010ECE45B0DC4846C2B2441C8D5CE2
:10ECA000E0B2ACF80250085C0021BA2888BF01210C
:10ECB000ACF80400B5FA85F042090020CCE90A213D
:10ECC000BDE8F087000000002DE9F04F91B00DF194
:10ECD000040A89468046402150469B461746F1F774
:10ECE000C1FDB9F1000F55D0002F00F0B9804FF0F1
:10ECF000000C0021002003E00131DC44CC454BD264
:10ED00000CFB07F3002608EB430300BF33F8162083
:10ED10005E44BE424FEA922400EB92201AF804505F
:10ED200005F101050AF80450E6D233F816205E44D6
:10ED3000BE424FEA922500EB92201AF8054004F1FA
:10ED400001040AF8054021D233F816205E44BE4281
:10ED50004FEA922500EB92201AF8054004F10104D5
:10ED60000AF8054014D233F816205E44BE4201F181
:10ED700004014FEA922500EB92201AF8054004F1B5
:10ED800001040AF80540C1D3B7E700BF0231B4E778
:10ED90000331B2E70020002189B29FED3E1A00EE58
:10EDA000101AB7EE002AB0EE413A002200230025E7
:10EDB000B8EE400B4FF0000C002606E0B0EE443AEF
:10EDC000944615460132402A43D01AF80270B0EE3C
:10EDD000416A3B4402FB07669FB204EE107A05EEDF
:10EDE000106A002FA1EB0707B8EE444BB8EE455B65
:10EDF00085EE045BB7EEC55B01FE055A012F0CDB07
:10EE0000841B07EE107A06EE104AB8EE477BB8EE88
:10EE1000466B86EE076BB7EEC66B84EE004B35EEA5
:10EE2000465AB7EEC44B32EE447A27EE044A24EE3B
:10EE3000054A25EE044AB4EE434AF1EE10FABDDC71
:10EE4000B4EE434AF1EE10FA08BF15460132402AEB
:10EE5000BBD1E8B250FA8CF0400011B0BDE8F08FA1
:10EE60000BEB0B02002702EB0B0303EB0B0C00BFB9
:10EE70000BEB070048454FF000008CD2D1194945F3
:10EE800089D2D9194945BFF486AF674400214F455F
:10EE9000EED381E7000000002DE9F04381B04FF68A
:10EEA000C06C8946C2F2000C097880469CF800408C
:10EEB000A14200F10C014FF0000001D908700120BF
:10EEC000002501E0BB2D15D019F8057009EB0506EA
:10EED0000135A74202D97378A34204D3A742F1D2E5
:10EEE0007378A342EED915280DD80D5401309CF843
:10EEF0000040E7E799F8BB30A34204D915289EBF2C
:10EF0000BB230B540130B8F80040A4F115034E2B7D
:10EF1000C3B2A8F80A3026D80D281BD300254FF01D
:10EF2000000E03E0AB1CDDB2854215D24E5DBB2E58
:10EF3000F8D819F90630B3F1FF3FF3DC4B195B78D1
:10EF40009B1B023BDBB20B2BECD80EF1010ECCF875
:10EF50002040E7E7002004E05FFA8EF0062802D99F
:10EF6000012088F830004046FFF722FDB8F9020082
:10EF7000B8F90410084400EBD07100204908A8F843
:10EF8000061001B0BDE8F0832DE9F04786B04FF6DA
:10EF9000C0620E78C2F2000200238646E946157868
:10EFA0000022ADF81430CDE90333CDE901330093ED
:10EFB000AE4288BF012201E0BB2B13D0CC5CCE183F
:10EFC0000133AC4202D97078A84204D3AC42F3D2E8
:10EFD0007078A842F0D9D6B2162E27D2013209F89D
:10EFE0000630E9E791F8BB00A84206D9D1B215294D
:10EFF0009EBFBB2009F8010001325FFA82F8AEF82B
:10F000000A80B8F10A0F13D2B8F1000F26D0A8F188
:10F0100001000122B8F1070F02EB500202F0030CCD
:10F0200020D20022002300244AE000BFAEF80A608C
:10F030005FFA82F8002309EB080019F80310AEF814
:10F04000021010F8010CAEF8040001440020490839
:10F05000AEF8061006B0BDE8F08700BF4FF000081C
:10F06000E8E700BF22F0030500220023002400BFD0
:10F0700009EB020619F802007178B77896F804A037
:10F08000081AF178A042C4BF04461346C81B717920
:10F09000A042C8BF0446A1EB0A00C8BF931CF17987
:10F0A000A042B679C8BF0446A1EB0600C8BF131D35
:10F0B000A042C4BF0446931D043D02F10802D7D10B
:10F0C000BCF1000FB7D009EB020019F8021040782C
:10F0D000451AA542C8BF1346BCF1010FABD0901C26
:10F0E000A54209EB000119F800604978C8BF2C4619
:10F0F0008D1BA542C8BF0346BCF1020F9BD0101D5B
:10F10000A54209EB000119F800204978C8BF2C4638
:10F11000891AA142C8BF03468DE700000000000025
:10F1200086B04EF660704FF6B452CEF20000CFF6C5
:10F13000FF728158890312D4BFF34F8FBFF36F8FD3
:10F14000002140F8101CBFF34F8FBFF36F8F815821
:10F1500041F400318150BFF34F8FBFF36F8F81585F
:10F16000C90361D44FF624610022CFF6FF71012755
:10F1700043F6E07B42504FF62061CFF6FF71BFF3BC
:10F180004F8F4158CB08C1F3C905C1F34E326E1EF3
:10F1900007EBD101A5F1020A9F0701F003014FEA35
:10F1A00086794FEA8A730593EB1E049304E000BF4F
:10F1B000002AA2F1010229D00BEA42142B4679B1B0
:10F1C000012947EA04030360334609D0022949EACA
:10F1D00004030360534603D0059B23430360049B51
:10F1E000032DE5D344EA8374013304F1404C84F0E9
:10F1F000004E04F1804800BF043B0460C0F800C02A
:10F20000C0F800E0C0F80080F6D1D1E74FF6B45264
:10F21000CFF6FF72BFF34F8F815841F48031815098
:10F22000BFF34F8FBFF36F8F40F60004C5F60204A3
:10F23000F5F7EEF940F21000C2F20000F9F77CF9A0
:10F240000120F9F781F9FEF77FFCF9F7C1F9F9F729
:10F25000A3F9F9F7CDFAF9F77FF9F9F715FCF9F702
:10F26000F7FAF9F7A9FBF9F7DBFBF9F735FCF9F742
:10F2700087FAF8F789FAF9F77BFC4FF0105042F65D
:10F280001041F9F75DFC46F2AC303C21C2F20000BF
:10F29000F7F79AFA46F2F8303C21C2F20000F7F78D
:10F2A00093FA46F24440C2F20000F7F769F8DFED46
:10F2B000DC0AB7EE080AB0EE601A46F2F000C2F2BD
:10F2C000000000F089FD40F22C0740F29005C2F2E8
:10F2D0000007C2F2000546F2181097ED000AD5EDBE
:10F2E000010A95ED021AC2F2000000F075FD00F06F
:10F2F000D7FB4FF6C066C2F200063046F2F784F93B
:10F30000012100222046F4F763FE0221002220465C
:10F31000F4F75EFE042100222046F4F759FE08218E
:10F3200000222046F4F754FE00F0BAFC97ED000AE4
:10F33000AF20B7EEC00A4FF4967105220123F8F70B
:10F34000BBF995ED010AAF20B7EEC00A4FF4A071EA
:10F3500005220123F8F7B0F995ED020AAF20B7EEC8
:10F36000C00A4FF4AA7105220123F8F7A5F92A7DF6
:10F37000002014210523F8F7D3F9EA7C0020282186
:10F380000523F8F7CDF9AA7C00203C210523F8F7E6
:10F39000C7F96A7C002050210523F8F7C1F9102134
:10F3A0002046F4F70DFE0028C0D146F29044C2F288
:10F3B00000042046F6F7E4FF2046F6F7E1FF40F2AE
:10F3C000A80846F2DC474BF6FC454FF6B06440F225
:10F3D0001C094DF6E04A4FF6885BC2F20008C2F203
:10F3E0000007C2F20005C2F200049FED8D8AC2F24E
:10F3F0000009C2F2000ACFF6FF7BBAE096F82A00B5
:10F40000002846F2F000C2F2000040F0FF80B0EEAB
:10F41000480A2946324600F087FF96F82720FA204E
:10F42000FA210523F8F77CF996F82620FA204FF404
:10F4300087710523F8F774F996F82520FA204FF420
:10F4400091710523F8F76CF996F82420FA204FF40F
:10F450009B710523F8F764F93278FA204FF4AF7105
:10F460000523F8F75DF996F82B2000204FF4D771AB
:10F470000523F8F755F996F82C2000204FF4E17198
:10F480000523F8F74DF996F82920FA204FF4B971C1
:10F490000523F8F745F996F82820FA204FF4C371B0
:10F4A0000523F8F73DF9D9F8002064204FF4C8711E
:10F4B0000523F8F735F9DAF8002064204FF4D2710B
:10F4C0000523F8F72DF946F218104FF4DC71C2F25B
:10F4D0000000052390ED030A6420BDEEC00A10EE83
:10F4E000102AF8F71DF946F2F0004FF4E671C2F267
:10F4F0000000052390ED030A6420BDEEC00A10EE63
:10F50000102AF8F70DF9B6F93620AF204FF4D27172
:10F510000523F8F705F9B6F93020AF204FF4DC7178
:10F520000523F8F7FDF8B6F936004FF4E671052328
:10F5300005EB801030F90B20AF20F8F7F1F840F21E
:10F540002C004FF4F071C2F200000522012390ED6F
:10F55000000AAF20B7EEC00AF8F7AEF894ED000A43
:10F56000FA20B7EEC00A4FF4CD7105220323F8F755
:10F57000A3F898F8000001287FF44FAF002088F826
:10F5800000004DF600303C21C2F20000BC220A23EC
:10F59000806FFFF799FBC1B23070B42902D9B42053
:10F5A00003E000BF952901D896203070F1F758FF8D
:10F5B00040F2D000BC217822C2F200003B4600F0AD
:10F5C00033F800F0D5FCB6F930102846F9F7D8FC2E
:10F5D000BC2278232046294684EC030AF9F794FCE0
:10F5E000FEF7D2FE78220092BC200190002000217C
:10F5F000BC2302923A4600F073FD96F824000128DD
:10F6000004BF96F8290000283FF4F8AE96F82700CA
:10F61000012846F21810C2F200003FF4F8AEFCE6F2
:10F6200000000000000000002DE9F04F87B089467F
:10F6300011F01F014FF0FF3707FA01F109F11F0721
:10F640006FEA01054FEA671608BF4FF0FF35012A40
:10F65000039200930696C0F2DC80012EC0F27E80F9
:10F6600000240127022201300590019511E000BF1E
:10F6700001EB8600029C0134019D50F8041C039BA1
:10F6800029409C4240F8041C05984844059000F02D
:10F69000C08004FB06F04DF6F041C2F20001029476
:10F6A000002401EB80010020049106E04FF0000CE3
:10F6B00041F820C00130B042DAD04C45F6DA059965
:10F6C0004FF0000E01EB040A4FF0000C0AEB0E069F
:10F6D00004EB0E0B07FA0EF10BF1010816F8013CD2
:10F6E000002B18BF4CEA010CC8452DDA1AF80E1091
:10F6F00002FA0EF50BF10203002918BF4CEA050CC3
:10F700004B451FDA7178042303FA0EF50BF103035E
:10F71000002918BF4CEA050C4B4513DAB1780823D1
:10F7200003FA0EF300290EF103010EF1040E18BFC7
:10F730004CEA030C1E290EEB040601D84E45C5DB2E
:10F74000344602E01C4600E04446069E049941F817
:10F7500020C00130B042B0D18AE700BF039804282E
:10F7600000F0030C02D200212A4628E04FF6FC717B
:10F770003301C7F6FF712A4600EA010E4DF6F0404C
:10F78000C2F2000006EB4601071F8C00002100BFFB
:10F7900057F826500431154047F8265057F8365090
:10F7A000F818154047F836503D598E4505EA0205D0
:10F7B0003D51FD5805EA0205FD500746E8D1BCF170
:10F7C000000F26D017464DF6F04201FB06F0C2F2BC
:10F7D000000202EB8602BCF1010FA2F1040252F812
:10F7E000203003EA070342F8203012D0481CBCF155
:10F7F000020F06FB00F052F8203003EA070342F83C
:10F80000203006D0881C704352F82010394042F84E
:10F8100020104EF630054DF6F040C2F20005039C74
:10F82000C2F2000029464A462346FEF779FE4FF20F
:10F8300070372846C2F200074A4639462346FEF78B
:10F840005BFB384629464A462346FEF755FB2846C9
:10F8500039464A462346FEF763FE012CA8BF012E17
:10F8600002DA07B0BDE8F08F0098002100F1010A2C
:10F8700006E000BF0599CA44013103988142F0D0E7
:10F8800001FB06F005914FF270314FF0000CC2F20F
:10F890000001002301EB800E06E000BF2B46069E10
:10F8A0000CF1010CB445E5D04B45F9DA5EF82CB00B
:10F8B0000AEB0301002200BF2BFA02F09F1810F0A0
:10F8C000010801EB020607F1010518BF4FF0FF38F0
:10F8D0004D4506F8018CE1DAC0F34004BD1C002C54
:10F8E00018BF4FF0FF344D458C54D7DAC0F3800475
:10F8F000FD1C002C18BF4FF0FF344D457470CDDA5D
:10F90000C0F3C000D41C002802F1040218BF4FF05D
:10F91000FF301E2CB07002EB030001D84845CBDB52
:10F920000346BCE70000000010B52DED028B044635
:10F9300000F02AF994ED031A94ED080A94ED052AD3
:10F9400031EE021A84ED051A94ED051AB4EE401A50
:10F95000F1EE10FA0ADCB1EE400A94ED051AB4EEAD
:10F96000401AF1EE10FAA8BF94ED050A84ED050ADD
:10F970009FED498A94ED030A94ED041A30EE410A92
:10F9800084ED060A94ED000A94ED031A94ED012A21
:10F9900094ED053A22EE032AA0EE012A94ED020A24
:10F9A00094ED061AA0EE012A94ED090AB1EE401A70
:10F9B00082FE011AB4EE402AF1EE10FA30FE010A7E
:10F9C00084ED070AE068206194ED070A40F21C000C
:10F9D00030EE080AC2F20000BDEEC00A10EE101AA6
:10F9E00000F082F894ED031A94ED080A94ED052ACC
:10F9F00031EE021A84ED051A94ED051AB4EE401AA0
:10FA0000F1EE10FA0ADCB1EE400A94ED051AB4EEFC
:10FA1000401AF1EE10FAA8BF94ED050A84ED050A2C
:10FA200094ED030A94ED041A30EE410A84ED060ABF
:10FA300094ED000A94ED031A94ED012A94ED053A31
:10FA400022EE032AA0EE012A94ED020A94ED061A92
:10FA5000A0EE012A94ED090AB1EE401A82FE011AC5
:10FA6000B4EE402AF1EE10FA30FE010A84ED070AE6
:10FA7000E068206194ED070A4DF6E04038EE400A58
:10FA8000C2F20000BDEEC00A10EE101ABDEC028BEF
:10FA9000BDE8104000F028B800002A430000000034
:10FAA00010B540F200444FF40051C5F602040022A4
:10FAB0002046F4F78DFA4FF4805101222046F4F7E6
:10FAC00087FA46F260340021C2F200042046F7F7BC
:10FAD0002FFA08212046F7F72BFABDE8104000F076
:10FAE00053B800000000000010B5A1F2E9326FF435
:10FAF000FA639A4244D30160027B012A14D0002A9F
:10FB000018BF10BD40F200430C460029C5F60203A1
:10FB10001AD4012101714FF4805101221846F4F7E3
:10FB200057FA3C2026E000BF40F200430C46002973
:10FB3000C5F6020314D4012101714FF400510022D3
:10FB40001846F4F745FA14E0002101714FF4805192
:10FB500000221846F4F73CFA64423C200AE000BF59
:10FB6000002101714FF4005101221846F4F730FAD8
:10FB70006442342046F26031C2F2000109680C5040
:10FB800010BD000000000000B0B540F21C000021D4
:10FB9000C2F2000040F2004446F26035C5F60204AD
:10FBA0000160C2F20005017B01290BD0B1B901212E
:10FBB00001714FF4805101222046F4F709FA3C20EC
:10FBC00009E000BF012101714FF4005100222046DD
:10FBD000F4F7FEF93420296800220A504DF6E0407F
:10FBE0000021C2F200000160017B012910D0002930
:10FBF00018BFB0BD012101714FF480510122204690
:10FC0000F4F7E6F93C20296800220A50B0BD00BF95
:10FC1000012101714FF4005100222046F4F7D8F978
:10FC20003420296800220A50B0BD00000000000006
:10FC300080B586B00DF1120000900620019046F2CA
:10FC40008420D021C2F20000432201234FF0FF0C98
:10FC5000CDF808C0F4F764FBBDF8120040F2C4020E
:10FC6000C2F20002BDF8141000BA000C108009BAEC
:10FC7000BDF81600090C518000BA000C908006B047
:10FC800080BD00000000000000EE100A9FED031A86
:10FC9000B8EEC00A80EE010A704700BF33338341DB
:10FCA0002DE9F04184B0F8F76BFD6420F3F7CCFF49
:10FCB00046F284286B20C2F20008ADF80E000DF168
:10FCC0000E02D0210223404600258DF80D50FF265C
:10FCD0000096F4F739FA40F21970ADF80E000DF104
:10FCE0000E02D021022340460096F4F72DFA012798
:10FCF0000DF10D04FF2D6BD8D021192201234046B0
:10FD000001350296CDE90047F4F70AFB0A20F3F724
:10FD10009BFF9DF80D000728ECD146F284246B2050
:10FD2000C2F20004ADF80E000DF10E02D021022344
:10FD30002046FF250095F4F707FA40F21970ADF858
:10FD40000E000DF10E02D021022320460095F4F79B
:10FD5000FBF940F21A40ADF80E000DF10E02D02171
:10FD6000022320460095F4F7EFF941F61B00ADF8A9
:10FD70000E000DF10E02D021022320460095F4F76B
:10FD8000E3F941F21C00ADF80E000DF10E02D02196
:10FD9000022320460095F4F7D7F96A20ADF80E004B
:10FDA0000DF10E02D021022320460095F4F7CCF984
:10FDB00040F23720ADF80E000DF10E02D0210223E3
:10FDC00020460095F4F7C0F9002004B0BDE8F081AA
:10FDD000012004B0BDE8F08180ED000A0021C0EDF3
:10FDE000010A80ED021AC160016141618161C16156
:10FDF0000021C4F29631C0E90811704700000000EC
:10FE000010B52DED028B90ED031A90ED080A90EDE0
:10FE1000052A044631EE021A80ED051A90ED051A06
:10FE2000B4EE401AF1EE10FA0ADCB1EE400A94ED9D
:10FE3000051AB4EE401AF1EE10FAA8BF94ED050AC7
:10FE400084ED050A9FED498A94ED030A94ED041AA6
:10FE500030EE410A84ED060A94ED000A94ED031A8F
:10FE600094ED012A94ED053A22EE032AA0EE012A30
:10FE700094ED020A94ED061AA0EE012A94ED090A07
:10FE8000B1EE401A82FE011AB4EE402AF1EE10FAE9
:10FE900030FE010A84ED070AE068206194ED070A4C
:10FEA00040F21C0030EE080AC2F20000BDEEC00AAB
:10FEB00010EE101AFFF718FE94ED031A94ED080ADD
:10FEC00094ED052A31EE021A84ED051A94ED051A17
:10FED000B4EE401AF1EE10FA0ADCB1EE400A94EDED
:10FEE000051AB4EE401AF1EE10FAA8BF94ED050A17
:10FEF00084ED050A94ED030A94ED041A30EE410AEC
:10FF000084ED060A94ED000A94ED031A94ED012A9B
:10FF100094ED053A22EE032AA0EE012A94ED020A9E
:10FF200094ED061AA0EE012A94ED090AB1EE401AEA
:10FF300082FE011AB4EE402AF1EE10FA30FE010AF8
:10FF400084ED070AE068206194ED070A4DF6E04071
:10FF500038EE400AC2F20000BDEEC00A10EE101AE0
:10FF6000BDEC028BBDE81040FFF7BEBD000048436A
:10FF70002DE9F0414BF6FC484FF4F051C2F2000875
:10FF80004046F0F76FFC40F2D00745F2B830C2F2BD
:10FF9000000708F5A07539182846FEF7F5FF45F269
:10FFA000744008F58076391830462A46FEF774FF0B
:10FFB00045F2305008F1C005391828463246FEF7A0
:10FFC0006BFF45F2EC5008F18006391830462A469E
:10FFD000FEF762FF45F2A86008F14005391828468F
:10FFE0003246FEF759FF45F264702A4639184046FA
:10FFF000FEF752FF45F2FC204FF6C0663D1808F5AB
:020000040801F1
:10000000C0700627C2F20006044600BFA0F14002FD
:10001000294624F8407BFEF73FFF77600137732FB6
:10002000A5F1BC052046F1D196F83A20B58E4FF0E7
:10003000000E6E214FF6F17C002309E0002286F8C5
:100040003A20A6F82B20F1854033B3F5CA5F35D0AE
:1000500008EB0300B0F880726E2FEFD0032A23D292
:100060003AB9B0F8464224B1B0F84052B486358669
:100070002546B0F886027086D0B1421BD01F80B2F0
:1000800022284FF0000086F83A0019D302F1280028
:1000900080B222281CD3A2F10800002280B2604561
:1000A000D2D3A6F82B20CFE7A0F886E2CCE700BF9A
:1000B000013286F83A20F785C6E700BFBDE8F08137
:1000C000012186F82B0086F82C10BDE8F08100BFD6
:1000D0000021012086F82B0086F82C10BDE8F08165
:1000E0002DE9F04F03AF8BB047F8242C1E46D7E91B
:1000F000062947F8282C00EB09023D6A013A92B222
:100100004B19013B9BB2F8F777F941F200004FF42D
:100110000041C5F602000122F3F75AFF072000EB69
:10012000490020F00700ADEB0004A54646F2D820B8
:100130000F21C2F20000C160F5F74EFD002D00F066
:10014000E5802946B9F1000F47F8204C00F0D08037
:1001500009F0030047F81C0C06EB460047F8140CA6
:1001600041F2E448B44629F0030E4FEA860A57F8F4
:10017000200C4FEA460B0022C0F60108043047F875
:10018000340C47E90CE116E038F8100021F81300B0
:1001900046F2D8204A46C2F200006546F8F778F8E1
:1001A00057F8182C57F82C1C0132AC468A4257F8E5
:1001B00030EC00F0AB8057F8280C47F8182CB9F158
:1001C000040F02FB00F0B0FBF1F057F8241C00FB19
:1001D0000C1017D2002457F8201C57F81C2C002AAA
:1001E000D6D004FB0CF2B2FBF9F2825C042A4DD8A3
:1001F00038F8122057F81C3C21F81420012BC7D0E6
:100200004DE000BF002257F8343C002457F8201C72
:1002100009E000BF38F8165004345D80A64552440A
:1002200003F10803D9D0B2FBF9F6865D042E03D89A
:1002300038F8165002E000BF4FF6FF750CEB0206CF
:1002400023F8045CB6FBF9F6865D042E02D838F874
:10025000165001E04FF6FF750BEB020623F8025C27
:10026000B6FBF9F6865D042E02D838F8165001E088
:100270004FF6FF7557F8146C1D801644B6FBF9F65F
:10028000865D042EC6D94FF6FF75C5E74FF6FF729F
:1002900057F81C3C21F81420012B3FF479AF621C65
:1002A00002FB0CF3B3FBF9F3C35C042B0AD838F858
:1002B000133057F81C6C21F81230022E3FF468AF4F
:1002C00009E000BF4FF6FF7357F81C6C21F812309D
:1002D000022E3FF45DAFA31C03FB0CF2B2FBF9F25C
:1002E000805C04287FF650AF4FF6FF704EE700BFEA
:1002F00046F2D82857F8205CC2F2000840460E4665
:1003000029464A46F7F7C4FF711EF7D146F2D821B5
:10031000A7F10C04C2F200010720C8600846A546F8
:10032000BDE8F04FF5F758BC2DE9F04F8DB092F8CD
:100330002430012B40F09C83B1F846C00C90B1F8FA
:10034000862001EE10CAB1F8C6E002EE102AB1F81C
:100350000671B1F84661002AB8EE411AB1F886512B
:10036000B8EE422AB1F8C641B1F8060218BF012220
:1003700031EE021A02EE10EAB1F84632BCF1000F7B
:1003800018BF0132B8EE422ABEF1000F18BF013289
:10039000002F31EE021A02EE107AB1F8867218BF01
:1003A0000132B8EE422A002E18BF0132002D31EE84
:1003B000021A02EE106AB1F8C66218BF0132B8EE36
:1003C000422A002C18BF0132002831EE021A02EE38
:1003D000105AB1F8065318BF0132B8EE422A002B6A
:1003E00018BF0132002F31EE021A02EE104A18BF78
:1003F0000132002EB8EE422A31EE021A02EE100A45
:10040000B1F8460318BF0132B8EE422A002D31EE92
:10041000021A02EE103AB8EE422A31EE021A02EE49
:10042000107AB1F8867318BF0132B8EE422AB1F8DB
:1004300086C7B1F8C637002803EE10CA31EE021A9B
:1004400002EE106A04EE103AB1F8C663B8EE433A11
:10045000B8EE422AB8EE444A18BF013231EE021A11
:1004600002EE105AB1F8065833EE043A0A95002FFE
:10047000B8EE422A04EE105A31EE021A02EE100AC9
:10048000B8EE444AB1F8060418BF0132B8EE422A69
:10049000B1F8465833EE043A089504EE105A002E8F
:1004A00031EE021A02EE107AB1F84674B8EE444A00
:1004B000B8EE422A18BF0132B1F8865833EE043A3A
:1004C00031EE021A02EE106A04EE105A0795B1F8E6
:1004D00086640028B8EE422AB8EE444A18BF0132BA
:1004E00031EE021A02EE100AB1F8C65833EE043AA1
:1004F0000595B1F8C604B8EE422A04EE105A002F52
:1005000018BF013231EE021A02EE107AB8EE444AF8
:10051000B1F806590495B1F80675B8EE422A002ED6
:1005200033EE043A04EE105A18BF013231EE021ACB
:1005300002EE106AB8EE444AB1F846690396002804
:10054000B8EE422A33EE043A04EE106A18BF0132C4
:1005500031EE021A02EE100AB8EE444A002FB1F84A
:100560004605B8EE422A31EE021A02EE107AB1F8D0
:1005700086790197B8EE422A18BF0132002831EE81
:10058000021A33EE042A03EE107A18BF0132B1F8D2
:10059000C6B904EE100AB8EE433AB1F88675B1F860
:1005A000C605002FB8EE444A32EE032A03EE10BA15
:1005B00018BF0132B1F8065A0028B8EE433AB1F834
:1005C0000666009531EE041A18BF013232EE032A96
:1005D00003EE105A002E04EE107A18BF0132B8EE66
:1005E000433AB1F8468AB1F846A6B8EE444AB1F8A3
:1005F000867632EE032A03EE108A0297BAF1000FD4
:1006000018BF0132B8EE433AB1F8869A002FB1F81C
:10061000C676069731EE041A32EE032A03EE109ADC
:1006200018BF0132002F04EE100AB8EE433A18BF8B
:100630000132B1F8C65AB8EE444A32EE032AB1F894
:10064000064703EE105AB1F846E70994002CCDF89E
:100650002CE031EE041AB8EE433A04EE106A18BFEB
:100660000132BEF1000F18BF0132B1F8064B32EE75
:10067000032A002BB8EE444A03EE104A18BF0123A8
:10068000BCF1000F31EE041AB8EE433A04EE10AAA2
:1006900018BF0133B1F846EB0A9F32EE032A002F50
:1006A00003EE10EAB8EE444A18BF013392B2089F35
:1006B000B8EE433A002F18BF0133B1F886CB079844
:1006C00032EE032A002803EE10CA31EE041A18BFD6
:1006D00001330598B8EE433A002818BF0133B1F84A
:1006E000C60B049F32EE032A002F03EE100A18BF38
:1006F0000133039FB8EE433A002F18BF0133B1F81E
:10070000066C019F32EE032A002F03EE106A18BF19
:100710000133BBF1000FB8EE433A18BF0133B1F813
:1007200046BC009F32EE032A002F03EE10BA18BF1A
:100730000133B8F1000FB8EE433A18BF0133B1F8F6
:10074000868CB9F1000F32EE032A03EE108A18BF2F
:100750000133002DB8EE433A18BF0133B1F8C65C3F
:10076000002C32EE032A03EE105A18BF0133029F09
:10077000BEF1000FB8EE433A04EE107A18BF013311
:10078000B1F8067DBCF1000F32EE032A03EE107AB9
:10079000B8EE444A18BF01330028B8EE433A18BFF8
:1007A0000133B1F8460D002E32EE032A03EE100A93
:1007B00031EE041A18BF0133069EBBF1000FB8EEEC
:1007C000433A04EE106A18BF0133B1F8866DB8F1F0
:1007D000000F32EE032A03EE106AB8EE444A18BF47
:1007E0000133002DB8EE433A18BF0133B1F8C65DAE
:1007F000002F32EE032A03EE105A31EE041A18BF0E
:10080000013300280998B8EE433A04EE100A18BFE5
:100810000133B1F8060E002E32EE032A4FF0000627
:1008200003EE100AB8EE444A18BF01330B9F002DA7
:10083000B8EE433A31EE041A04EE107AB1F8467E6F
:1008400032EE032A03EE107AB8EE444A18BF0133A1
:100850000028B1F8860EB8EE433A31EE041A04EEE1
:10086000102A18BF013332EE032A03EE100A002FBC
:10087000B8EE444A18BF0133B8EE433A0028B1F845
:10088000C60E81EE041A18BF013332EE032A03EEBE
:10089000100A0028B7EEC11A18BF0133B8EE433A68
:1008A00098B200239FEDB64B32EE032A03EE100AF6
:1008B00021EE041B41F2C60001EB000CB8EE433AF6
:1008C000B7EEC11B82EE032AB7EEC11A9FEDAE3B15
:1008D000B7EEC22AA2EE031B9FEDAF2AC8183CF860
:1008E0000320B0F8068FB0F846EFB0F8869FB0F856
:1008F000C6AF03EE108A0CEB0300B8F1000F03F54E
:10090000707330F8C0BC30F8807CB8EE433A30F8F1
:10091000404CB0F8405018BF013632EE032A03EEC7
:1009200010EABEF1000FB0F880E018BF0136B8EE53
:10093000433AB9F1000F18BF0136B0F8C080BAF1E0
:10094000000F32EE032A03EE109A18BF0136BBF1F6
:10095000000FB8EE433A18BF0136002F32EE032ADB
:1009600003EE10AAB8EE433A32EE032A03EE10BAB1
:10097000B8EE433A32EE032A03EE107AB0F8007173
:1009800018BF0136B8EE433A002C18BF0136002AD2
:1009900032EE032A03EE104AB8EE433A32EE032A4F
:1009A00003EE102AB0F8402118BF0136B8EE433AE2
:1009B000002D18BF0136BEF1000F32EE032A03EE00
:1009C000105AB0F8805118BF0136B8EE433AB8F16A
:1009D000000F18BF0136B0F8C001002F32EE032A15
:1009E00003EE10EA18BF0136002AB8EE433A18BFEA
:1009F0000136002D32EE032A03EE108A18BF0136AD
:100A00000028B8EE433A18BF0136B3F5706F32EEE6
:100A1000032A03EE107AB8EE433A32EE032A03EECD
:100A2000102AB8EE433A32EE032A03EE105AB8EE1B
:100A3000433A32EE032A03EE100AB8EE433A32EE9E
:100A4000032A7FF44BAFB0B2B7EEC00AB7EEC11BBA
:100A500003EE100A0C98B7EEC11AB8EE433A82EED4
:100A6000032A9FED4B3BB7EEC22AA2EE031B26E002
:100A7000B2F93650EA1E12F1060F31D845F256523D
:100A80009FED451A6A43130C03EBD272520012B267
:100A9000AA422DDDA91AB7EEC00A02EE101A9FED88
:100AA000343BB8EEC22A81EE021A02EE105AB8EEBA
:100AB000C22BB7EEC11A83EE022B22EE011B9FED73
:100AC0002E2BB7EEC11B32EE400BB7EEC11A31EE42
:100AD000000BB7EEC00B80ED030A0DB0BDE8F08F40
:100AE0009FED2D0A80ED030A0DB0BDE8F08F00BF29
:100AF000134600BF1FB2AF4201EB8716B6F908607C
:100B000002EE106AB8EEC22A31EE021AC2DA43F0DF
:100B100001073FB201EB8717B7F9087002EE107AB0
:100B20009F1C3FB2AF42B8EEC22A31EE021AB1DCCE
:100B300001EB8717B7F9087002EE107ADF1C3FB29D
:100B4000AF42B8EEC22A31EE021AA3DC01EB8717DE
:100B500004331BB2B7F90870AB4202EE107AB8EE5C
:100B6000C22A31EE021AC5DD94E700BF00BF00BF04
:100B70000000000000805B4000000000008057C0C3
:100B80009A9999999999D93FCDCCCCCCCCCCDC3FD2
:100B9000333333333333C33F000000005FEA400C8C
:100BA00008BF91F0000F4FEA8C234FEAC12243EABD
:100BB00051514FEA1C5018BF00F5F0404FEA300089
:100BC00018BF41F000415FEA6C5C00F02980BCF185
:100BD000FF3F08BF40F080407047130C06BF12046F
:100BE0004FF0100C4FF0000C130E04BF12020CF16A
:100BF000080C130F04BF12010CF1040C930F04BF77
:100C000092000CF1020CD30F04BF52000CF1010C46
:100C100011464FF00002A0F11F00A0EB0C0070473E
:100C200011F0004F08BF704731F000413FF4D5AFDD
:100C30000B0C06BF09044FF0100C4FF0000C0B0E0C
:100C400004BF09020CF1080C0B0F04BF09010CF1E1
:100C5000040C8B0F04BF89000CF1020CCB0F04BFF6
:100C600049000CF1010CCCF1200322FA03F341EA14
:100C7000030102FA0CF2A0EB0C0000F10100704736
:100C800023F07F4720F07F4C80EA030000F0004013
:100C9000ACEB070303F57C5303F1FF032DE9804917
:100CA00009B44FEA144324EA03484FEA154B25EAF6
:100CB0000B4E0FF2042606EB13273E7803FB066764
:100CC000C7F5000707FB06F64FEAD64606F102060F
:100CD0004FEA543707FB066CCCF1005C4FEA1C4727
:100CE0002CEA074C0CFB06F507FB06F404EB154653
:100CF0004FEA961649085FEA320234BF00204FF0EF
:100D000000404FEAD13706FB07FC4FEA1C4C0CFBB6
:100D10000BF7D21B03FB0CF761EB07010CFB0EF783
:100D2000B0EB074072EB17420CFB08F734BFA2EBA5
:100D30000742B2EB074261EB17414FEA0C444FEA1E
:100D4000910706FB07FC4FEA1C4C0CFB0BF7B0EBC2
:100D5000C74072EB573203FB0CF734BFA2EBC7421C
:100D6000B2EBC74261EB57310CFB0EF7B0EBC7009B
:100D700072EB57720CFB08F734BFA2EBC702B2EB61
:100D8000C70261EB57714FEA816141EA92114FEA64
:100D9000826242EA90124FEA806004EBCC04039F27
:100DA0004FEAD13706FB07FC4FEA1C4C0CFB0BF754
:100DB000D21B03FB0CF761EB07010CFB0EF7B0EB4A
:100DC000074072EB17420CFB08F734BFA2EB074257
:100DD000B2EB074261EB17414FEA8C5504EB9C24C0
:100DE0004FEA910706FB07FC4FEA1C4C0CFB0BF784
:100DF000B0EBC74072EB573203FB0CF734BFA2EBEA
:100E0000C742B2EBC74261EB57310CFB0EF7B0EBB8
:100E1000C70072EB57720CFB08F734BFA2EBC70296
:100E2000B2EBC70261EB57714FEA816141EA92115F
:100E30004FEA826242EA90124FEA806015EB4C253D
:100E400044F100044FEAD13706FB07FC4FEA1C4C83
:100E50000CFB0BF7D21B03FB0CF761EB07010CFB40
:100E60000EF7B0EB074072EB17420CFB08F734BFEC
:100E7000A2EB0742B2EB074261EB17414FEA813127
:100E800041EA92414FEA823242EA90424FEA803090
:100E90004FEA0C7615EB1C1544F1000448EA0343B5
:100EA0004EEA0B484FF0000EB2EB080C71EB030753
:100EB00024BF624639464EEB0E0E4FF0000B001871
:100EC000524149414BEB0B0BB2EB080C71EB0307A2
:100ED0007BF1000B24BF624639464EEB0E0E4FF0FD
:100EE000000B0018524149414BEB0B0BB2EB080CC5
:100EF00071EB03077BF1000B24BF624639464EEBD2
:100F00000E0E51EA020718BF46F0010616EB0E76E8
:100F100055F1000254F1000103D5BDE88901BDE897
:100F20000088BDE88901BDE80048B619524141EB8F
:100F30000101A3F10103704780807F7E7D7C7B7A75
:100F40007978777676757473727171706F6E6E6D75
:100F50006C6C6B6A6A69686867666665646463631B
:100F600062616160605F5F5E5E5D5D5C5C5B5B5AA1
:100F70005A5959585857575656555555545453530E
:100F800052525251515050504F4F4F4E4E4D4D4D69
:100F90004C4C4C4B4B4B4A4A4A49494948484847B4
:100FA00047474746464645454544444444434343F2
:100FB00043424242424141419C46002B30D477009B
:100FC0002BD04FEA37071CB503B44FF010004FF099
:100FD0001001BAF1000F06D0BCF1000FDCBF40F0E9
:100FE000080040F008014FF000000FBCBDE81040C1
:100FF0000BF1010BBBF1010F08BF5FEA170722BF1E
:1010000012F1010211F101014FF0004143F100031F
:1010100000F0004043EA00007047F9D35708D0E7DA
:1010200046EA06464FEA164613F1400F1FDD13F15C
:10103000200FDFBF16430A46002120335B42BED09B
:10104000C3F1200746EA06464FEA164602FA07F7BA
:1010500046EA070622FA03F2C3F1200701FA07F76E
:1010600042EA070221FA03F14FF00003A7E746EA3C
:10107000020646EA06464FEA164646EA0106BCBFA5
:1010800046EA0646360C4FF000034FF000024FF0E0
:10109000000194E72DE9804C70B49A46934691E89C
:1010A000380007C831EA400C48BF34EA430C03D586
:1010B000FFF7E6FDFFF780FFF0BCBDE8008C2DE9EF
:1010C000804C70B49A46934691E8380007C810F0F7
:1010D000804F08BF13F0804F03D100F005F8FFF7F1
:1010E0006BFFF0BCBDE8008C20F07F4723F07F4C05
:1010F00080EA030000F0004007EB0C03A3F57C53EB
:10110000A3F1FE0392F0000F00F0B38095F0000F02
:1011100000F077802DE901494FEA114021EA0048AB
:101120004FEA144624EA064700FB06FC08FB06F6D5
:1011300007FB08F818EB06484CEB164C00FB07F7CA
:1011400018EB07484CEB17404FEA124B22EA0B4EC4
:101150004FEA154625EA06470BFB06FC0EFB06F692
:1011600007FB0EFE1EEB064E4CEB164C0BFB07F777
:101170001EEB074E4CEB174B18EB0B0840F1000031
:1011800018EB0E0B58EB000840F100008F1A4FF0DF
:1011900000014FF000063CBFC943661B14BFB5EB0E
:1011A000040C00213CBFC943F61B4FEA174427EA51
:1011B00004454FEA1C472CEA074C04FB076205FB79
:1011C00007F70CFB05F616EB074642EB174204FB4C
:1011D0000CFC16EB0C4642EB1C421BEB060658EBD4
:1011E000020241414EEA8E0E46EA9E0601D5BDE856
:1011F0000189B619524141EB0101A3F10103BDE898
:1012000001894FEA144524EA05464FEA114721EACD
:10121000074C05FB07F406FB07F70CFB06F111EB87
:10122000074144EB174405FB0CFC11EB0C4144EB6C
:101230001C444FEA124722EA074C05FB07F206FB63
:1012400007F70CFB06F616EB074642EB174205FBC9
:101250000CFC16EB0C4642EB1C456A1854F10001DD
:1012600048BF7047B619524141EB0101A3F1010398
:10127000704795F0000F37D04FEA114221EA02463D
:101280004FEA144724EA074C02FB07F106FB07F775
:101290000CFB06F414EB074441EB174102FB0CFC7A
:1012A00014EB0C4441EB1C414FEA154725EA074C6F
:1012B00002FB07F506FB07F70CFB06F616EB0746E5
:1012C00045EB174502FB0CFC16EB0C4645EB1C42AC
:1012D000121951F1000148BF7047B619524141EB54
:1012E0000101A3F1010370474FEA144524EA0546C2
:1012F0004FEA114721EA074C05FB07F106FB07F708
:101300000CFB06F212EB074241EB174105FB0CFC0C
:1013100012EB0C4251EB1C414FF0000648BF7047E6
:10132000921841EB0101A3F10103704703B4019846
:101330004100009850EAC12018BF04204A0D18BF90
:1013400040F0010040F2FF72B2EB515F08BF40F085
:101350000200012808BF052002B0704730380A2873
:1013600001D20120704700207047000010B500290D
:101370000AD00878002807D005487844F0F728F804
:10138000002801D0002010BD0248784410BD0000A4
:10139000DE110000D611000010B500290AD008782F
:1013A000002807D005487844F0F712F8002801D04B
:1013B000002010BD0248784410BD0000CE1100008E
:1013C000C6110000F1EE100A4FF6FF71C0F2C031F5
:1013D00020EA010040F04070E1EE100A7047EFF79C
:1013E0009CBBEFF7D1BC0000000000000000000033
:1013F000303132333435363738394142434445464B
:101400004030580030313233343536373839616244
:101410006364656640307800040000080000000046
:101420000000000200010000103031323334353644
:101430003738396162636465667870003031323301
:101440003435363738394142434445465850000018
:1014500002400000000000A0000000000540000065
:10146000000000C8000000000C4000000000409C8C
:1014700000000000194000000020BCBE0000000079
:1014800034400000BFC91B8E00000004B5400000BE
:10149000504BCFD06607E2CF010000006C41000046
:1014A0003E8251AADFEEA73401000000D9420000BD
:1014B000DCB5A0E23A301F97FFFFFFFFB445000004
:1014C000FD25A0C8E9A3C14FFFFFFFFFFF3F0000BC
:1014D0000000008000000000FF3F000000000080CE
:1014E000000000000842E00700F81F001FF800009D
:1014F00000000000000000000000000000000000EC
:1015000000000000000000000000000000000000DB
:10151000000000000000000000000000300030006B
:10152000300030003000200020002000200020008B
:10153000000000003000300000000000000000004B
:10154000D800D8006C002400120000000000000049
:10155000000000000000000000000000000000008B
:1015600000000000000000000000000000008400F7
:1015700084008400FF0184008400C6004200420011
:10158000FF01420042004200000000000000000095
:10159000000000002000F80024012401A40128001C
:1015A00030006000A00020012C0124012401F8007B
:1015B0002000200000000000000000000000860065
:1015C00049004900290029001900D60028012801F6
:1015D000280124012401C2000000000000000000D6
:1015E0000000000000000C00120012001200EA00CF
:1015F0004600460025002900390011003201CC00C8
:1016000000000000000000000600060004000200C8
:1016100001000000000000000000000000000000C9
:1016200000000000000000000000000000000000BA
:101630000001800040002000200020001000100069
:1016400010001000100010002000200020004000BA
:1016500080000001000000000100020004000800FA
:10166000080008001000100010001000100010000A
:10167000080008000800040002000100000000004B
:101680000000000000000000200020002603AE0340
:1016900070007000AE032603200020000000000050
:1016A000000000000000000000000000000000003A
:1016B0001000100010001000FF01100010001000BA
:1016C000100000000000000000000000000000000A
:1016D000000000000000000000000000000000000A
:1016E00000000000000000000000000006000600EE
:1016F00004000200010000000000000000000000E3
:101700000000000000000000FE03000000000000D8
:1017100000000000000000000000000000000000C9
:1017200000000000000000000000000000000000B9
:10173000000000000000000000000000060006009D
:101740000000000000000000000200010001800015
:101750008000C00040006000200030001000180031
:10176000080008000400040002000000000000005F
:1017700000000000000078008400840002010201E3
:1017800002010201020102010201840084007800CA
:101790000000000000000000000000000000100039
:1017A0001C001000100010001000100010001000AD
:1017B0001000100010007C0000000000000000007D
:1017C0000000000000007C00820002010201020112
:1017D0008000400020001000080004010201FE010A
:1017E00000000000000000000000000000003C00BD
:1017F0004200820082004000700080000001000171
:101800000201020182007C000000000000000000D4
:101810000000000040004000600050004800480008
:10182000440042004200FE01400040004000F00140
:101830000000000000000000000000000000FC01AB
:10184000040004000400040074008C000001000186
:101850000201020182007C00000000000000000084
:10186000000000000000F000080104010400020074
:101870007A0086000201020102010401840078005E
:101880000000000000000000000000000000FE0159
:1018900082004200400020001000100008000800F4
:1018A0000800080008000800000000000000000018
:1018B0000000000000007800840002010201020123
:1018C0008400780084000201020102018400780093
:1018D0000000000000000000000000000000780090
:1018E00084008200020102010201840178010001EA
:1018F0008000820042003C00000000000000000068
:101900000000000000000000000000003000300077
:101910000000000000000000000000003000300067
:1019200000000000000000000000000000000000B7
:101930000000000000001000000000000000000097
:101940000000000000001000100010001000000057
:10195000000000008000400020001000080004008B
:101960000200040008001000200040008000000079
:101970000000000000000000000000000000000067
:1019800000000000FF01000000000000FF01000057
:101990000000000000000000000000000000000047
:1019A00000000000020004000800100020004000B9
:1019B0008000400020001000080004000200000029
:1019C000000000000000000000000000780084001B
:1019D00002010601060100018000400020002000F5
:1019E0002000000030003000000000000000000077
:1019F0000000000000007800C400F2015901490114
:101A0000450125012501A500D900020184007800C7
:101A100000000000000000000000000000001000B6
:101A200010002800280028002800440044007C0002
:101A3000440082008200C701000000000000000096
:101A40000000000000003F0042004200420022006F
:101A50003E004200820082008200820042003F007D
:101A600000000000000000000000000000007801FD
:101A700084010201020101000100010001000100D6
:101A80000101020186007800000000000000000053
:101A90000000000000003F00C200820002010201BD
:101AA00002010201020102010201820042003F0024
:101AB0000000000000000000000000000000FF0027
:101AC00082000201420042007E0042004200020009
:101AD000020002018200FF00000000000000000080
:101AE000000000000000FF008200020142004200EE
:101AF0007E004200420002000200020002000700D5
:101B00000000000000000000000000000000700164
:101B100088010401020102000200020082030201A6
:101B2000020104010C01F0000000000000000000B0
:101B3000000000000000C7018200820082008200D5
:101B40008200FE0082008200820082008200C701C3
:101B50000000000000000000000000000000FE0087
:101B600010001000100010001000100010001000F5
:101B7000100010001000FE00000000000000000037
:101B8000000000000000FC012000200020002000D8
:101B90002000200020002000200020002000210044
:101BA00011000E0000000000000000000000E7012E
:101BB00042002200220012001A0016002200220019
:101BC000420042008200C701000000000000000047
:101BD00000000000000007000200020002000200F6
:101BE0000200020002000200020002018200FF0067
:101BF0000000000000000000000000000000C7011D
:101C0000C600C600C600AA00AA00AA00AA00AA0030
:101C1000920092009200D701000000000000000036
:101C2000000000000000C70186008A008A008A00C8
:101C300092009200A200A200C200C200C20087006F
:101C4000000000000000000000000000000038005C
:101C5000C600820001010101010101010101010130
:101C600001018200C60038000000000000000000F2
:101C70000000000000007F0082000201020102015A
:101C800082007E0002000200020002000200070043
:101C9000000000000000000000000000000038000C
:101CA000C6008200010101010101010101010101E0
:101CB0001901A600A60078004001C0000000000045
:101CC0000000000000003F0042008200820042004D
:101CD0003E001200220022004200420082008701E2
:101CE000000000000000000000000000000078017B
:101CF00084010201020002000C007000800000015B
:101D00000201020186007A000000000000000000CD
:101D1000000000000000FE00110111011000100081
:101D2000100010001000100010001000100038000B
:101D30000000000000000000000000000000C701DB
:101D40008200820082008200820082008200820083
:101D50008200820044003800000000000000000003
:101D6000000000000000C70182008200440044001F
:101D7000440044002800280028003800100010000B
:101D80000000000000000000000000000000BB0197
:101D90009200920092009200AA00AA00AA006A0093
:101DA0004400440044004400000000000000000023
:101DB000000000000000CE0184004400480028001C
:101DC0003000100030002800480048008400CE0198
:101DD0000000000000000000000000000000C7013B
:101DE0008200440044002800280010001000100069
:101DF000100010001000380000000000000000007B
:101E0000000000000000FC0184008200400040004F
:101E10002000100010000800080004018400FE00EB
:101E20000000000000000000F00110001000100091
:101E30001000100010001000100010001000100022
:101E40001000100010001000F00100000000000061
:101E50000000020004000400080008000800100050
:101E60001000200020002000400040008000800082
:101E700080000001000000003E0020002000200043
:101E80002000200020002000200020002000200052
:101E900020002000200020003E0000000000000084
:101EA000380028004400000000000000000000008E
:101EB0000000000000000000000000000000000022
:101EC0000000000000000000000000000000000012
:101ED0000000000000000000000000000000000002
:101EE000000000000000000000000000FF030000F0
:101EF00018002000000000000000000000000000AA
:101F000000000000000000000000000000000000D1
:101F100000000000000000000000000000000000C1
:101F20000000000000007C0082008200F0008C00B5
:101F300082008200C202BC0300000000000000001A
:101F400000000000000003000200020002003A004E
:101F500046008200820082008200820046003A0031
:101F60000000000000000000000000000000000071
:101F700000000000000078008400820002000200DF
:101F80000200020184007800000000000000000050
:101F9000000000000000C000800080008000B80049
:101FA000C40082008200820082008200C400B80166
:101FB0000000000000000000000000000000000021
:101FC000000000000000780084000201FE01020011
:101FD0000200020184007800000000000000000000
:101FE000000000000000E001100210001000FC00E2
:101FF0001000100010001000100010001000FC0075
:1020000000000000000000000000000000000000D0
:10201000000000000000F8018400840084008400B7
:10202000780004007C00840102010201FC00000031
:1020300000000000000003000200020002007A001D
:102040008600820082008200820082008200C70136
:102050000000000000000000000000000000180068
:102060001800000000001C001000100010001000FC
:102070001000100010007C000000000000000000B4
:102080000000000000006000600000000000700020
:102090004000400040004000400040004000400040
:1020A000400022001E0000000000000000000300AD
:1020B000020002000200E200220012000A001600E4
:1020C000220042008200C701000000000000000062
:1020D0000000000000001E001000100010001000A2
:1020E0001000100010001000100010001000FE0082
:1020F00000000000000000000000000000000000E0
:102100000000000000007F00920092009200920008
:10211000920092009200B701000000000000000051
:1021200000000000000000000000000000007B0034
:102130008600820082008200820082008200C70145
:10214000000000000000000000000000000000008F
:10215000000000000000780084000201020102017A
:10216000020102018400780000000000000000006D
:1021700000000000000000000000000000003B0024
:1021800046008200820082008200820046003A00FF
:102190000200020007000000000000000000000034
:1021A000000000000000B800C4008200820082002D
:1021B00082008200C400B80080008000C0010000DE
:1021C0000000000000000000000000000000CE0140
:1021D00028011800080008000800080008003E0058
:1021E00000000000000000000000000000000000EF
:1021F000000000000000BC00C200820006003800A1
:10220000C000820086007A0000000000000000008C
:102210000000000000000000100010001000FC0092
:10222000100010001000100010001000900060005E
:10223000000000000000000000000000000000009E
:10224000000000000000C3008200820082008200C3
:1022500082008200C200BC010000000000000000FB
:102260000000000000000000000000000000C701A6
:1022700082004400440044002800280010001000A0
:10228000000000000000000000000000000000004E
:10229000000000000000BB01920092009200AA0022
:1022A000AA004400440044000000000000000000B8
:1022B0000000000000000000000000000000CE014F
:1022C0008400480030003000300048008400CE0117
:1022D00000000000000000000000000000000000FE
:1022E000000000000000EE01840088004800480063
:1022F0005000300020001000100010000C00000002
:102300000000000000000000000000000000FE00CF
:102310004200220020001000080084008200FE001D
:10232000000000000000000080014000400040006C
:10233000400040004000600010006000400040008D
:1023400040004000400040004000800100002000AC
:10235000200020002000200020002000200020007D
:10236000200020002000200020002000200020006D
:1023700020002000200000000600080008000800DF
:1023800008000800080018002000180008000800D5
:1023900008000800080008000800060000001C00F3
:1023A00026022203C001000000000000000000001F
:1023B000000000000000000000000000000000001D
:1023C0000000000000000000000001020304010200
:1023D000030406070809FF011280FF002CFF2EDF0F
:1023E000FF013C322C0C33783A333BFB3E00431167
:1023F0001610399235DA221A37C3361A4C005B00B0
:1024000042034A8121995C0063007C056C006D8069
:102410006E007002719473C12080283037C03D383F
:102420006D002300068807C00D870E4111000902C8
:1024300004281240144815003209038A460024403B
:102440002538268234C06170628017111843190143
:102450001A9713E50C3A4FBB509C5A23FF00E57FB7
:10246000412476FF33A0422043184C00D703D910F3
:10247000883FC808C9807C007D007C037D487D487A
:102480007C087D207D107D0E9000910E911A913177
:10249000915A91699175917E9188918F919691A3AE
:1024A00091AF91C491D791E891209200930693E364
:1024B0009305930593009304930093009300930076
:1024C0009300930093009600970897199702970C32
:1024D0009724973097289726970297989780970088
:1024E0009700A400A800C511C651BF80C710B666EA
:1024F000B8A5B764B97CB3AFB497B5FFB0C5B19414
:10250000B20FC45C7F00F9C0E01487D0C3EDC20EE7
:10251000863DDA09C064C14B8C00500051C8529608
:102520005300540055005700D304E51FE167DD7FD9
:10253000E0000500000000008826010800000020DF
:1025400030000000FC020008B8260108300000201E
:10255000D00401001C0300081C0000004300000020
:10256000F8FFFFFF0C0000000E0000000F0000004D
:102570002E0000001001000043000000F8FFFFFFE4
:102580000040404040404040404041414141414086
:10259000404040404040404040404040404040403B
:1025A00040050202020202020202020202020202CA
:1025B00002202020202020202020200202020202CF
:1025C0000202909090909090101010101010101027
:1025D0001010101010101010101010100202020233
:1025E0000202888888888888080808080808080877
:1025F0000808080808080808080808080202020273
:10260000400000000000000000000000000000008A
:1026100000000000000000000000000000000000BA
:1026200000000000000000000000000000000000AA
:10263000000000000000000000000000000000009A
:10264000000000000000000000000000000000008A
:10265000000000000000000000000000000000007A
:10266000000000000000000000000000000000006A
:10267000000000000000000000000000000000005A
:102680000000000000000000010000001000000039
:102690000090D0030090D003EE1401080A0014004B
:1026A0002800000000000000010000000000000001
:0826B0000100000000004040A1
:040000050800029954
:00000001FF
